time,L_knee,L_ankle_pitch,L_ankle_roll,R_knee,R_ankle_pitch,R_ankle_roll
1.306760382652282715e+01,1.500792354345321655e-01,5.355498313903808594e+00,4.168595969676971436e-01,-9.465835094451904297e-01,5.603149414062500000e+00,2.717071771621704102e-01
1.307388591766357422e+01,1.665357500314712524e-01,5.356197357177734375e+00,5.425674319267272949e-01,-9.458490014076232910e-01,5.604593276977539062e+00,2.721693217754364014e-01
1.309231710433959961e+01,8.871009063720703125e+01,1.128355979919433594e+01,3.085880041122436523e+00,8.756594848632812500e+01,1.219989681243896484e+01,-3.697348117828369141e+00
1.311064291000366211e+01,4.350406169891357422e+00,1.384422492980957031e+01,6.268090724945068359e+00,1.934182929992675781e+01,1.405048561096191406e+01,-7.569601535797119141e+00
1.313067364692687988e+01,4.301545143127441406e+00,1.502367305755615234e+01,7.768854141235351562e+00,2.227555847167968750e+01,1.621725463867187500e+01,-8.136914253234863281e+00
1.315086245536804199e+01,-3.737869262695312500e+00,1.300906753540039062e+01,5.582595825195312500e+00,1.620516204833984375e+01,2.236622810363769531e+01,-9.574871063232421875e+00
1.317094469070434570e+01,-1.169015121459960938e+01,1.715302467346191406e+01,5.107863426208496094e+00,6.913554668426513672e+00,2.108131217956542969e+01,-5.698817253112792969e+00
1.319106054306030273e+01,-1.495809173583984375e+01,2.011127471923828125e+01,4.805639743804931641e+00,-9.786535501480102539e-01,2.693186569213867188e+01,-6.668386936187744141e+00
1.321120238304138184e+01,-2.005184173583984375e+01,2.741152381896972656e+01,1.814342975616455078e+00,-9.721278190612792969e+00,3.907486724853515625e+01,-5.418096065521240234e+00
1.323117971420288086e+01,-9.588334083557128906e+00,2.788323020935058594e+01,-3.451823949813842773e+00,-8.482607841491699219e+00,3.935441589355468750e+01,7.093054056167602539e-01
1.325139260292053223e+01,-5.144467830657958984e+00,1.824011421203613281e+01,-9.870288848876953125e+00,-6.334457874298095703e+00,3.764000320434570312e+01,5.830397129058837891e+00
1.327155590057373047e+01,6.391839981079101562e-01,9.006325721740722656e+00,-1.308544635772705078e+01,-9.284277915954589844e+00,2.939334106445312500e+01,1.025432586669921875e+01
1.329160451889038086e+01,2.436820268630981445e+00,2.841974020004272461e+00,-1.338359737396240234e+01,-1.076727390289306641e+01,2.047149467468261719e+01,1.244468784332275391e+01
1.331177330017089844e+01,2.715071678161621094e+00,-5.918106436729431152e-01,-1.132949924468994141e+01,-9.158460617065429688e+00,1.441753864288330078e+01,1.198291301727294922e+01
1.333180975914001465e+01,3.070729970932006836e+00,-2.399355411529541016e+00,-9.991936683654785156e+00,-5.340668678283691406e+00,1.150805854797363281e+01,1.075641918182373047e+01
1.335190200805664062e+01,5.398499011993408203e+00,-3.873947143554687500e+00,-8.697608947753906250e+00,-3.655004739761352539e+00,9.511742591857910156e+00,9.713145256042480469e+00
1.337221384048461914e+01,5.020071983337402344e+00,3.421762228012084961e+00,-1.065992546081542969e+01,-1.755681037902832031e+00,6.558195590972900391e+00,5.985964298248291016e+00
1.339343595504760742e+01,8.835716247558593750e+00,4.188140392303466797e+00,-5.788888931274414062e+00,-4.561693191528320312e+00,9.242384910583496094e+00,2.944778680801391602e+00
1.341362380981445312e+01,7.406767845153808594e+00,8.085947990417480469e+00,-3.248101472854614258e+00,-2.841240167617797852e+00,1.474762630462646484e+01,7.050538659095764160e-01
1.343245840072631836e+01,6.441298007965087891e+00,1.297199153900146484e+01,-3.305831253528594971e-01,-1.220852971076965332e+00,1.995470619201660156e+01,-6.997526884078979492e-01
1.345270824432373047e+01,6.940831661224365234e+00,1.440324115753173828e+01,2.526098012924194336e+00,1.314509868621826172e+00,2.190378379821777344e+01,-2.459745883941650391e+00
1.347360491752624512e+01,6.899494647979736328e+00,1.547735214233398438e+01,4.474914550781250000e+00,4.116529464721679688e+00,2.373469543457031250e+01,-3.976688861846923828e+00
1.349259710311889648e+01,6.571616172790527344e+00,1.561090755462646484e+01,5.275498867034912109e+00,5.966175556182861328e+00,2.407517433166503906e+01,-4.870406150817871094e+00
1.351269245147705078e+01,6.108174800872802734e+00,1.470869159698486328e+01,5.931826114654541016e+00,6.334551334381103516e+00,2.321867370605468750e+01,-5.510918617248535156e+00
1.353357696533203125e+01,5.469988346099853516e+00,1.320071697235107422e+01,6.015027523040771484e+00,6.747230529785156250e+00,2.161700248718261719e+01,-5.772863388061523438e+00
1.355366325378417969e+01,5.080675125122070312e+00,1.136673069000244141e+01,5.822193622589111328e+00,6.867302417755126953e+00,1.959602355957031250e+01,-5.735309123992919922e+00
1.357428717613220215e+01,4.913625717163085938e+00,9.801755905151367188e+00,5.332787036895751953e+00,7.107744693756103516e+00,1.764502716064453125e+01,-5.441103458404541016e+00
1.359441018104553223e+01,5.052577018737792969e+00,8.155139923095703125e+00,4.640202522277832031e+00,6.690850734710693359e+00,1.603382873535156250e+01,-5.055984497070312500e+00
1.361450552940368652e+01,4.718469142913818359e+00,5.488381862640380859e+00,3.432155609130859375e+00,5.703325748443603516e+00,1.431369495391845703e+01,-4.553693294525146484e+00
1.363445162773132324e+01,5.250197887420654297e+00,4.413962841033935547e+00,2.438732862472534180e+00,4.849455356597900391e+00,1.323245048522949219e+01,-3.821788311004638672e+00
1.365477252006530762e+01,4.686613082885742188e+00,2.400661945343017578e+00,9.826225638389587402e-01,4.007016658782958984e+00,1.225539684295654297e+01,-3.101535558700561523e+00
1.367474269866943359e+01,5.010262012481689453e+00,2.170124530792236328e+00,7.546094059944152832e-01,3.024354934692382812e+00,1.116906738281250000e+01,-2.319212198257446289e+00
1.372436118125915527e+01,5.509548664093017578e+00,2.096791267395019531e+00,-1.333781778812408447e-01,2.357302904129028320e+00,1.134388828277587891e+01,-1.571023821830749512e+00
1.372860336303710938e+01,5.822567939758300781e+00,3.126868486404418945e+00,7.646818161010742188e-01,2.294883966445922852e+00,1.164636993408203125e+01,-1.641300201416015625e+00
1.374655699729919434e+01,5.676311016082763672e+00,5.095142841339111328e+00,1.083746999502182007e-01,1.992769837379455566e+00,1.288039588928222656e+01,-7.954444885253906250e-01
1.376667118072509766e+01,5.686476707458496094e+00,7.050546169281005859e+00,4.445264637470245361e-01,2.095732927322387695e+00,1.464882755279541016e+01,-9.438663125038146973e-01
1.378679943084716797e+01,5.738026618957519531e+00,8.731400489807128906e+00,8.693197965621948242e-01,2.510138988494873047e+00,1.627732086181640625e+01,-1.180245280265808105e+00
1.380687999725341797e+01,5.836716175079345703e+00,9.954497337341308594e+00,1.370882153511047363e+00,3.312548160552978516e+00,1.749867057800292969e+01,-1.464975714683532715e+00
1.382695770263671875e+01,5.743134021759033203e+00,1.074755477905273438e+01,1.732933044433593750e+00,3.600974082946777344e+00,1.807599067687988281e+01,-2.411815643310546875e+00
1.384693789482116699e+01,5.725980281829833984e+00,1.062792778015136719e+01,2.016594409942626953e+00,4.357508182525634766e+00,1.785745620727539062e+01,-2.306370496749877930e+00
1.386682534217834473e+01,5.629831790924072266e+00,9.864291191101074219e+00,2.106073856353759766e+00,4.826608657836914062e+00,1.702089500427246094e+01,-2.425497293472290039e+00
1.388688397407531738e+01,5.475924968719482422e+00,8.728020668029785156e+00,2.076566934585571289e+00,5.075390338897705078e+00,1.588343620300292969e+01,-2.251381397247314453e+00
1.390705919265747070e+01,5.475269317626953125e+00,7.659797191619873047e+00,1.918149590492248535e+00,4.941884994506835938e+00,1.461628532409667969e+01,-2.554469585418701172e+00
1.392708802223205566e+01,5.470794200897216797e+00,6.673357009887695312e+00,1.732331037521362305e+00,5.099647521972656250e+00,1.362222099304199219e+01,-2.166497707366943359e+00
1.394728159904479980e+01,5.534463882446289062e+00,5.901403427124023438e+00,1.518139362335205078e+00,4.794882297515869141e+00,1.267848491668701172e+01,-2.492215633392333984e+00
1.396735382080078125e+01,5.615077018737792969e+00,5.407769203186035156e+00,1.329255223274230957e+00,4.639441967010498047e+00,1.203319644927978516e+01,-2.274099111557006836e+00
1.398745751380920410e+01,5.644874095916748047e+00,5.100643634796142578e+00,1.165912985801696777e+00,4.439875602722167969e+00,1.162782669067382812e+01,-2.329579591751098633e+00
1.400761413574218750e+01,5.642008304595947266e+00,4.980966567993164062e+00,1.061247229576110840e+00,4.320532321929931641e+00,1.140657234191894531e+01,-2.369069814682006836e+00
1.402773237228393555e+01,5.613773822784423828e+00,5.005701541900634766e+00,1.010510444641113281e+00,4.199685573577880859e+00,1.136151313781738281e+01,-2.372931718826293945e+00
1.404852819442749023e+01,5.623613357543945312e+00,5.200780868530273438e+00,7.642850279808044434e-01,3.861931085586547852e+00,1.095709896087646484e+01,-2.172158479690551758e+00
1.406853675842285156e+01,5.574457168579101562e+00,5.071241378784179688e+00,2.465252727270126343e-01,3.024284839630126953e+00,1.077151489257812500e+01,-1.395273208618164062e+00
1.408818912506103516e+01,5.726488113403320312e+00,5.171298503875732422e+00,4.192186892032623291e-02,2.624946832656860352e+00,1.091732597351074219e+01,-1.173442959785461426e+00
1.410849857330322266e+01,6.021308898925781250e+00,5.509593486785888672e+00,-9.130980074405670166e-02,2.557850837707519531e+00,1.123002243041992188e+01,-9.766514301300048828e-01
1.412896680831909180e+01,6.059234142303466797e+00,5.562922000885009766e+00,-2.033171616494655609e-02,2.451161384582519531e+00,1.123494338989257812e+01,-1.145539760589599609e+00
1.414904618263244629e+01,6.260621070861816406e+00,6.198948860168457031e+00,6.351395696401596069e-02,2.361463785171508789e+00,1.188683223724365234e+01,-1.049834012985229492e+00
1.416899538040161133e+01,6.612700462341308594e+00,6.975752353668212891e+00,2.499861568212509155e-01,2.422992467880249023e+00,1.274964237213134766e+01,-1.263616681098937988e+00
1.418904089927673340e+01,6.796796321868896484e+00,7.812805652618408203e+00,6.321256756782531738e-01,2.689277648925781250e+00,1.374070262908935547e+01,-1.482433080673217773e+00
1.420940804481506348e+01,6.781435966491699219e+00,8.578113555908203125e+00,8.689216375350952148e-01,2.753679513931274414e+00,1.471506118774414062e+01,-1.800060391426086426e+00
1.422951412200927734e+01,6.674455165863037109e+00,8.841624259948730469e+00,1.228194713592529297e+00,2.971003770828247070e+00,1.511025619506835938e+01,-1.815566062927246094e+00
1.424956178665161133e+01,6.676647186279296875e+00,9.011577606201171875e+00,1.370607376098632812e+00,3.166435718536376953e+00,1.558208751678466797e+01,-1.744816303253173828e+00
1.426947736740112305e+01,6.482800006866455078e+00,8.830191612243652344e+00,1.601853728294372559e+00,3.352627277374267578e+00,1.560152816772460938e+01,-1.854868769645690918e+00
1.428951501846313477e+01,6.343373775482177734e+00,8.600469589233398438e+00,1.692876935005187988e+00,3.275272369384765625e+00,1.562318897247314453e+01,-2.281329631805419922e+00
1.430968451499938965e+01,6.180253505706787109e+00,8.281961441040039062e+00,1.685282945632934570e+00,3.333598613739013672e+00,1.565331554412841797e+01,-2.329736471176147461e+00
1.433043789863586426e+01,6.013546943664550781e+00,7.799952030181884766e+00,1.817176222801208496e+00,3.437920808792114258e+00,1.544744014739990234e+01,-2.135775566101074219e+00
1.435031890869140625e+01,5.988422393798828125e+00,7.366126060485839844e+00,1.729958057403564453e+00,3.014748334884643555e+00,1.553991889953613281e+01,-2.562451601028442383e+00
1.437054395675659180e+01,5.736424446105957031e+00,5.857022762298583984e+00,1.842590928077697754e+00,2.931689262390136719e+00,1.491280078887939453e+01,-2.906839847564697266e+00
1.439071655273437500e+01,5.292192935943603516e+00,4.547995567321777344e+00,2.027122735977172852e+00,3.155261039733886719e+00,1.381065559387207031e+01,-3.686710834503173828e+00
1.441077518463134766e+01,4.746849536895751953e+00,4.000190734863281250e+00,2.189171791076660156e+00,3.000679016113281250e+00,1.330628776550292969e+01,-4.020444393157958984e+00
1.443084406852722168e+01,4.348969459533691406e+00,4.078616142272949219e+00,2.309697866439819336e+00,2.847347021102905273e+00,1.347126674652099609e+01,-4.078884124755859375e+00
1.445089006423950195e+01,4.031884193420410156e+00,4.328573703765869141e+00,2.332580089569091797e+00,2.953639507293701172e+00,1.413365173339843750e+01,-4.251790046691894531e+00
1.447097396850585938e+01,3.670345067977905273e+00,4.649672508239746094e+00,2.299601793289184570e+00,1.181887388229370117e+00,1.417833900451660156e+01,-5.419668197631835938e+00
1.449107122421264648e+01,3.260858297348022461e+00,4.054149150848388672e+00,2.168379783630371094e+00,6.340155005455017090e-01,1.342944335937500000e+01,-5.044173240661621094e+00
1.451125693321228027e+01,3.102102756500244141e+00,2.905554056167602539e+00,2.047708988189697266e+00,7.754088640213012695e-01,1.229859733581542969e+01,-4.406113624572753906e+00
1.453150439262390137e+01,3.264484643936157227e+00,2.065240621566772461e+00,1.746137619018554688e+00,8.537677526473999023e-01,1.148920822143554688e+01,-4.201308250427246094e+00
1.455120897293090820e+01,3.408710241317749023e+00,1.623731255531311035e+00,1.576434850692749023e+00,8.876600861549377441e-01,1.108717823028564453e+01,-3.661805391311645508e+00
1.457137632369995117e+01,3.515664577484130859e+00,1.615433573722839355e+00,1.384868025779724121e+00,8.368470072746276855e-01,1.111480712890625000e+01,-3.564924478530883789e+00
1.459179139137268066e+01,3.495733976364135742e+00,1.701390266418457031e+00,1.274849653244018555e+00,5.950485467910766602e-01,1.111238574981689453e+01,-3.832054376602172852e+00
1.461150741577148438e+01,3.407445430755615234e+00,1.644034385681152344e+00,1.232612609863281250e+00,8.362534642219543457e-01,1.125688266754150391e+01,-3.442292213439941406e+00
1.463154721260070801e+01,3.312327384948730469e+00,1.625758290290832520e+00,1.204696655273437500e+00,9.771199822425842285e-01,1.125860404968261719e+01,-3.678856134414672852e+00
1.465164303779602051e+01,3.420914173126220703e+00,1.865424871444702148e+00,1.143910408020019531e+00,1.058140277862548828e+00,1.153597164154052734e+01,-3.138283729553222656e+00
1.467183780670166016e+01,3.423385858535766602e+00,2.013061523437500000e+00,1.131284236907958984e+00,1.285879373550415039e+00,1.185316181182861328e+01,-3.627131938934326172e+00
1.469206690788269043e+01,3.528583526611328125e+00,2.339306354522705078e+00,1.130337119102478027e+00,1.476431250572204590e+00,1.225730514526367188e+01,-3.477818012237548828e+00
1.471196579933166504e+01,3.396857976913452148e+00,2.511989355087280273e+00,1.146350860595703125e+00,1.811112284660339355e+00,1.286608505249023438e+01,-3.504833459854125977e+00
1.473209810256958008e+01,3.271898031234741211e+00,2.730290412902832031e+00,1.153360128402709961e+00,1.965787649154663086e+00,1.321389102935791016e+01,-3.432165145874023438e+00
1.475223326683044434e+01,3.280658960342407227e+00,3.047943115234375000e+00,1.245103955268859863e+00,2.381424188613891602e+00,1.358078479766845703e+01,-3.658823013305664062e+00
1.477236747741699219e+01,3.179446458816528320e+00,3.419815063476562500e+00,1.310030817985534668e+00,2.732133388519287109e+00,1.420129776000976562e+01,-3.341219902038574219e+00
1.479241180419921875e+01,3.154223203659057617e+00,3.950782060623168945e+00,1.403044581413269043e+00,3.172488451004028320e+00,1.479638767242431641e+01,-3.437157154083251953e+00
1.481254577636718750e+01,3.166182994842529297e+00,4.612222194671630859e+00,1.591904163360595703e+00,3.588702678680419922e+00,1.547134971618652344e+01,-3.708441734313964844e+00
1.483271479606628418e+01,3.142936706542968750e+00,5.173023700714111328e+00,1.756343126296997070e+00,3.855284690856933594e+00,1.596794986724853516e+01,-3.740555047988891602e+00
1.485352897644042969e+01,3.037567615509033203e+00,5.616487026214599609e+00,1.906306266784667969e+00,4.168852329254150391e+00,1.657936096191406250e+01,-3.729675769805908203e+00
1.487361431121826172e+01,2.953058242797851562e+00,6.190162658691406250e+00,2.081118822097778320e+00,4.665709495544433594e+00,1.718542480468750000e+01,-3.693002700805664062e+00
1.489350509643554688e+01,2.974786996841430664e+00,6.934791564941406250e+00,2.212464570999145508e+00,5.039515018463134766e+00,1.784143257141113281e+01,-3.610271692276000977e+00
1.491426014900207520e+01,2.972025394439697266e+00,7.542262077331542969e+00,2.385208129882812500e+00,5.104598999023437500e+00,1.834390449523925781e+01,-3.981681346893310547e+00
1.493424820899963379e+01,2.947464704513549805e+00,7.955976486206054688e+00,2.582948684692382812e+00,5.658408164978027344e+00,1.864416313171386719e+01,-3.664950132369995117e+00
1.495405888557434082e+01,3.074274778366088867e+00,8.572679519653320312e+00,2.237252950668334961e+00,6.020281791687011719e+00,1.900056457519531250e+01,-3.686892747879028320e+00
1.497397136688232422e+01,3.026325702667236328e+00,9.049408912658691406e+00,2.021217584609985352e+00,5.830194473266601562e+00,1.936661148071289062e+01,-3.464429855346679688e+00
1.499407553672790527e+01,3.190837383270263672e+00,9.271634101867675781e+00,1.969547510147094727e+00,5.657114982604980469e+00,1.948457145690917969e+01,-3.257450819015502930e+00
1.501453948020935059e+01,3.626600027084350586e+00,9.374496459960937500e+00,1.869890928268432617e+00,5.505715847015380859e+00,1.941230201721191406e+01,-3.074490785598754883e+00
1.503431439399719238e+01,4.311895847320556641e+00,9.487378120422363281e+00,1.505665779113769531e+00,5.440999984741210938e+00,1.924353408813476562e+01,-2.947001934051513672e+00
1.505463385581970215e+01,2.643310308456420898e+00,1.231920433044433594e+01,2.747440099716186523e+00,4.835348129272460938e+00,2.168368148803710938e+01,-3.311230182647705078e+00
1.507463860511779785e+01,1.489174604415893555e+00,1.856671714782714844e+01,4.324157238006591797e+00,3.944007396697998047e+00,2.758613777160644531e+01,-4.730003833770751953e+00
1.509481930732727051e+01,3.015000224113464355e-01,2.544282913208007812e+01,5.583584785461425781e+00,-1.257786631584167480e+00,2.870349884033203125e+01,-4.898353576660156250e+00
1.511529684066772461e+01,-2.184126973152160645e-01,2.793593788146972656e+01,6.632219791412353516e+00,-8.101629257202148438e+00,3.219635391235351562e+01,-4.872980594635009766e+00
1.513548636436462402e+01,-1.345430374145507812e+00,2.941387939453125000e+01,7.649693012237548828e+00,-1.023266601562500000e+01,3.563558197021484375e+01,-5.144595623016357422e+00
1.515553569793701172e+01,-2.646809577941894531e+00,3.170858955383300781e+01,8.675686836242675781e+00,-8.737851142883300781e+00,3.933859252929687500e+01,-6.441903591156005859e+00
1.517562484741210938e+01,-5.038012981414794922e+00,3.446580886840820312e+01,1.069114971160888672e+01,-5.825852394104003906e+00,4.274817276000976562e+01,-8.582239151000976562e+00
1.519544219970703125e+01,-5.077391624450683594e+00,3.651982879638671875e+01,1.151569938659667969e+01,-2.865499734878540039e+00,4.476969909667968750e+01,-9.081174850463867188e+00
1.521568679809570312e+01,-4.250255584716796875e+00,3.797894668579101562e+01,1.216977500915527344e+01,-1.245702505111694336e+00,4.537731170654296875e+01,-9.609552383422851562e+00
1.523571825027465820e+01,-3.583843946456909180e+00,3.855189132690429688e+01,1.271460914611816406e+01,1.405023634433746338e-01,4.546636199951171875e+01,-8.573369026184082031e+00
1.525581860542297363e+01,-2.777638673782348633e+00,3.850052261352539062e+01,1.269160079956054688e+01,2.077942341566085815e-01,4.493241500854492188e+01,-9.005642890930175781e+00
1.527595710754394531e+01,-2.021505594253540039e+00,3.841591644287109375e+01,1.294781398773193359e+01,1.608960151672363281e+00,4.453513717651367188e+01,-9.258066177368164062e+00
1.529618358612060547e+01,-1.986351132392883301e+00,3.840721893310546875e+01,1.292259502410888672e+01,2.226274967193603516e+00,4.365141296386718750e+01,-9.225591659545898438e+00
1.531626915931701660e+01,-1.996581077575683594e+00,3.802513504028320312e+01,1.283932590484619141e+01,2.213181734085083008e+00,4.227392578125000000e+01,-1.026305103302001953e+01
1.533642387390136719e+01,-3.063392639160156250e+00,3.682080459594726562e+01,1.318456745147705078e+01,2.551887035369873047e+00,4.118625640869140625e+01,-8.165391921997070312e+00
1.535653853416442871e+01,-3.676234483718872070e+00,3.517118453979492188e+01,1.310182285308837891e+01,2.416618108749389648e+00,3.932933425903320312e+01,-8.694613456726074219e+00
1.537666940689086914e+01,-4.042821884155273438e+00,3.308901214599609375e+01,1.301891517639160156e+01,2.296961784362792969e+00,3.710913085937500000e+01,-8.469077110290527344e+00
1.539671254158020020e+01,-4.581880569458007812e+00,3.077746772766113281e+01,1.291432857513427734e+01,1.916321873664855957e+00,3.459779357910156250e+01,-9.228992462158203125e+00
1.541698551177978516e+01,-5.109375000000000000e+00,2.833465576171875000e+01,1.261868190765380859e+01,1.227738857269287109e+00,3.211059188842773438e+01,-8.823843955993652344e+00
1.543696594238281250e+01,-5.812544345855712891e+00,2.613031578063964844e+01,1.267968845367431641e+01,7.728863358497619629e-01,2.982775306701660156e+01,-9.338705062866210938e+00
1.545707964897155762e+01,-7.245886802673339844e+00,2.409712600708007812e+01,1.151937103271484375e+01,8.167695999145507812e-02,2.746014785766601562e+01,-8.869348526000976562e+00
1.547759032249450684e+01,-8.632384300231933594e+00,2.207039451599121094e+01,8.908360481262207031e+00,-5.475597381591796875e-01,2.507648468017578125e+01,-8.545752525329589844e+00
1.549894285202026367e+01,-8.650208473205566406e+00,2.033569526672363281e+01,8.452757835388183594e+00,-1.094632387161254883e+00,2.274207687377929688e+01,-8.116557121276855469e+00
1.551882815361022949e+01,-8.223105430603027344e+00,1.908268165588378906e+01,8.335395812988281250e+00,-1.766890048980712891e+00,2.090065765380859375e+01,-8.427485466003417969e+00
1.553893446922302246e+01,-7.687237739562988281e+00,1.790950012207031250e+01,8.880566596984863281e+00,-2.713356494903564453e+00,1.916636466979980469e+01,-8.734858512878417969e+00
1.555760860443115234e+01,-8.162243843078613281e+00,1.675152206420898438e+01,8.143748283386230469e+00,-3.037752628326416016e+00,1.787390518188476562e+01,-7.535318851470947266e+00
1.560883998870849609e+01,-8.807203292846679688e+00,1.562161636352539062e+01,7.837343692779541016e+00,-4.228447437286376953e+00,1.611429405212402344e+01,-8.345249176025390625e+00
1.561126065254211426e+01,-1.028805732727050781e+01,1.567074203491210938e+01,8.844368934631347656e+00,-5.174791336059570312e+00,1.607265281677246094e+01,-8.381416320800781250e+00
1.563154315948486328e+01,-9.858210563659667969e+00,1.152287292480468750e+01,7.046540260314941406e+00,-6.128696441650390625e+00,1.162936592102050781e+01,-7.569117069244384766e+00
1.565171217918395996e+01,-1.082882213592529297e+01,9.658771514892578125e+00,7.217181205749511719e+00,-7.493998527526855469e+00,9.466304779052734375e+00,-7.769059181213378906e+00
1.567183065414428711e+01,-1.182791996002197266e+01,7.618175506591796875e+00,6.494341850280761719e+00,-8.604024887084960938e+00,7.731403350830078125e+00,-7.341360092163085938e+00
1.569150590896606445e+01,-1.357854270935058594e+01,5.341991901397705078e+00,6.010369777679443359e+00,-1.033068943023681641e+01,5.656763553619384766e+00,-7.389629840850830078e+00
1.571150064468383789e+01,-1.525971221923828125e+01,2.718891143798828125e+00,5.800924777984619141e+00,-1.197485446929931641e+01,3.247419357299804688e+00,-7.091419219970703125e+00
1.573152995109558105e+01,-1.564397907257080078e+01,2.443131059408187866e-01,6.280397891998291016e+00,-1.210784721374511719e+01,1.277860760688781738e+00,-6.125808238983154297e+00
1.575223660469055176e+01,-1.554954910278320312e+01,-3.433086156845092773e+00,6.007688522338867188e+00,-1.271796703338623047e+01,-7.499545812606811523e-01,-7.283036231994628906e+00
1.577473354339599609e+01,-1.843114089965820312e+01,-4.535727500915527344e+00,6.735039710998535156e+00,-1.414043426513671875e+01,-2.514078378677368164e+00,-4.142689228057861328e+00
1.579241037368774414e+01,-2.020864486694335938e+01,-5.261487960815429688e+00,5.427767753601074219e+00,-1.670957374572753906e+01,-3.301348209381103516e+00,-6.207180500030517578e+00
1.581257987022399902e+01,-2.007592391967773438e+01,-7.682841300964355469e+00,5.627951622009277344e+00,-1.753903198242187500e+01,-4.569580078125000000e+00,-7.289831638336181641e+00
1.583271169662475586e+01,-2.175556564331054688e+01,-8.782906532287597656e+00,7.196384429931640625e+00,-1.767010307312011719e+01,-7.538681030273437500e+00,-6.691152572631835938e+00
1.585365152359008789e+01,-2.531755828857421875e+01,-1.026675224304199219e+01,4.672014713287353516e+00,-2.079782295227050781e+01,-7.949974536895751953e+00,-5.188095569610595703e+00
1.587243342399597168e+01,-2.492571449279785156e+01,-1.221088886260986328e+01,6.919658184051513672e+00,-2.335556602478027344e+01,-9.255208969116210938e+00,-6.394466400146484375e+00
1.589253234863281250e+01,-2.551920127868652344e+01,-1.318099308013916016e+01,6.973847389221191406e+00,-2.398913764953613281e+01,-1.095319747924804688e+01,-6.457565307617187500e+00
1.591262149810791016e+01,-2.721522521972656250e+01,-1.507731533050537109e+01,5.169448852539062500e+00,-2.517203140258789062e+01,-1.273014163970947266e+01,-6.961269855499267578e+00
1.593370914459228516e+01,-2.963995933532714844e+01,-1.589249515533447266e+01,2.698428869247436523e+00,-2.723906326293945312e+01,-1.374728012084960938e+01,-5.215750694274902344e+00
1.595393395423889160e+01,-3.163972473144531250e+01,-1.722520256042480469e+01,7.042514324188232422e+00,-2.816047668457031250e+01,-1.511104965209960938e+01,-7.488493442535400391e+00
1.597366809844970703e+01,-3.100826835632324219e+01,-1.915478897094726562e+01,3.503153324127197266e+00,-2.900940132141113281e+01,-1.478828430175781250e+01,-3.296100139617919922e+00
1.599383306503295898e+01,-3.229276657104492188e+01,-1.918725776672363281e+01,7.261351585388183594e+00,-3.100145339965820312e+01,-1.642059898376464844e+01,-7.519256591796875000e+00
1.601470637321472168e+01,-3.434522628784179688e+01,-1.956644058227539062e+01,5.839506149291992188e+00,-3.147896003723144531e+01,-1.767148971557617188e+01,-7.805081844329833984e+00
1.603459191322326660e+01,-3.510242462158203125e+01,-2.173899269104003906e+01,3.318281650543212891e+00,-3.445082473754882812e+01,-1.713129806518554688e+01,-7.905731678009033203e+00
1.605462479591369629e+01,-3.633708190917968750e+01,-2.074176025390625000e+01,6.811499595642089844e+00,-3.541301727294921875e+01,-1.729914093017578125e+01,-7.986533164978027344e+00
1.607465314865112305e+01,-3.665788650512695312e+01,-2.171706199645996094e+01,3.541966199874877930e+00,-3.579568099975585938e+01,-1.851613807678222656e+01,-8.009111404418945312e+00
1.609473586082458496e+01,-3.756854248046875000e+01,-2.241826057434082031e+01,5.677635192871093750e+00,-3.746923828125000000e+01,-1.912225532531738281e+01,-7.737382411956787109e+00
1.611503696441650391e+01,-3.877033233642578125e+01,-2.167943954467773438e+01,3.604573011398315430e+00,-4.048735046386718750e+01,-1.904761886596679688e+01,-7.244956493377685547e+00
1.613518691062927246e+01,-3.930332946777343750e+01,-2.150060844421386719e+01,6.738814353942871094e+00,-4.159359741210937500e+01,-1.861087608337402344e+01,-7.913907527923583984e+00
1.615542244911193848e+01,-3.942721176147460938e+01,-2.174598121643066406e+01,3.818023681640625000e+00,-4.266466522216796875e+01,-1.862565422058105469e+01,-7.183555603027343750e+00
1.617527985572814941e+01,-3.996682739257812500e+01,-2.027198982238769531e+01,2.844380855560302734e+00,-4.245207595825195312e+01,-1.875897216796875000e+01,-7.654917240142822266e+00
1.619518089294433594e+01,-3.952592849731445312e+01,-2.037987136840820312e+01,6.916043758392333984e+00,-4.170978164672851562e+01,-1.791229248046875000e+01,-8.356774330139160156e+00
1.621528291702270508e+01,-4.028908920288085938e+01,-1.923641014099121094e+01,3.802930593490600586e+00,-4.157806015014648438e+01,-1.678773689270019531e+01,-5.573466300964355469e+00
1.623548531532287598e+01,-4.048237991333007812e+01,-1.793802452087402344e+01,7.306160449981689453e+00,-4.261812973022460938e+01,-1.586880397796630859e+01,-6.519559383392333984e+00
1.625562953948974609e+01,-3.918457412719726562e+01,-1.735301971435546875e+01,4.406371116638183594e+00,-4.260969543457031250e+01,-1.499030208587646484e+01,-6.942562580108642578e+00
1.627566504478454590e+01,-3.918821334838867188e+01,-1.433613681793212891e+01,7.414464473724365234e+00,-4.271186065673828125e+01,-1.292597484588623047e+01,-7.213218688964843750e+00
1.629585552215576172e+01,-3.984661483764648438e+01,-1.269427967071533203e+01,5.047570705413818359e+00,-4.124114227294921875e+01,-1.140401935577392578e+01,-7.759594917297363281e+00
1.631591081619262695e+01,-4.026447677612304688e+01,-1.108727073669433594e+01,8.077567100524902344e+00,-3.999278640747070312e+01,-1.092146778106689453e+01,-5.642296791076660156e+00
1.633596873283386230e+01,-3.937596893310546875e+01,-9.821818351745605469e+00,8.346901893615722656e+00,-4.210700607299804688e+01,-8.997319221496582031e+00,-4.929878234863281250e+00
1.635607385635375977e+01,-4.036867523193359375e+01,-7.726869106292724609e+00,6.117755413055419922e+00,-4.228237915039062500e+01,-7.519277095794677734e+00,-8.274814605712890625e+00
1.637964701652526855e+01,-3.939534759521484375e+01,-7.831869602203369141e+00,7.236500740051269531e+00,-4.123350143432617188e+01,-6.599087715148925781e+00,-6.070810317993164062e+00
1.639639687538146973e+01,-3.933536911010742188e+01,-5.077562808990478516e+00,7.834549427032470703e+00,-4.047662734985351562e+01,-6.572742462158203125e+00,-7.600513935089111328e+00
1.641682219505310059e+01,-3.938930892944335938e+01,-3.380456686019897461e+00,6.136412620544433594e+00,-4.104774475097656250e+01,-3.644372224807739258e+00,-6.111419200897216797e+00
1.643702483177185059e+01,-3.935448455810546875e+01,-1.373180150985717773e+00,6.765637874603271484e+00,-3.971881484985351562e+01,-3.480193614959716797e+00,-6.954814910888671875e+00
1.645718669891357422e+01,-3.649654006958007812e+01,-1.747337222099304199e+00,7.613493442535400391e+00,-4.168046188354492188e+01,-1.331299901008605957e+00,-4.660587310791015625e+00
1.647735548019409180e+01,-3.650318527221679688e+01,-5.072677135467529297e-02,7.599767684936523438e+00,-4.248343658447265625e+01,-7.217873334884643555e-01,-6.407034873962402344e+00
1.649730706214904785e+01,-3.592160797119140625e+01,1.559988737106323242e+00,7.684616565704345703e+00,-4.083987426757812500e+01,-4.697457328438758850e-02,-8.978978157043457031e+00
1.651714277267456055e+01,-3.448647308349609375e+01,3.014833927154541016e+00,5.080458164215087891e+00,-3.996963119506835938e+01,1.650105834007263184e+00,-4.388428688049316406e+00
1.653712081909179688e+01,-3.236365127563476562e+01,3.352859258651733398e+00,8.028735160827636719e+00,-4.014482879638671875e+01,3.486219406127929688e+00,-7.469470500946044922e+00
1.655728340148925781e+01,-3.334903717041015625e+01,5.465922832489013672e+00,9.728574752807617188e+00,-3.967302322387695312e+01,4.434962272644042969e+00,-9.426570892333984375e+00
1.657739043235778809e+01,-3.438793563842773438e+01,6.575910568237304688e+00,8.605142593383789062e+00,-3.927633285522460938e+01,4.232722282409667969e+00,-5.804181098937988281e+00
1.659748506546020508e+01,-3.401825332641601562e+01,8.022974014282226562e+00,8.143951416015625000e+00,-3.913693618774414062e+01,6.132213592529296875e+00,-5.689067840576171875e+00
1.661757826805114746e+01,-3.176394653320312500e+01,9.040150642395019531e+00,8.971854209899902344e+00,-3.812056732177734375e+01,6.756485939025878906e+00,-9.109176635742187500e+00
1.663772845268249512e+01,-2.793136787414550781e+01,8.558341026306152344e+00,9.954302787780761719e+00,-3.473076629638671875e+01,5.777679920196533203e+00,-9.839219093322753906e+00
1.665881252288818359e+01,-2.826409721374511719e+01,8.939937591552734375e+00,9.567915916442871094e+00,-3.503144073486328125e+01,6.573599815368652344e+00,-8.383251190185546875e+00
1.667872953414916992e+01,-2.758997344970703125e+01,8.985345840454101562e+00,9.986763954162597656e+00,-3.524403381347656250e+01,7.552825927734375000e+00,-8.123150825500488281e+00
1.669870901107788086e+01,-2.710245132446289062e+01,1.006307315826416016e+01,1.004869651794433594e+01,-3.388688278198242188e+01,8.492109298706054688e+00,-1.108628082275390625e+01
1.671876502037048340e+01,-2.731819534301757812e+01,1.095139026641845703e+01,1.098156833648681641e+01,-3.191963195800781250e+01,7.350643634796142578e+00,-9.867771148681640625e+00
1.674007773399353027e+01,-2.704924011230468750e+01,1.102936077117919922e+01,1.048565578460693359e+01,-3.296147155761718750e+01,9.757460594177246094e+00,-7.384145259857177734e+00
1.675938344001770020e+01,-2.682003211975097656e+01,1.181854057312011719e+01,9.595908164978027344e+00,-3.317340469360351562e+01,1.102770996093750000e+01,-9.971509933471679688e+00
1.677927255630493164e+01,-2.676295661926269531e+01,1.259717559814453125e+01,1.055411434173583984e+01,-3.303614807128906250e+01,1.170649337768554688e+01,-1.037299346923828125e+01
1.679945325851440430e+01,-2.643732452392578125e+01,1.315651035308837891e+01,1.105146026611328125e+01,-3.245552062988281250e+01,1.222852706909179688e+01,-1.053670120239257812e+01
1.681952500343322754e+01,-2.568350982666015625e+01,1.329527950286865234e+01,1.096308612823486328e+01,-3.087827110290527344e+01,1.239377498626708984e+01,-1.063566780090332031e+01
1.683965086936950684e+01,-2.489941406250000000e+01,1.378694725036621094e+01,1.078329658508300781e+01,-2.956569862365722656e+01,1.308353328704833984e+01,-1.009200000762939453e+01
1.685997843742370605e+01,-2.449699783325195312e+01,1.464556407928466797e+01,1.087699222564697266e+01,-2.888266944885253906e+01,1.392027950286865234e+01,-1.037403488159179688e+01
1.687981534004211426e+01,-2.393054771423339844e+01,1.444452571868896484e+01,9.615216255187988281e+00,-2.748368835449218750e+01,1.388438320159912109e+01,-9.847948074340820312e+00
1.690035295486450195e+01,-2.345846748352050781e+01,1.604492568969726562e+01,1.107281589508056641e+01,-2.724262809753417969e+01,1.545781135559082031e+01,-1.018787384033203125e+01
1.692040610313415527e+01,-2.320307350158691406e+01,1.674697303771972656e+01,1.126914787292480469e+01,-2.673498535156250000e+01,1.645885086059570312e+01,-9.727881431579589844e+00
1.694054079055786133e+01,-2.269715499877929688e+01,1.693511581420898438e+01,1.073013496398925781e+01,-2.536148071289062500e+01,1.662644958496093750e+01,-9.747180938720703125e+00
1.696065878868103027e+01,-2.198032188415527344e+01,1.726107978820800781e+01,1.132792568206787109e+01,-2.491531372070312500e+01,1.708905792236328125e+01,-9.701447486877441406e+00
1.698081064224243164e+01,-2.171212196350097656e+01,1.756270599365234375e+01,1.070428466796875000e+01,-2.388883399963378906e+01,1.744691085815429688e+01,-9.898452758789062500e+00
1.700093436241149902e+01,-2.097920989990234375e+01,1.797762680053710938e+01,1.029164409637451172e+01,-2.290298271179199219e+01,1.815082931518554688e+01,-9.642875671386718750e+00
1.702105426788330078e+01,-2.093083190917968750e+01,1.831085777282714844e+01,1.070696926116943359e+01,-2.242171859741210938e+01,1.843561935424804688e+01,-9.559030532836914062e+00
1.704106426239013672e+01,-2.044139862060546875e+01,1.883217048645019531e+01,1.109878826141357422e+01,-2.220131874084472656e+01,1.916348457336425781e+01,-9.563632011413574219e+00
1.706141376495361328e+01,-2.073639678955078125e+01,1.919069290161132812e+01,1.008486557006835938e+01,-2.172544670104980469e+01,1.970904922485351562e+01,-9.556494712829589844e+00
1.708141231536865234e+01,-1.998545265197753906e+01,1.912950325012207031e+01,1.106451129913330078e+01,-2.052449607849121094e+01,1.945967292785644531e+01,-9.334887504577636719e+00
1.710172533988952637e+01,-1.977631187438964844e+01,1.921542739868164062e+01,1.007652568817138672e+01,-2.001910400390625000e+01,1.986517524719238281e+01,-8.908762931823730469e+00
1.712170743942260742e+01,-1.945047187805175781e+01,1.936557769775390625e+01,1.059708118438720703e+01,-1.954791641235351562e+01,1.992356872558593750e+01,-9.347646713256835938e+00
1.714176201820373535e+01,-1.898998260498046875e+01,1.965551185607910156e+01,1.092834091186523438e+01,-1.917119598388671875e+01,2.051432037353515625e+01,-8.796576499938964844e+00
1.716199064254760742e+01,-1.884758949279785156e+01,1.974773025512695312e+01,1.019801330566406250e+01,-1.889381790161132812e+01,2.062983894348144531e+01,-9.305894851684570312e+00
1.718233323097229004e+01,-1.801642990112304688e+01,1.989074516296386719e+01,1.039895057678222656e+01,-1.728354072570800781e+01,2.104602813720703125e+01,-8.115979194641113281e+00
1.720231270790100098e+01,-1.809816741943359375e+01,2.016408729553222656e+01,1.058738517761230469e+01,-1.782079505920410156e+01,2.104577255249023438e+01,-8.819126129150390625e+00
1.722231364250183105e+01,-1.808132362365722656e+01,2.017031669616699219e+01,1.023965549468994141e+01,-1.726801109313964844e+01,2.104828262329101562e+01,-8.060349464416503906e+00
1.724213218688964844e+01,-1.744887161254882812e+01,2.025789642333984375e+01,1.045991230010986328e+01,-1.693285751342773438e+01,2.099848365783691406e+01,-8.278820037841796875e+00
1.726224851608276367e+01,-1.723694038391113281e+01,2.020949363708496094e+01,9.275313377380371094e+00,-1.663102722167968750e+01,2.089183044433593750e+01,-8.286327362060546875e+00
1.728270506858825684e+01,-1.660476493835449219e+01,2.012237930297851562e+01,9.334674835205078125e+00,-1.623503684997558594e+01,2.085089302062988281e+01,-7.767926216125488281e+00
1.730382394790649414e+01,-1.622188568115234375e+01,1.994818496704101562e+01,9.795269012451171875e+00,-1.626370620727539062e+01,2.053164672851562500e+01,-8.000060081481933594e+00
1.732282018661499023e+01,-1.578113174438476562e+01,1.972836494445800781e+01,9.445034027099609375e+00,-1.597167301177978516e+01,2.043553161621093750e+01,-7.568240642547607422e+00
1.734391951560974121e+01,-1.578173255920410156e+01,1.932323074340820312e+01,9.227988243103027344e+00,-1.607903289794921875e+01,1.999463653564453125e+01,-7.644743919372558594e+00
1.736379289627075195e+01,-1.544324684143066406e+01,1.930400657653808594e+01,9.687444686889648438e+00,-1.585563468933105469e+01,1.999458503723144531e+01,-7.531345367431640625e+00
1.738406515121459961e+01,-1.615845298767089844e+01,1.865445899963378906e+01,8.104485511779785156e+00,-1.633035659790039062e+01,1.935618209838867188e+01,-7.787923336029052734e+00
1.740386843681335449e+01,-1.549984264373779297e+01,1.833877563476562500e+01,9.362481117248535156e+00,-1.622565269470214844e+01,1.897266006469726562e+01,-7.342287540435791016e+00
1.742371892929077148e+01,-1.534526729583740234e+01,1.804422378540039062e+01,8.795170783996582031e+00,-1.618377494812011719e+01,1.875366020202636719e+01,-7.492250442504882812e+00
1.744371032714843750e+01,-1.523035621643066406e+01,1.750055885314941406e+01,9.219392776489257812e+00,-1.625421333312988281e+01,1.810855484008789062e+01,-7.487071990966796875e+00
1.746384787559509277e+01,-1.557303810119628906e+01,1.688403701782226562e+01,7.799928665161132812e+00,-1.629281425476074219e+01,1.759123611450195312e+01,-7.102305889129638672e+00
1.748408102989196777e+01,-1.523964786529541016e+01,1.634907531738281250e+01,8.954464912414550781e+00,-1.663461494445800781e+01,1.700717544555664062e+01,-7.350915908813476562e+00
1.750390696525573730e+01,-1.540730571746826172e+01,1.593508720397949219e+01,8.347811698913574219e+00,-1.664440727233886719e+01,1.679081153869628906e+01,-6.847550868988037109e+00
1.752485466003417969e+01,-1.539575767517089844e+01,1.539285469055175781e+01,8.290117263793945312e+00,-1.661050033569335938e+01,1.614146041870117188e+01,-6.774644374847412109e+00
1.754439830780029297e+01,-1.551764392852783203e+01,1.464633369445800781e+01,8.215767860412597656e+00,-1.698496818542480469e+01,1.532654762268066406e+01,-6.803644657135009766e+00
1.756465792655944824e+01,-1.538801193237304688e+01,1.411440658569335938e+01,8.182227134704589844e+00,-1.732997322082519531e+01,1.478662681579589844e+01,-7.131659984588623047e+00
1.758532953262329102e+01,-1.594994354248046875e+01,1.345677661895751953e+01,7.109687328338623047e+00,-1.745649528503417969e+01,1.420841503143310547e+01,-7.040431022644042969e+00
1.760563445091247559e+01,-1.544392108917236328e+01,1.296715068817138672e+01,8.368680953979492188e+00,-1.768370056152343750e+01,1.375248241424560547e+01,-6.963515281677246094e+00
1.762573695182800293e+01,-1.568558788299560547e+01,1.256747722625732422e+01,7.827600479125976562e+00,-1.784876441955566406e+01,1.349380874633789062e+01,-6.893054008483886719e+00
1.764590954780578613e+01,-1.622953796386718750e+01,1.193943214416503906e+01,6.900122165679931641e+00,-1.787159347534179688e+01,1.286334609985351562e+01,-6.478075504302978516e+00
1.766592979431152344e+01,-1.608787536621093750e+01,1.152927589416503906e+01,7.149731159210205078e+00,-1.829335403442382812e+01,1.244196701049804688e+01,-7.076738357543945312e+00
1.768609118461608887e+01,-1.633978652954101562e+01,1.068015861511230469e+01,7.314359664916992188e+00,-1.851685905456542969e+01,1.166388702392578125e+01,-6.311319351196289062e+00
1.770637679100036621e+01,-1.622851753234863281e+01,9.793238639831542969e+00,8.020489692687988281e+00,-1.909768867492675781e+01,1.068859863281250000e+01,-6.980609893798828125e+00
1.772635364532470703e+01,-1.695296096801757812e+01,8.796562194824218750e+00,6.432109832763671875e+00,-1.890945434570312500e+01,1.024103450775146484e+01,-5.678237915039062500e+00
1.774645423889160156e+01,-1.694818878173828125e+01,8.337808609008789062e+00,6.883294582366943359e+00,-1.966877174377441406e+01,9.522001266479492188e+00,-6.824519634246826172e+00
1.776658678054809570e+01,-1.706222724914550781e+01,7.387372493743896484e+00,7.386257648468017578e+00,-1.962667083740234375e+01,8.899004936218261719e+00,-5.320736885070800781e+00
1.778674578666687012e+01,-1.801477241516113281e+01,6.942196369171142578e+00,6.987732410430908203e+00,-1.802414512634277344e+01,6.506530284881591797e+00,-6.595497608184814453e+00
1.780678582191467285e+01,-1.808898735046386719e+01,5.636813163757324219e+00,6.483965873718261719e+00,-2.080054664611816406e+01,7.359835624694824219e+00,-3.905597686767578125e+00
1.782673335075378418e+01,-1.774813079833984375e+01,5.115858078002929688e+00,6.839929580688476562e+00,-2.116759490966796875e+01,7.213497161865234375e+00,-4.332713127136230469e+00
1.784645915031433105e+01,-1.831993865966796875e+01,4.658041954040527344e+00,5.945075988769531250e+00,-2.156785774230957031e+01,6.346910476684570312e+00,-6.774401664733886719e+00
1.786653351783752441e+01,-1.844523239135742188e+01,4.264877319335937500e+00,6.553271770477294922e+00,-2.145207786560058594e+01,5.653674125671386719e+00,-7.561502456665039062e+00
1.788663411140441895e+01,-1.887644577026367188e+01,2.501163005828857422e+00,6.819780826568603516e+00,-2.096045303344726562e+01,2.831658601760864258e+00,-6.856444358825683594e+00
1.790686607360839844e+01,-1.936707687377929688e+01,1.691163420677185059e+00,6.302559375762939453e+00,-2.227425575256347656e+01,2.715273618698120117e+00,-3.317984342575073242e+00
1.792685556411743164e+01,-1.915995979309082031e+01,1.807628989219665527e+00,6.124885559082031250e+00,-2.314403915405273438e+01,3.232461452484130859e+00,-3.460015296936035156e+00
1.794696521759033203e+01,-1.902541923522949219e+01,2.261364698410034180e+00,6.051655769348144531e+00,-2.378886604309082031e+01,3.597746610641479492e+00,-4.703078269958496094e+00
1.796707463264465332e+01,-1.982792663574218750e+01,2.356514453887939453e+00,5.587924957275390625e+00,-2.359696960449218750e+01,3.343176841735839844e+00,-7.453493118286132812e+00
1.798720836639404297e+01,-2.006595420837402344e+01,1.840129017829895020e+00,7.382133483886718750e+00,-2.467925453186035156e+01,2.494488954544067383e+00,-5.098704338073730469e+00
1.800729560852050781e+01,-2.015863990783691406e+01,9.805388450622558594e-01,6.264323234558105469e+00,-2.564603996276855469e+01,2.355758905410766602e+00,-4.605899333953857422e+00
1.802745628356933594e+01,-2.067580795288085938e+01,4.055961966514587402e-01,6.014586448669433594e+00,-2.434148216247558594e+01,4.039123654365539551e-01,-6.959169387817382812e+00
1.804746270179748535e+01,-2.129551696777343750e+01,-3.280959427356719971e-01,5.902814865112304688e+00,-2.697016525268554688e+01,5.003722310066223145e-01,-4.528090953826904297e+00
1.806754446029663086e+01,-2.115760803222656250e+01,-1.918044537305831909e-01,6.010922431945800781e+00,-2.641752243041992188e+01,1.332923024892807007e-01,-7.844061374664306641e+00
1.808769774436950684e+01,-2.194829559326171875e+01,-9.718837141990661621e-01,6.010516166687011719e+00,-2.751303291320800781e+01,-3.684310019016265869e-01,-4.048813819885253906e+00
1.810851478576660156e+01,-2.195744132995605469e+01,-8.477692604064941406e-01,5.991732120513916016e+00,-2.792899894714355469e+01,-6.180486679077148438e-01,-7.284765720367431641e+00
1.812886929512023926e+01,-2.156981468200683594e+01,-1.803351759910583496e+00,6.279555320739746094e+00,-2.877197837829589844e+01,-4.983032941818237305e-01,-3.987971782684326172e+00
1.814884352684020996e+01,-2.248428726196289062e+01,-1.256478309631347656e+00,5.989515781402587891e+00,-2.915724754333496094e+01,-1.070336818695068359e+00,-7.400142669677734375e+00
1.816879510879516602e+01,-2.326376342773437500e+01,-1.704576849937438965e+00,5.517002105712890625e+00,-2.986234664916992188e+01,-1.498425960540771484e+00,-3.962531805038452148e+00
1.818937993049621582e+01,-2.189584159851074219e+01,-2.262401580810546875e+00,6.112277507781982422e+00,-2.947631835937500000e+01,-8.990312218666076660e-01,-7.065977573394775391e+00
1.820888280868530273e+01,-2.345081329345703125e+01,-1.925227046012878418e+00,6.369762420654296875e+00,-3.081957244873046875e+01,-1.729727625846862793e+00,-4.056781291961669922e+00
1.822950673103332520e+01,-2.342904090881347656e+01,-1.461136698722839355e+00,5.457240581512451172e+00,-3.097604179382324219e+01,-1.637114524841308594e+00,-6.765122890472412109e+00
1.824988198280334473e+01,-2.358559036254882812e+01,-1.315662384033203125e+00,2.983273506164550781e+00,-2.942792510986328125e+01,-2.770594835281372070e+00,-6.972046852111816406e+00
1.827013230323791504e+01,-2.311982536315917969e+01,-2.589589118957519531e+00,7.743503093719482422e+00,-3.192103004455566406e+01,-1.824553966522216797e+00,-3.499229669570922852e+00
1.829022336006164551e+01,-2.465075111389160156e+01,-1.114486813545227051e+00,6.122748851776123047e+00,-3.061550331115722656e+01,-2.381225109100341797e+00,-7.771790504455566406e+00
1.831009984016418457e+01,-2.522880172729492188e+01,-1.368274331092834473e+00,4.882409095764160156e+00,-3.147804450988769531e+01,-1.256526112556457520e+00,-5.614209651947021484e+00
1.833002090454101562e+01,-2.330176925659179688e+01,-2.138559579849243164e+00,6.474987983703613281e+00,-3.108629989624023438e+01,-1.409454822540283203e+00,-6.521653652191162109e+00
1.835011029243469238e+01,-2.436648178100585938e+01,-1.289671182632446289e+00,6.113736152648925781e+00,-3.248963546752929688e+01,-1.015287876129150391e+00,-5.637215614318847656e+00
1.837023520469665527e+01,-2.444423103332519531e+01,-6.150616407394409180e-01,6.278304100036621094e+00,-3.149909400939941406e+01,-6.895850896835327148e-01,-7.551288604736328125e+00
1.839044690132141113e+01,-2.488071632385253906e+01,-2.491662800312042236e-01,5.305819511413574219e+00,-3.075065994262695312e+01,-1.582965850830078125e-01,-4.237155437469482422e+00
1.841050672531127930e+01,-2.347817993164062500e+01,-6.391503810882568359e-01,6.898061275482177734e+00,-3.274256134033203125e+01,-2.453500032424926758e-01,-6.028652667999267578e+00
1.843060946464538574e+01,-2.367778015136718750e+01,-9.326810836791992188e-01,7.402278900146484375e+00,-3.370668411254882812e+01,-5.464625954627990723e-01,-6.869773387908935547e+00
1.845077586174011230e+01,-2.509458923339843750e+01,3.582123667001724243e-02,6.157002925872802734e+00,-3.261343002319335938e+01,-3.410595655441284180e-01,-8.312485694885253906e+00
1.847082233428955078e+01,-2.566325569152832031e+01,5.487201213836669922e-01,5.653499126434326172e+00,-3.197821044921875000e+01,8.226655125617980957e-01,-3.700236320495605469e+00
1.849113249778747559e+01,-2.430148887634277344e+01,1.562024593353271484e+00,7.330279350280761719e+00,-3.003816223144531250e+01,9.554553627967834473e-01,-7.248828411102294922e+00
1.851098275184631348e+01,-2.499555206298828125e+01,2.220438718795776367e+00,6.844257831573486328e+00,-3.137220382690429688e+01,2.904030323028564453e+00,-4.112738132476806641e+00
1.853107690811157227e+01,-2.468504905700683594e+01,3.209084749221801758e+00,6.315055370330810547e+00,-3.069886398315429688e+01,3.747896909713745117e+00,-7.907299518585205078e+00
1.855122637748718262e+01,-2.497456741333007812e+01,4.228347778320312500e+00,7.438575744628906250e+00,-2.843574142456054688e+01,3.206214189529418945e+00,-7.224833011627197266e+00
1.857980990409851074e+01,-2.287155151367187500e+01,3.134805917739868164e+00,6.897878170013427734e+00,-2.994040489196777344e+01,5.488414287567138672e+00,-4.311294078826904297e+00
1.859206128120422363e+01,-2.351259231567382812e+01,4.273950576782226562e+00,8.532733917236328125e+00,-3.008929824829101562e+01,5.947124958038330078e+00,-6.310762882232666016e+00
1.861172008514404297e+01,-2.440136909484863281e+01,5.320351600646972656e+00,7.286256790161132812e+00,-2.905327796936035156e+01,6.590569496154785156e+00,-7.462936878204345703e+00
1.863176679611206055e+01,-2.481285095214843750e+01,6.135428428649902344e+00,6.937749385833740234e+00,-2.709248352050781250e+01,7.006683349609375000e+00,-8.434839248657226562e+00
1.865183115005493164e+01,-2.456488037109375000e+01,6.611248493194580078e+00,6.736920833587646484e+00,-2.571193313598632812e+01,7.389925003051757812e+00,-3.713802576065063477e+00
1.867205190658569336e+01,-2.115823554992675781e+01,5.899180412292480469e+00,7.233292102813720703e+00,-2.561552238464355469e+01,9.765708923339843750e+00,-4.576252937316894531e+00
1.869253921508789062e+01,-2.307500076293945312e+01,7.309214115142822266e+00,7.400023460388183594e+00,-2.528030967712402344e+01,9.370819091796875000e+00,-7.151859283447265625e+00
1.871420645713806152e+01,-2.314535903930664062e+01,8.030390739440917969e+00,7.726540088653564453e+00,-2.429495239257812500e+01,9.452355384826660156e+00,-7.342579841613769531e+00
1.873576498031616211e+01,-2.290590095520019531e+01,7.859200954437255859e+00,7.548658370971679688e+00,-2.449120330810546875e+01,9.464588165283203125e+00,-6.551604747772216797e+00
1.875257015228271484e+01,-2.265634918212890625e+01,6.882257461547851562e+00,8.076657295227050781e+00,-2.559819602966308594e+01,8.287036895751953125e+00,-7.750382423400878906e+00
1.877275991439819336e+01,-2.246813011169433594e+01,5.567540645599365234e+00,9.023886680603027344e+00,-2.612909317016601562e+01,7.130263328552246094e+00,-7.269167900085449219e+00
1.879343938827514648e+01,-2.276561737060546875e+01,3.664402723312377930e+00,7.735388278961181641e+00,-2.732460784912109375e+01,5.812351226806640625e+00,-8.289536476135253906e+00
1.881371760368347168e+01,-2.344377326965332031e+01,3.506073236465454102e+00,7.788936138153076172e+00,-2.710970878601074219e+01,5.017607688903808594e+00,-8.320850372314453125e+00
1.883369469642639160e+01,-2.412294197082519531e+01,4.196810722351074219e+00,7.931323528289794922e+00,-2.663875389099121094e+01,5.238128662109375000e+00,-4.620808601379394531e+00
1.885393857955932617e+01,-2.367301940917968750e+01,4.712030887603759766e+00,7.895449638366699219e+00,-2.783440589904785156e+01,6.611098289489746094e+00,-6.069588661193847656e+00
1.887376570701599121e+01,-2.233136558532714844e+01,4.314058780670166016e+00,7.313004970550537109e+00,-2.853864097595214844e+01,7.439608097076416016e+00,-7.689376831054687500e+00
1.889431238174438477e+01,-2.362667083740234375e+01,4.850581645965576172e+00,7.138355731964111328e+00,-2.840631675720214844e+01,6.969225406646728516e+00,-7.873040676116943359e+00
1.891433143615722656e+01,-2.337720489501953125e+01,5.390049457550048828e+00,7.642143249511718750e+00,-2.776858901977539062e+01,7.085983276367187500e+00,-7.776746273040771484e+00
1.893442630767822266e+01,-2.343648910522460938e+01,6.304083347320556641e+00,7.138041019439697266e+00,-2.665890121459960938e+01,8.267190933227539062e+00,-6.462901115417480469e+00
1.895426344871520996e+01,-2.313641738891601562e+01,7.235777854919433594e+00,7.450094699859619141e+00,-2.559966850280761719e+01,9.094144821166992188e+00,-8.182422637939453125e+00
1.897458219528198242e+01,-2.202609825134277344e+01,6.726821899414062500e+00,7.306921482086181641e+00,-2.503268432617187500e+01,9.528866767883300781e+00,-4.038069248199462891e+00
1.899453973770141602e+01,-2.252978515625000000e+01,7.040616989135742188e+00,7.151683330535888672e+00,-2.579822158813476562e+01,9.640533447265625000e+00,-5.796759128570556641e+00
1.901486682891845703e+01,-2.182006263732910156e+01,7.815153598785400391e+00,7.351232051849365234e+00,-2.549155998229980469e+01,9.937632560729980469e+00,-7.202807426452636719e+00
1.903487849235534668e+01,-2.148987388610839844e+01,8.545672416687011719e+00,7.426681518554687500e+00,-2.484170341491699219e+01,1.048753833770751953e+01,-7.321094036102294922e+00
1.905479025840759277e+01,-2.137736320495605469e+01,9.056241989135742188e+00,6.919507980346679688e+00,-2.394004631042480469e+01,1.102660560607910156e+01,-6.873356342315673828e+00
1.907498359680175781e+01,-2.081052398681640625e+01,9.659394264221191406e+00,7.974629878997802734e+00,-2.377422714233398438e+01,1.150541400909423828e+01,-7.156600475311279297e+00
1.909526157379150391e+01,-1.798653793334960938e+01,7.954524517059326172e+00,7.630248069763183594e+00,-2.400169944763183594e+01,1.212188529968261719e+01,-7.043051242828369141e+00
1.911516594886779785e+01,-2.105447769165039062e+01,9.038814544677734375e+00,6.944785594940185547e+00,-2.339791870117187500e+01,1.175056648254394531e+01,-6.330121040344238281e+00
1.913531684875488281e+01,-2.077529525756835938e+01,9.409721374511718750e+00,7.338919162750244141e+00,-2.269659233093261719e+01,1.137575817108154297e+01,-6.189826965332031250e+00
1.915537714958190918e+01,-2.011190414428710938e+01,1.004455661773681641e+01,7.403812885284423828e+00,-2.215651702880859375e+01,1.181957912445068359e+01,-6.068545818328857422e+00
1.917549920082092285e+01,-1.990981864929199219e+01,1.068592643737792969e+01,6.667142391204833984e+00,-2.176849174499511719e+01,1.242705726623535156e+01,-6.116953849792480469e+00
1.919558978080749512e+01,-1.940097618103027344e+01,1.095191574096679688e+01,7.508460998535156250e+00,-2.175343513488769531e+01,1.254580879211425781e+01,-6.290394783020019531e+00
1.921589136123657227e+01,-1.955425834655761719e+01,1.085093975067138672e+01,7.093430519104003906e+00,-2.181817054748535156e+01,1.258514213562011719e+01,-5.971513271331787109e+00
1.923615217208862305e+01,-1.939919853210449219e+01,1.101396656036376953e+01,6.841605663299560547e+00,-2.180357551574707031e+01,1.273156356811523438e+01,-6.053758621215820312e+00
1.925640988349914551e+01,-1.909132575988769531e+01,1.103492355346679688e+01,7.184148311614990234e+00,-2.176358795166015625e+01,1.265553760528564453e+01,-6.340455055236816406e+00
1.927660703659057617e+01,-1.858607673645019531e+01,1.084180450439453125e+01,8.164760589599609375e+00,-2.179548645019531250e+01,1.246211528778076172e+01,-6.703057289123535156e+00
1.929670667648315430e+01,-1.882061195373535156e+01,1.072824668884277344e+01,6.866840362548828125e+00,-2.149616622924804688e+01,1.249168014526367188e+01,-6.368149757385253906e+00
1.931683540344238281e+01,-1.871075439453125000e+01,1.059834575653076172e+01,6.866706371307373047e+00,-2.128851699829101562e+01,1.241621398925781250e+01,-5.541720390319824219e+00
1.933697485923767090e+01,-1.830488204956054688e+01,1.051542663574218750e+01,7.732028961181640625e+00,-2.156014823913574219e+01,1.208037662506103516e+01,-6.672343254089355469e+00
1.935706090927124023e+01,-1.824674606323242188e+01,1.034195518493652344e+01,7.433642387390136719e+00,-2.144024276733398438e+01,1.211459636688232422e+01,-6.254814147949218750e+00
1.937744474411010742e+01,-1.869169616699218750e+01,1.016309928894042969e+01,6.361780643463134766e+00,-2.133365249633789062e+01,1.188538837432861328e+01,-5.909314632415771484e+00
1.939759397506713867e+01,-1.812600326538085938e+01,1.013073444366455078e+01,7.590080738067626953e+00,-2.144922447204589844e+01,1.198702144622802734e+01,-5.867688179016113281e+00
1.941726136207580566e+01,-1.862364387512207031e+01,9.806462287902832031e+00,6.163982391357421875e+00,-2.154259681701660156e+01,1.159773540496826172e+01,-6.338412284851074219e+00
1.943714141845703125e+01,-1.834603309631347656e+01,9.618597030639648438e+00,6.836535930633544922e+00,-2.171286392211914062e+01,1.127694034576416016e+01,-6.391205787658691406e+00
1.945720410346984863e+01,-1.848975181579589844e+01,9.533344268798828125e+00,5.745964527130126953e+00,-2.138293647766113281e+01,1.144520282745361328e+01,-6.043143749237060547e+00
1.947738671302795410e+01,-1.779651260375976562e+01,9.358787536621093750e+00,7.765394687652587891e+00,-2.152036094665527344e+01,1.120109653472900391e+01,-5.693142414093017578e+00
1.949757194519042969e+01,-1.844631958007812500e+01,9.026703834533691406e+00,6.091685771942138672e+00,-2.165735054016113281e+01,1.087443256378173828e+01,-6.139548778533935547e+00
1.951768851280212402e+01,-1.835190200805664062e+01,8.953668594360351562e+00,6.342288017272949219e+00,-2.139140701293945312e+01,1.084487247467041016e+01,-5.501036167144775391e+00
1.953878045082092285e+01,-1.822203254699707031e+01,8.877599716186523438e+00,6.563636302947998047e+00,-2.170084571838378906e+01,1.063435935974121094e+01,-6.045812606811523438e+00
1.955878973007202148e+01,-1.845304298400878906e+01,8.672878265380859375e+00,6.093029975891113281e+00,-2.157325172424316406e+01,1.048476123809814453e+01,-5.466187000274658203e+00
1.957956385612487793e+01,-1.699656105041503906e+01,7.337238311767578125e+00,6.162706851959228516e+00,-2.169866752624511719e+01,1.069857311248779297e+01,-6.575990200042724609e+00
1.959978175163269043e+01,-1.845658111572265625e+01,7.022441864013671875e+00,6.793806552886962891e+00,-2.139420127868652344e+01,9.260822296142578125e+00,-7.585800170898437500e+00
1.961958575248718262e+01,-1.939364624023437500e+01,6.477171421051025391e+00,6.373640537261962891e+00,-2.024104309082031250e+01,6.624346733093261719e+00,-3.448603391647338867e+00
1.963981223106384277e+01,-1.897467041015625000e+01,6.465990066528320312e+00,6.064167022705078125e+00,-2.136300659179687500e+01,7.906776428222656250e+00,-2.393662214279174805e+00
1.966006875038146973e+01,-1.861981010437011719e+01,6.901433944702148438e+00,5.949848651885986328e+00,-2.199913215637207031e+01,9.010983467102050781e+00,-3.114213466644287109e+00
1.967991399765014648e+01,-1.832813262939453125e+01,7.283722400665283203e+00,6.116881847381591797e+00,-2.277241325378417969e+01,9.466989517211914062e+00,-5.474201202392578125e+00
1.969989538192749023e+01,-1.876372909545898438e+01,7.541460037231445312e+00,6.541688442230224609e+00,-2.241028594970703125e+01,9.456071853637695312e+00,-7.309864521026611328e+00
1.971997857093811035e+01,-1.988827705383300781e+01,6.254976749420166016e+00,6.194242954254150391e+00,-2.141179466247558594e+01,6.693469524383544922e+00,-6.576452255249023438e+00
1.974042987823486328e+01,-1.993424987792968750e+01,5.481746673583984375e+00,5.747720241546630859e+00,-2.302858161926269531e+01,7.097905158996582031e+00,-2.566708087921142578e+00
1.976047229766845703e+01,-1.905758666992187500e+01,5.774695396423339844e+00,5.758323192596435547e+00,-2.322729682922363281e+01,7.871427536010742188e+00,-3.576463222503662109e+00
1.978052568435668945e+01,-1.847727966308593750e+01,6.317781925201416016e+00,5.993696212768554688e+00,-2.361896324157714844e+01,8.353126525878906250e+00,-5.802398681640625000e+00
1.980068588256835938e+01,-1.669194221496582031e+01,4.711970806121826172e+00,5.859221935272216797e+00,-2.403831863403320312e+01,8.400465011596679688e+00,-6.314501762390136719e+00
1.982079076766967773e+01,-1.923216438293457031e+01,5.225894451141357422e+00,5.885044574737548828e+00,-2.390958213806152344e+01,7.471119880676269531e+00,-5.614224910736083984e+00
1.984056091308593750e+01,-1.937501525878906250e+01,5.296772003173828125e+00,5.645120620727539062e+00,-2.388246536254882812e+01,6.900432586669921875e+00,-6.124077796936035156e+00
1.986072683334350586e+01,-1.908386421203613281e+01,5.496122360229492188e+00,6.014796257019042969e+00,-2.359537506103515625e+01,7.173811912536621094e+00,-5.380091190338134766e+00
1.988081526756286621e+01,-1.891386604309082031e+01,5.579270362854003906e+00,6.203722000122070312e+00,-2.372998428344726562e+01,7.363268375396728516e+00,-5.948016166687011719e+00
1.990142035484313965e+01,-1.915242958068847656e+01,5.428369522094726562e+00,5.854609966278076172e+00,-2.383204460144042969e+01,7.400025367736816406e+00,-5.774949550628662109e+00
1.992126345634460449e+01,-1.925583839416503906e+01,5.069977283477783203e+00,5.951782226562500000e+00,-2.398256874084472656e+01,6.905931472778320312e+00,-5.863763332366943359e+00
1.994112992286682129e+01,-1.932518005371093750e+01,5.162432670593261719e+00,5.422792434692382812e+00,-2.410410881042480469e+01,7.045027256011962891e+00,-5.796549797058105469e+00
1.996117329597473145e+01,-1.939508628845214844e+01,4.907259464263916016e+00,5.564394474029541016e+00,-2.408205604553222656e+01,6.876839160919189453e+00,-5.264854907989501953e+00
1.998137140274047852e+01,-1.935853576660156250e+01,4.873080253601074219e+00,5.573961734771728516e+00,-2.434824752807617188e+01,6.737116336822509766e+00,-5.851334095001220703e+00
2.000156259536743164e+01,-1.935015487670898438e+01,4.834475517272949219e+00,5.619049072265625000e+00,-2.431896018981933594e+01,6.885960102081298828e+00,-5.340885639190673828e+00
2.002155995368957520e+01,-1.928169250488281250e+01,4.818373203277587891e+00,5.243523120880126953e+00,-2.313525772094726562e+01,5.691534519195556641e+00,-4.298682212829589844e+00
2.004161930084228516e+01,-1.938523101806640625e+01,3.319109678268432617e+00,6.741776466369628906e+00,-2.549369812011718750e+01,6.141788005828857422e+00,-3.300342321395874023e+00
2.006176614761352539e+01,-2.004043388366699219e+01,4.064784049987792969e+00,5.854916095733642578e+00,-2.517799949645996094e+01,6.093843460083007812e+00,-6.126491546630859375e+00
2.008177614212036133e+01,-2.091866874694824219e+01,4.515031337738037109e+00,5.418090820312500000e+00,-2.341448783874511719e+01,4.352977752685546875e+00,-6.470863342285156250e+00
2.010199832916259766e+01,-2.025874137878417969e+01,4.000046730041503906e+00,6.342686176300048828e+00,-2.522119140625000000e+01,5.782961368560791016e+00,-3.422650337219238281e+00
2.012228727340698242e+01,-1.915075683593750000e+01,3.168463230133056641e+00,6.296631813049316406e+00,-2.562527465820312500e+01,5.945187091827392578e+00,-6.084425926208496094e+00
2.014244937896728516e+01,-2.010101127624511719e+01,3.662077188491821289e+00,6.021899700164794922e+00,-2.542603302001953125e+01,5.550315856933593750e+00,-7.323067188262939453e+00
2.016265153884887695e+01,-2.090433311462402344e+01,4.132303714752197266e+00,5.924628734588623047e+00,-2.483361625671386719e+01,4.570518493652343750e+00,-5.069185733795166016e+00
2.018267226219177246e+01,-2.037051963806152344e+01,3.840291976928710938e+00,5.266162872314453125e+00,-2.586446380615234375e+01,5.779661178588867188e+00,-3.496332168579101562e+00
2.020277595520019531e+01,-1.844746398925781250e+01,2.757529735565185547e+00,5.638766288757324219e+00,-2.551079750061035156e+01,6.145758152008056641e+00,-7.606863975524902344e+00
2.022382760047912598e+01,-2.051679992675781250e+01,3.676347017288208008e+00,6.077541828155517578e+00,-2.523486518859863281e+01,4.724462032318115234e+00,-5.170382499694824219e+00
2.024360823631286621e+01,-2.051298332214355469e+01,3.413282394409179688e+00,5.735598564147949219e+00,-2.639348983764648438e+01,5.256262779235839844e+00,-3.471720457077026367e+00
2.026370787620544434e+01,-1.993931388854980469e+01,4.007516860961914062e+00,5.733445644378662109e+00,-2.662963676452636719e+01,5.810450077056884766e+00,-5.355694293975830078e+00
2.028443384170532227e+01,-2.015624427795410156e+01,4.195712089538574219e+00,6.496357917785644531e+00,-2.579569244384765625e+01,5.949664592742919922e+00,-7.683271884918212891e+00
2.030540132522583008e+01,-1.828126144409179688e+01,1.952589869499206543e+00,6.786661148071289062e+00,-2.696619796752929688e+01,5.466036319732666016e+00,-3.117196083068847656e+00
2.032438063621520996e+01,-2.000421333312988281e+01,3.184210062026977539e+00,6.095379352569580078e+00,-2.742708206176757812e+01,5.787317752838134766e+00,-4.862766265869140625e+00
2.034430837631225586e+01,-2.079813194274902344e+01,3.909264564514160156e+00,5.834155082702636719e+00,-2.654324340820312500e+01,5.465888977050781250e+00,-7.619199752807617188e+00
2.036496520042419434e+01,-2.145280075073242188e+01,4.471817493438720703e+00,5.505451202392578125e+00,-2.532321357727050781e+01,5.018606185913085938e+00,-4.430334091186523438e+00
2.038528561592102051e+01,-1.857410430908203125e+01,2.586345911026000977e+00,5.919307708740234375e+00,-2.708719444274902344e+01,6.396793365478515625e+00,-4.338533401489257812e+00
2.040550708770751953e+01,-1.984620666503906250e+01,3.848659753799438477e+00,6.339187145233154297e+00,-2.716607284545898438e+01,6.006913185119628906e+00,-6.155285835266113281e+00
2.042549657821655273e+01,-2.021106910705566406e+01,4.285287380218505859e+00,5.719346523284912109e+00,-2.687922859191894531e+01,5.928902626037597656e+00,-6.198851585388183594e+00
2.044556665420532227e+01,-2.036942672729492188e+01,4.923330783843994141e+00,5.718410491943359375e+00,-2.585791206359863281e+01,6.716125488281250000e+00,-6.443152904510498047e+00
2.046568322181701660e+01,-2.028450584411621094e+01,4.664716243743896484e+00,6.564363002777099609e+00,-2.470661163330078125e+01,6.298502922058105469e+00,-4.453496932983398438e+00
2.048588252067565918e+01,-2.069940567016601562e+01,4.560922145843505859e+00,5.696157932281494141e+00,-2.603103256225585938e+01,6.900117397308349609e+00,-3.182842969894409180e+00
2.050601673126220703e+01,-1.994397163391113281e+01,5.223674774169921875e+00,5.724280834197998047e+00,-2.617120552062988281e+01,7.229615211486816406e+00,-5.915784358978271484e+00
2.052606320381164551e+01,-2.011209678649902344e+01,5.615362644195556641e+00,5.759770870208740234e+00,-2.585750579833984375e+01,7.627745151519775391e+00,-6.124694347381591797e+00
2.054625105857849121e+01,-1.868405151367187500e+01,4.586793899536132812e+00,6.498789310455322266e+00,-2.567254638671875000e+01,8.087974548339843750e+00,-5.172408580780029297e+00
2.056640744209289551e+01,-1.979560279846191406e+01,4.819321632385253906e+00,5.791066646575927734e+00,-2.585183525085449219e+01,7.497678279876708984e+00,-5.755932331085205078e+00
2.058642220497131348e+01,-2.008841705322265625e+01,5.155051708221435547e+00,5.602935791015625000e+00,-2.565678024291992188e+01,7.172695636749267578e+00,-5.989573478698730469e+00
2.060645461082458496e+01,-1.963813591003417969e+01,5.696425914764404297e+00,6.203850269317626953e+00,-2.518976402282714844e+01,7.662915706634521484e+00,-5.757703781127929688e+00
2.062665534019470215e+01,-1.996865653991699219e+01,6.061138153076171875e+00,5.197584629058837891e+00,-2.479816055297851562e+01,8.291983604431152344e+00,-4.978135585784912109e+00
2.064677667617797852e+01,-1.949868583679199219e+01,6.272274971008300781e+00,6.454214572906494141e+00,-2.496435737609863281e+01,8.499548912048339844e+00,-5.503659248352050781e+00
2.066687250137329102e+01,-1.889898300170898438e+01,6.203794002532958984e+00,5.405036449432373047e+00,-2.530578994750976562e+01,8.461962699890136719e+00,-5.722475051879882812e+00
2.068691825866699219e+01,-1.875702857971191406e+01,5.701207160949707031e+00,6.686544895172119141e+00,-2.559281730651855469e+01,8.870246887207031250e+00,-5.879950046539306641e+00
2.070714807510375977e+01,-2.008249664306640625e+01,5.618323326110839844e+00,5.768497467041015625e+00,-2.529194259643554688e+01,8.192957878112792969e+00,-5.421948909759521484e+00
2.072729396820068359e+01,-2.008761596679687500e+01,5.832326412200927734e+00,5.688452243804931641e+00,-2.469939994812011719e+01,7.952347278594970703e+00,-4.961818218231201172e+00
2.074736547470092773e+01,-1.978907775878906250e+01,6.316452026367187500e+00,5.763389110565185547e+00,-2.446747589111328125e+01,8.234801292419433594e+00,-5.456994056701660156e+00
2.076750802993774414e+01,-1.953482818603515625e+01,6.635482311248779297e+00,5.721369743347167969e+00,-2.406270790100097656e+01,8.649500846862792969e+00,-4.884717941284179688e+00
2.078708195686340332e+01,-1.914858818054199219e+01,6.665897369384765625e+00,5.577208518981933594e+00,-2.413333892822265625e+01,8.866364479064941406e+00,-5.701161861419677734e+00
2.080722332000732422e+01,-1.888404083251953125e+01,6.782469749450683594e+00,6.173153400421142578e+00,-2.412132072448730469e+01,9.063198089599609375e+00,-5.676807880401611328e+00
2.082729959487915039e+01,-1.886377525329589844e+01,6.823694705963134766e+00,6.042695522308349609e+00,-2.404030227661132812e+01,9.103853225708007812e+00,-5.674155235290527344e+00
2.084747815132141113e+01,-1.876560211181640625e+01,6.780592441558837891e+00,5.661600589752197266e+00,-2.399640274047851562e+01,9.229971885681152344e+00,-5.696158409118652344e+00
2.086757993698120117e+01,-1.892072677612304688e+01,6.773327350616455078e+00,5.198930740356445312e+00,-2.388627052307128906e+01,9.166986465454101562e+00,-5.673743724822998047e+00
2.088881468772888184e+01,-1.787332534790039062e+01,6.648842811584472656e+00,3.363662481307983398e+00,-2.390870285034179688e+01,9.053535461425781250e+00,-5.643110275268554688e+00
2.090775394439697266e+01,-1.672363853454589844e+01,5.491213798522949219e+00,7.086569786071777344e+00,-2.430213356018066406e+01,9.386847496032714844e+00,-4.960702896118164062e+00
2.092877817153930664e+01,-1.938317298889160156e+01,5.978135585784912109e+00,5.421234607696533203e+00,-2.405579185485839844e+01,8.475604057312011719e+00,-5.063897609710693359e+00
2.094877552986145020e+01,-1.899630928039550781e+01,6.139004230499267578e+00,5.583335399627685547e+00,-2.361956214904785156e+01,8.228261947631835938e+00,-4.863458156585693359e+00
2.096914386749267578e+01,-1.868852233886718750e+01,6.543946266174316406e+00,5.584774494171142578e+00,-2.351033782958984375e+01,8.445798873901367188e+00,-5.608419418334960938e+00
2.098946404457092285e+01,-1.641524887084960938e+01,4.834123134613037109e+00,5.689269542694091797e+00,-2.381965637207031250e+01,8.894891738891601562e+00,-5.410893917083740234e+00
2.100935387611389160e+01,-1.863756942749023438e+01,5.649187564849853516e+00,5.733657836914062500e+00,-2.396687316894531250e+01,8.066061973571777344e+00,-5.395723342895507812e+00
2.102910757064819336e+01,-1.874271392822265625e+01,5.843710899353027344e+00,5.531506061553955078e+00,-2.381911468505859375e+01,7.834165573120117188e+00,-5.091959953308105469e+00
2.104931664466857910e+01,-1.853711128234863281e+01,6.233995437622070312e+00,5.558794021606445312e+00,-2.375465965270996094e+01,8.032244682312011719e+00,-5.574556827545166016e+00
2.106992745399475098e+01,-1.815987968444824219e+01,6.583045005798339844e+00,6.221871376037597656e+00,-2.361965370178222656e+01,8.551527976989746094e+00,-5.485481262207031250e+00
2.108966803550720215e+01,-1.852820396423339844e+01,5.492033481597900391e+00,5.300997734069824219e+00,-2.403211975097656250e+01,8.165418624877929688e+00,-5.388702869415283203e+00
2.111012363433837891e+01,-1.861771965026855469e+01,5.890178680419921875e+00,5.543859958648681641e+00,-2.405031394958496094e+01,7.945242404937744141e+00,-5.550465106964111328e+00
2.113015723228454590e+01,-1.849931335449218750e+01,6.164847373962402344e+00,5.480981826782226562e+00,-2.373879814147949219e+01,8.081335067749023438e+00,-5.286038875579833984e+00
2.115017938613891602e+01,-1.808456420898437500e+01,6.332685947418212891e+00,6.070805549621582031e+00,-2.357010078430175781e+01,8.531503677368164062e+00,-5.053123474121093750e+00
2.117031145095825195e+01,-1.817711639404296875e+01,5.361917018890380859e+00,5.895393848419189453e+00,-2.410855484008789062e+01,8.179178237915039062e+00,-5.137426853179931641e+00
2.119091057777404785e+01,-1.867447090148925781e+01,5.625774383544921875e+00,5.472911834716796875e+00,-2.396057319641113281e+01,7.830792903900146484e+00,-4.814424514770507812e+00
2.121054172515869141e+01,-1.853789138793945312e+01,5.992640018463134766e+00,5.513996601104736328e+00,-2.395153617858886719e+01,7.947237968444824219e+00,-5.316265106201171875e+00
2.123068952560424805e+01,-1.848285102844238281e+01,6.317376136779785156e+00,5.530817031860351562e+00,-2.355467224121093750e+01,8.329572677612304688e+00,-4.730065822601318359e+00
2.125122547149658203e+01,-1.844252014160156250e+01,6.583011627197265625e+00,5.490272998809814453e+00,-2.367254638671875000e+01,8.568560600280761719e+00,-5.274769783020019531e+00
2.127128767967224121e+01,-1.719166374206542969e+01,5.765149116516113281e+00,6.838568687438964844e+00,-2.412484169006347656e+01,8.745555877685546875e+00,-5.329566478729248047e+00
2.129113054275512695e+01,-1.870428848266601562e+01,5.882667064666748047e+00,5.414829254150390625e+00,-2.406078338623046875e+01,7.966927051544189453e+00,-5.379795074462890625e+00
2.131119465827941895e+01,-1.842071723937988281e+01,6.009207725524902344e+00,5.481177806854248047e+00,-2.380567932128906250e+01,7.905874252319335938e+00,-5.289485454559326172e+00
2.133125066757202148e+01,-1.837967681884765625e+01,6.255703449249267578e+00,5.041266441345214844e+00,-2.348167037963867188e+01,8.354080200195312500e+00,-5.034321784973144531e+00
2.135135269165039062e+01,-1.790648078918457031e+01,6.332388401031494141e+00,5.955197811126708984e+00,-2.349797248840332031e+01,8.644534111022949219e+00,-5.073807239532470703e+00
2.137154769897460938e+01,-1.793648338317871094e+01,6.334030628204345703e+00,5.775013446807861328e+00,-2.370839881896972656e+01,8.558580398559570312e+00,-5.583606243133544922e+00
2.139173722267150879e+01,-1.822881126403808594e+01,6.264845848083496094e+00,5.003295898437500000e+00,-2.359872817993164062e+01,8.705362319946289062e+00,-5.115158081054687500e+00
2.141170835494995117e+01,-1.774753189086914062e+01,6.229803085327148438e+00,6.431875228881835938e+00,-2.358071136474609375e+01,8.690844535827636719e+00,-4.725368499755859375e+00
2.143193626403808594e+01,-1.719643020629882812e+01,6.120661735534667969e+00,5.171701431274414062e+00,-2.398680114746093750e+01,8.571483612060546875e+00,-5.305885791778564453e+00
2.145203781127929688e+01,-1.645538330078125000e+01,4.279625892639160156e+00,6.181411743164062500e+00,-2.442024421691894531e+01,8.085433959960937500e+00,-4.928064823150634766e+00
2.147217392921447754e+01,-1.772533607482910156e+01,4.857018470764160156e+00,6.224361896514892578e+00,-2.452154731750488281e+01,7.624454498291015625e+00,-5.543133258819580078e+00
2.149226212501525879e+01,-1.869684028625488281e+01,5.409457683563232422e+00,5.462162971496582031e+00,-2.403577041625976562e+01,7.397690773010253906e+00,-5.314819335937500000e+00
2.151243400573730469e+01,-1.849002647399902344e+01,5.889142036437988281e+00,5.564221858978271484e+00,-2.355528259277343750e+01,7.874791622161865234e+00,-4.688407421112060547e+00
2.153262472152709961e+01,-1.855957984924316406e+01,6.072093486785888672e+00,4.870656967163085938e+00,-2.356723785400390625e+01,8.112575531005859375e+00,-5.350378513336181641e+00
2.155379199981689453e+01,-1.693894195556640625e+01,4.901772499084472656e+00,5.523841857910156250e+00,-2.396740341186523438e+01,8.218406677246093750e+00,-5.260685920715332031e+00
2.157300209999084473e+01,-1.844334793090820312e+01,5.345642089843750000e+00,5.375034332275390625e+00,-2.403745079040527344e+01,7.502201557159423828e+00,-5.328466415405273438e+00
2.159382128715515137e+01,-1.833130264282226562e+01,5.557558059692382812e+00,5.449901580810546875e+00,-2.375571441650390625e+01,7.555347442626953125e+00,-4.740904808044433594e+00
2.161348962783813477e+01,-1.818830299377441406e+01,5.963502407073974609e+00,5.494774341583251953e+00,-2.370199203491210938e+01,7.888203620910644531e+00,-5.246647357940673828e+00
2.163374710083007812e+01,-1.817481613159179688e+01,6.173548221588134766e+00,5.453482627868652344e+00,-2.348017120361328125e+01,8.244725227355957031e+00,-4.703211307525634766e+00
2.165651750564575195e+01,-1.684303855895996094e+01,4.412487983703613281e+00,5.828255653381347656e+00,-2.415477561950683594e+01,7.837135791778564453e+00,-5.340277671813964844e+00
2.167440342903137207e+01,-1.827327346801757812e+01,5.024760723114013672e+00,5.415274620056152344e+00,-2.411474037170410156e+01,7.435090541839599609e+00,-5.054633617401123047e+00
2.169445991516113281e+01,-1.832678222656250000e+01,5.431715011596679688e+00,5.426923274993896484e+00,-2.406443786621093750e+01,7.339262485504150391e+00,-5.521777153015136719e+00
2.171467781066894531e+01,-1.816747283935546875e+01,5.876364231109619141e+00,5.431625843048095703e+00,-2.380137252807617188e+01,7.814304828643798828e+00,-5.390605926513671875e+00
2.173478198051452637e+01,-1.574553394317626953e+01,4.256238937377929688e+00,5.385774135589599609e+00,-2.356181526184082031e+01,8.145546913146972656e+00,-5.202450275421142578e+00
2.175457334518432617e+01,-1.816804504394531250e+01,4.309288501739501953e+00,5.400236129760742188e+00,-2.502350997924804688e+01,6.519719123840332031e+00,-5.399449348449707031e+00
2.177457094192504883e+01,-1.827039718627929688e+01,4.057013034820556641e+00,5.657300949096679688e+00,-2.610548973083496094e+01,5.581553936004638672e+00,-5.761958599090576172e+00
2.179473590850830078e+01,-1.820158004760742188e+01,4.746508598327636719e+00,5.746613979339599609e+00,-2.606247901916503906e+01,6.244497299194335938e+00,-5.256308555603027344e+00
2.181513643264770508e+01,-1.828590583801269531e+01,5.546245574951171875e+00,5.855536937713623047e+00,-2.552363586425781250e+01,6.952235698699951172e+00,-6.038499355316162109e+00
2.183499073982238770e+01,-1.888438987731933594e+01,6.161685943603515625e+00,5.905900955200195312e+00,-2.484351348876953125e+01,7.122011661529541016e+00,-2.821910381317138672e+00
2.185529613494873047e+01,-1.780903244018554688e+01,5.374801635742187500e+00,5.860507488250732422e+00,-2.602278518676757812e+01,8.145400047302246094e+00,-4.323850154876708984e+00
2.187515902519226074e+01,-1.790081214904785156e+01,6.376998424530029297e+00,5.629166603088378906e+00,-2.543403053283691406e+01,8.293057441711425781e+00,-5.990360736846923828e+00
2.189540171623229980e+01,-1.791880226135253906e+01,6.956523895263671875e+00,5.594617843627929688e+00,-2.488405227661132812e+01,8.754111289978027344e+00,-5.995745182037353516e+00
2.191542768478393555e+01,-1.790075683593750000e+01,7.339334964752197266e+00,6.378292560577392578e+00,-2.414041900634765625e+01,9.395672798156738281e+00,-5.014035701751708984e+00
2.193546342849731445e+01,-1.817104339599609375e+01,7.693309783935546875e+00,5.284852504730224609e+00,-2.380720329284667969e+01,9.914830207824707031e+00,-5.598019123077392578e+00
2.195564746856689453e+01,-1.780620765686035156e+01,7.875892639160156250e+00,6.483869075775146484e+00,-2.348011970520019531e+01,1.008000659942626953e+01,-5.806718349456787109e+00
2.197569298744201660e+01,-1.810967636108398438e+01,7.949172496795654297e+00,5.703223705291748047e+00,-2.316467475891113281e+01,1.024796676635742188e+01,-5.784437179565429688e+00
2.199582934379577637e+01,-1.813734245300292969e+01,8.362028121948242188e+00,5.469011306762695312e+00,-2.242821884155273438e+01,1.096042633056640625e+01,-5.282659530639648438e+00
2.201587438583374023e+01,-1.789513969421386719e+01,8.631727218627929688e+00,6.255292415618896484e+00,-2.195741653442382812e+01,1.101732635498046875e+01,-5.572756767272949219e+00
2.203609204292297363e+01,-1.798824882507324219e+01,9.177608489990234375e+00,5.769364833831787109e+00,-2.110296058654785156e+01,1.169278430938720703e+01,-5.138653278350830078e+00
2.205620074272155762e+01,-1.787869644165039062e+01,9.368409156799316406e+00,5.722636222839355469e+00,-1.982082557678222656e+01,1.199213886260986328e+01,-4.306168556213378906e+00
2.207631564140319824e+01,-1.524188613891601562e+01,6.887279510498046875e+00,5.794071674346923828e+00,-2.047502708435058594e+01,1.141634654998779297e+01,-7.074675559997558594e+00
2.209659242630004883e+01,-1.861614036560058594e+01,6.348206043243408203e+00,5.783127784729003906e+00,-2.172042083740234375e+01,8.395206451416015625e+00,-1.632175803184509277e+00
2.214885997772216797e+01,-1.703606414794921875e+01,4.010997295379638672e+00,7.049053668975830078e+00,-2.415366363525390625e+01,6.532618999481201172e+00,-4.065897941589355469e+00
2.215204453468322754e+01,-1.659288597106933594e+01,4.014548301696777344e+00,6.397549152374267578e+00,-2.455149841308593750e+01,6.483439445495605469e+00,-5.896142482757568359e+00
2.217157340049743652e+01,-1.763261795043945312e+01,2.999273538589477539e+00,5.945261955261230469e+00,-2.545772552490234375e+01,4.976059913635253906e+00,-6.733631610870361328e+00
2.219166135787963867e+01,-1.811995697021484375e+01,2.341176509857177734e+00,6.963474750518798828e+00,-2.627968978881835938e+01,4.382358551025390625e+00,-6.529561042785644531e+00
2.221138620376586914e+01,-1.881155586242675781e+01,2.285112380981445312e+00,5.481939792633056641e+00,-2.623368263244628906e+01,4.363216876983642578e+00,-5.323578357696533203e+00
2.223140597343444824e+01,-1.695753479003906250e+01,1.213777780532836914e+00,5.816563129425048828e+00,-2.616533851623535156e+01,4.598572731018066406e+00,-7.319711208343505859e+00
2.225154447555541992e+01,-1.972447013854980469e+01,2.595926761627197266e+00,5.588857650756835938e+00,-2.608265876770019531e+01,4.069653034210205078e+00,-2.893771648406982422e+00
2.227154016494750977e+01,-1.878050041198730469e+01,2.902155160903930664e+00,5.477450370788574219e+00,-2.691587066650390625e+01,4.771554470062255859e+00,-4.255287647247314453e+00
2.229171538352966309e+01,-1.826933288574218750e+01,3.595221519470214844e+00,5.484700202941894531e+00,-2.683625221252441406e+01,5.303412437438964844e+00,-5.727439880371093750e+00
2.231182503700256348e+01,-1.657269477844238281e+01,2.618345499038696289e+00,5.353939533233642578e+00,-2.704306411743164062e+01,5.775523185729980469e+00,-5.993969917297363281e+00
2.233192706108093262e+01,-1.771106910705566406e+01,2.913249731063842773e+00,6.691438198089599609e+00,-2.693738174438476562e+01,5.266338348388671875e+00,-6.035560131072998047e+00
2.235200500488281250e+01,-1.902015876770019531e+01,3.477250576019287109e+00,5.741277217864990234e+00,-2.636357116699218750e+01,5.408667087554931641e+00,-5.260022163391113281e+00
2.237213253974914551e+01,-1.933383941650390625e+01,4.151336193084716797e+00,5.518888473510742188e+00,-2.551817131042480469e+01,5.876940250396728516e+00,-6.129211902618408203e+00
2.239225482940673828e+01,-2.035359764099121094e+01,4.449206352233886719e+00,4.270962715148925781e+00,-2.379827880859375000e+01,5.409712791442871094e+00,-3.951366901397705078e+00
2.241217756271362305e+01,-1.702586364746093750e+01,2.652119636535644531e+00,5.351433277130126953e+00,-2.538991928100585938e+01,6.886744499206542969e+00,-2.661257743835449219e+00
2.243260335922241211e+01,-1.841716003417968750e+01,3.978389501571655273e+00,5.152842998504638672e+00,-2.525800132751464844e+01,6.691183567047119141e+00,-5.934270381927490234e+00
2.245274233818054199e+01,-1.896844291687011719e+01,4.560847282409667969e+00,5.301740169525146484e+00,-2.461319541931152344e+01,6.519570350646972656e+00,-7.087727069854736328e+00
2.247278285026550293e+01,-1.949873352050781250e+01,5.055852413177490234e+00,5.456878662109375000e+00,-2.362234115600585938e+01,5.841207504272460938e+00,-3.873354434967041016e+00
2.249378871917724609e+01,-1.903415107727050781e+01,4.858016490936279297e+00,4.765377044677734375e+00,-2.473405075073242188e+01,7.173120021820068359e+00,-2.894696474075317383e+00
2.251383590698242188e+01,-1.584101390838623047e+01,3.396820068359375000e+00,6.001979827880859375e+00,-2.585696411132812500e+01,7.687252998352050781e+00,-5.239597320556640625e+00
2.253442406654357910e+01,-1.741625404357910156e+01,3.960283756256103516e+00,6.624813556671142578e+00,-2.603216934204101562e+01,7.090005874633789062e+00,-5.757621765136718750e+00
2.255404090881347656e+01,-1.909639930725097656e+01,4.442861557006835938e+00,5.351173400878906250e+00,-2.565700912475585938e+01,6.576597690582275391e+00,-5.827416896820068359e+00
2.257485055923461914e+01,-1.919447708129882812e+01,4.962725162506103516e+00,5.331429004669189453e+00,-2.488985633850097656e+01,6.941126346588134766e+00,-5.299041271209716797e+00
2.259497904777526855e+01,-1.922358131408691406e+01,5.203440666198730469e+00,4.557512760162353516e+00,-2.443197441101074219e+01,7.158245086669921875e+00,-5.540531158447265625e+00
2.261496758460998535e+01,-1.796872329711914062e+01,5.257394790649414062e+00,2.737385988235473633e+00,-2.433967018127441406e+01,7.448378086090087891e+00,-5.096781253814697266e+00
2.263481783866882324e+01,-1.669824790954589844e+01,4.416478157043457031e+00,6.834444522857666016e+00,-2.480943870544433594e+01,7.994960784912109375e+00,-4.716346263885498047e+00
2.265545034408569336e+01,-1.889616584777832031e+01,5.496689319610595703e+00,5.804517269134521484e+00,-2.465630340576171875e+01,7.788097858428955078e+00,-5.344223499298095703e+00
2.267552137374877930e+01,-1.928567886352539062e+01,5.491761207580566406e+00,5.285982608795166016e+00,-2.354233741760253906e+01,7.258134365081787109e+00,-6.441586494445800781e+00
2.269559431076049805e+01,-1.975617980957031250e+01,5.925136566162109375e+00,4.588679313659667969e+00,-2.277887725830078125e+01,7.471807956695556641e+00,-1.828844189643859863e+00
2.271532368659973145e+01,-1.823735809326171875e+01,5.804502487182617188e+00,5.568228244781494141e+00,-2.411710166931152344e+01,8.230915069580078125e+00,-3.995198726654052734e+00
2.273533248901367188e+01,-1.761424827575683594e+01,6.052482128143310547e+00,6.393524169921875000e+00,-2.430026435852050781e+01,8.269196510314941406e+00,-5.495574474334716797e+00
2.275547266006469727e+01,-1.810982894897460938e+01,5.944553375244140625e+00,5.361959934234619141e+00,-2.408270072937011719e+01,8.419970512390136719e+00,-4.688624382019042969e+00
2.277561116218566895e+01,-1.824308776855468750e+01,6.136675357818603516e+00,5.025666236877441406e+00,-2.409466552734375000e+01,8.372470855712890625e+00,-5.571403503417968750e+00
2.279573845863342285e+01,-1.674832725524902344e+01,4.941526889801025391e+00,5.789633274078369141e+00,-2.422941780090332031e+01,8.394095420837402344e+00,-5.244666576385498047e+00
2.281580853462219238e+01,-1.846982765197753906e+01,5.496069431304931641e+00,5.152604579925537109e+00,-2.405099296569824219e+01,7.762344360351562500e+00,-4.955455780029296875e+00
2.283600521087646484e+01,-1.822227478027343750e+01,5.848890304565429688e+00,5.240180015563964844e+00,-2.375490951538085938e+01,7.819703578948974609e+00,-4.806779384613037109e+00
2.285612940788269043e+01,-1.821099090576171875e+01,6.240171909332275391e+00,4.720525741577148438e+00,-2.343689346313476562e+01,8.402125358581542969e+00,-4.556131839752197266e+00
2.287618970870971680e+01,-1.723727035522460938e+01,5.814376354217529297e+00,5.864870071411132812e+00,-2.388274002075195312e+01,8.910627365112304688e+00,-4.620186328887939453e+00
2.289634370803833008e+01,-1.848772811889648438e+01,5.990301132202148438e+00,5.133046627044677734e+00,-2.378536224365234375e+01,8.178952217102050781e+00,-4.583148479461669922e+00
2.291635751724243164e+01,-1.812261199951171875e+01,6.210222244262695312e+00,5.231437206268310547e+00,-2.355007743835449219e+01,8.233644485473632812e+00,-4.525862693786621094e+00
2.293660116195678711e+01,-1.812568283081054688e+01,6.514516830444335938e+00,4.730162143707275391e+00,-2.347156906127929688e+01,8.555665969848632812e+00,-5.195114135742187500e+00
2.295701813697814941e+01,-1.774143028259277344e+01,6.510168075561523438e+00,6.125097751617431641e+00,-2.336175346374511719e+01,8.800421714782714844e+00,-4.509928703308105469e+00
2.297734379768371582e+01,-1.771994018554687500e+01,6.579765796661376953e+00,5.651517391204833984e+00,-2.341008377075195312e+01,8.845396041870117188e+00,-4.783243179321289062e+00
2.302738261222839355e+01,-1.728808021545410156e+01,6.553047180175781250e+00,6.384875297546386719e+00,-2.341903686523437500e+01,8.879129409790039062e+00,-4.616509914398193359e+00
2.303021788597106934e+01,-1.851036453247070312e+01,6.601619720458984375e+00,6.164813041687011719e+00,-2.352592658996582031e+01,8.828474044799804688e+00,-2.074365854263305664e+00
2.305040192604064941e+01,-1.846056365966796875e+01,6.226506233215332031e+00,5.168442249298095703e+00,-2.393457794189453125e+01,8.731670379638671875e+00,-3.418443918228149414e+00
2.307052683830261230e+01,-1.790037536621093750e+01,6.286069869995117188e+00,4.290093421936035156e+00,-2.374765586853027344e+01,8.600992202758789062e+00,-5.439633369445800781e+00
2.309055948257446289e+01,-1.735424995422363281e+01,6.456784248352050781e+00,5.624466419219970703e+00,-2.346740531921386719e+01,8.532531738281250000e+00,-5.554887294769287109e+00
2.311066794395446777e+01,-1.737241363525390625e+01,5.509135723114013672e+00,5.469715118408203125e+00,-2.369792747497558594e+01,8.348741531372070312e+00,-5.428875923156738281e+00
2.313077378273010254e+01,-1.783323097229003906e+01,5.805583477020263672e+00,5.124866485595703125e+00,-2.352212905883789062e+01,7.891883373260498047e+00,-5.142715454101562500e+00
2.315094518661499023e+01,-1.755678558349609375e+01,6.207669734954833984e+00,5.192008972167968750e+00,-2.325256156921386719e+01,8.229279518127441406e+00,-4.807151794433593750e+00
2.317090344429016113e+01,-1.724110984802246094e+01,6.420230388641357422e+00,5.995159149169921875e+00,-2.310077476501464844e+01,8.776670455932617188e+00,-4.551530361175537109e+00
2.319119811058044434e+01,-1.662886238098144531e+01,6.391412258148193359e+00,4.928689956665039062e+00,-2.355817031860351562e+01,8.755548477172851562e+00,-5.019516468048095703e+00
2.321155643463134766e+01,-1.566580963134765625e+01,5.237580299377441406e+00,6.532882213592529297e+00,-2.414046669006347656e+01,8.946003913879394531e+00,-4.917206764221191406e+00
2.323189854621887207e+01,-1.810357666015625000e+01,5.562789440155029297e+00,5.205452919006347656e+00,-2.404716491699218750e+01,8.052141189575195312e+00,-4.913220882415771484e+00
2.325222897529602051e+01,-1.809162330627441406e+01,5.814937114715576172e+00,5.254964828491210938e+00,-2.361063003540039062e+01,7.862654209136962891e+00,-4.518217086791992188e+00
2.327205324172973633e+01,-1.784190559387207031e+01,6.141415119171142578e+00,4.749315261840820312e+00,-2.337661743164062500e+01,8.040327072143554688e+00,-5.247667312622070312e+00
2.332138943672180176e+01,-1.734242630004882812e+01,6.363621234893798828e+00,5.749348163604736328e+00,-2.318357467651367188e+01,8.394858360290527344e+00,-5.111522674560546875e+00
2.332464289665222168e+01,-1.616976737976074219e+01,5.521826744079589844e+00,6.843380451202392578e+00,-2.368949508666992188e+01,8.656774520874023438e+00,-4.550726413726806641e+00
2.334529852867126465e+01,-1.798237228393554688e+01,6.480000972747802734e+00,5.791641712188720703e+00,-2.356200027465820312e+01,8.864275932312011719e+00,-4.399325847625732422e+00
2.336524558067321777e+01,-1.808580970764160156e+01,6.000957012176513672e+00,5.154979228973388672e+00,-2.366473770141601562e+01,7.874858856201171875e+00,-5.241458892822265625e+00
2.338488793373107910e+01,-1.779484558105468750e+01,6.218887805938720703e+00,5.275403499603271484e+00,-2.320765304565429688e+01,8.100957870483398438e+00,-4.725245952606201172e+00
2.340458416938781738e+01,-1.683921813964843750e+01,6.189103126525878906e+00,6.540034770965576172e+00,-2.319530677795410156e+01,8.340516090393066406e+00,-4.972887516021728516e+00
2.342526006698608398e+01,-1.479576206207275391e+01,4.383538246154785156e+00,3.843002080917358398e+00,-2.379976463317871094e+01,8.644382476806640625e+00,-4.439862251281738281e+00
2.344536089897155762e+01,-1.738801956176757812e+01,5.390174865722656250e+00,6.203271865844726562e+00,-2.403154373168945312e+01,7.974641799926757812e+00,-4.663985729217529297e+00
2.346545791625976562e+01,-1.806777763366699219e+01,5.762977123260498047e+00,5.219904422760009766e+00,-2.359610557556152344e+01,7.790294170379638672e+00,-4.540265560150146484e+00
2.348559379577636719e+01,-1.792581558227539062e+01,6.087022304534912109e+00,4.742689609527587891e+00,-2.343403816223144531e+01,8.026491165161132812e+00,-5.138122558593750000e+00
2.350570869445800781e+01,-1.797467041015625000e+01,6.074455261230468750e+00,4.494422912597656250e+00,-2.310820960998535156e+01,8.150400161743164062e+00,-4.636717319488525391e+00
2.352575850486755371e+01,-1.752224731445312500e+01,6.014582157135009766e+00,4.539745807647705078e+00,-2.322622299194335938e+01,8.330485343933105469e+00,-4.718885421752929688e+00
2.354593849182128906e+01,-1.695071411132812500e+01,6.081786632537841797e+00,6.314670085906982422e+00,-2.328804206848144531e+01,8.361959457397460938e+00,-4.458894729614257812e+00
2.356603217124938965e+01,-1.719649124145507812e+01,6.117624282836914062e+00,5.510799407958984375e+00,-2.330736160278320312e+01,8.498357772827148438e+00,-4.508697986602783203e+00
2.358601284027099609e+01,-1.748673248291015625e+01,6.118045330047607422e+00,4.556856155395507812e+00,-2.332034492492675781e+01,8.574821472167968750e+00,-4.539529800415039062e+00
2.360614871978759766e+01,-1.750909233093261719e+01,5.990661621093750000e+00,4.512693881988525391e+00,-2.328747558593750000e+01,8.446609497070312500e+00,-4.512912750244140625e+00
2.362626647949218750e+01,-1.627270126342773438e+01,5.894015312194824219e+00,3.257596731185913086e+00,-2.363151931762695312e+01,8.274074554443359375e+00,-5.209847927093505859e+00
2.364678025245666504e+01,-1.619433212280273438e+01,4.498685836791992188e+00,6.142347335815429688e+00,-2.425304412841796875e+01,7.773507595062255859e+00,-5.083906650543212891e+00
2.366710233688354492e+01,-1.784181022644042969e+01,5.265125751495361328e+00,5.266151428222656250e+00,-2.411450004577636719e+01,7.432415485382080078e+00,-5.323163509368896484e+00
2.368717789649963379e+01,-1.794350242614746094e+01,5.551467895507812500e+00,5.280406475067138672e+00,-2.363018417358398438e+01,7.577361583709716797e+00,-4.457417011260986328e+00
2.370734739303588867e+01,-1.796659278869628906e+01,5.827201366424560547e+00,4.736844062805175781e+00,-2.348656082153320312e+01,7.802276611328125000e+00,-4.942476272583007812e+00
2.372740983963012695e+01,-1.774965667724609375e+01,5.845174312591552734e+00,4.998056411743164062e+00,-2.328314781188964844e+01,7.809274673461914062e+00,-4.634860515594482422e+00
2.374762153625488281e+01,-1.652061462402343750e+01,5.703262329101562500e+00,3.168497800827026367e+00,-2.356449699401855469e+01,7.871322631835937500e+00,-5.188884735107421875e+00
2.376765704154968262e+01,-1.555796623229980469e+01,4.705052852630615234e+00,6.668724536895751953e+00,-2.413407516479492188e+01,8.399766921997070312e+00,-4.498233795166015625e+00
2.378784060478210449e+01,-1.800839233398437500e+01,5.137512683868408203e+00,5.197837352752685547e+00,-2.424345397949218750e+01,7.467020034790039062e+00,-5.328380584716796875e+00
2.380744624137878418e+01,-1.804155731201171875e+01,5.411209583282470703e+00,5.170404911041259766e+00,-2.388317298889160156e+01,7.239291667938232422e+00,-5.201859474182128906e+00
2.382865571975708008e+01,-1.798590850830078125e+01,5.546580791473388672e+00,4.309727191925048828e+00,-2.344879150390625000e+01,7.524984836578369141e+00,-4.904464721679687500e+00
2.384774136543273926e+01,-1.716770553588867188e+01,5.666918277740478516e+00,6.191359996795654297e+00,-2.334078407287597656e+01,7.812273025512695312e+00,-4.375040531158447266e+00
2.386770915985107422e+01,-1.726378250122070312e+01,5.850378036499023438e+00,5.529845237731933594e+00,-2.357356643676757812e+01,7.944020271301269531e+00,-5.230961799621582031e+00
2.388785290718078613e+01,-1.750716590881347656e+01,5.813593387603759766e+00,4.739679813385009766e+00,-2.359246444702148438e+01,8.092836380004882812e+00,-5.155769824981689453e+00
2.390855669975280762e+01,-1.730894660949707031e+01,5.840261459350585938e+00,5.424104690551757812e+00,-2.365697860717773438e+01,8.102725028991699219e+00,-5.184031486511230469e+00
2.392880249023437500e+01,-1.632309532165527344e+01,4.730992794036865234e+00,4.924454212188720703e+00,-2.401675796508789062e+01,8.219990730285644531e+00,-5.085043907165527344e+00
2.394880676269531250e+01,-1.724192428588867188e+01,4.662206172943115234e+00,5.405838012695312500e+00,-2.407271766662597656e+01,7.374154567718505859e+00,-4.550293922424316406e+00
2.396894097328186035e+01,-1.767101669311523438e+01,5.064793109893798828e+00,5.109499931335449219e+00,-2.380832290649414062e+01,7.131607055664062500e+00,-4.470170497894287109e+00
2.398923015594482422e+01,-1.708823204040527344e+01,5.488268375396728516e+00,5.059583663940429688e+00,-2.333429908752441406e+01,7.331401824951171875e+00,-5.139018535614013672e+00
2.400943350791931152e+01,-1.715395736694335938e+01,4.932641983032226562e+00,5.515381336212158203e+00,-2.460047340393066406e+01,7.005204200744628906e+00,-5.179347515106201172e+00
2.402918171882629395e+01,-1.766215515136718750e+01,4.805576324462890625e+00,4.836732864379882812e+00,-2.529788780212402344e+01,6.755307197570800781e+00,-5.146852493286132812e+00
2.404929876327514648e+01,-1.733798599243164062e+01,5.025071144104003906e+00,5.870779991149902344e+00,-2.553971481323242188e+01,6.845573425292968750e+00,-4.650844097137451172e+00
2.406965351104736328e+01,-1.705148315429687500e+01,5.377656936645507812e+00,6.164589405059814453e+00,-2.569622230529785156e+01,7.206590175628662109e+00,-5.411684036254882812e+00
2.408988451957702637e+01,-1.720748519897460938e+01,5.762749671936035156e+00,5.899761676788330078e+00,-2.544688606262207031e+01,7.590511798858642578e+00,-4.966891288757324219e+00
2.410948085784912109e+01,-1.468371963500976562e+01,4.435910224914550781e+00,5.369997024536132812e+00,-2.594484138488769531e+01,8.113969802856445312e+00,-5.493645191192626953e+00
2.412961435317993164e+01,-1.700512313842773438e+01,5.636390686035156250e+00,6.335922718048095703e+00,-2.559376907348632812e+01,8.133735656738281250e+00,-5.404187679290771484e+00
2.414973521232604980e+01,-1.807917022705078125e+01,6.394924640655517578e+00,5.531948089599609375e+00,-2.437165260314941406e+01,8.295150756835937500e+00,-5.906852722167968750e+00
2.417022538185119629e+01,-1.810236358642578125e+01,7.198282241821289062e+00,5.643601894378662109e+00,-2.345772933959960938e+01,8.661274909973144531e+00,-5.491738319396972656e+00
2.419029426574707031e+01,-1.773159980773925781e+01,7.718004226684570312e+00,4.679001808166503906e+00,-2.303476142883300781e+01,9.669869422912597656e+00,-4.316815853118896484e+00
2.421070742607116699e+01,-1.689978027343750000e+01,7.956298828125000000e+00,5.805123329162597656e+00,-2.259038734436035156e+01,1.010164356231689453e+01,-4.869062900543212891e+00
2.423075127601623535e+01,-1.694081115722656250e+01,8.159868240356445312e+00,5.919167041778564453e+00,-2.187108039855957031e+01,1.055257892608642578e+01,-4.534876823425292969e+00
2.425066280364990234e+01,-1.702812194824218750e+01,8.375157356262207031e+00,5.693792343139648438e+00,-2.124240493774414062e+01,1.078037834167480469e+01,-4.785498142242431641e+00
2.427069783210754395e+01,-1.703714561462402344e+01,8.598632812500000000e+00,5.752052783966064453e+00,-2.051880455017089844e+01,1.089506626129150391e+01,-5.385910034179687500e+00
2.429097080230712891e+01,-1.711683464050292969e+01,8.659019470214843750e+00,5.473668575286865234e+00,-1.995445823669433594e+01,1.103594112396240234e+01,-5.078986644744873047e+00
2.431095576286315918e+01,-1.657663917541503906e+01,8.530572891235351562e+00,6.869754791259765625e+00,-1.938487243652343750e+01,1.103440952301025391e+01,-5.035542964935302734e+00
2.433106374740600586e+01,-1.680566215515136719e+01,7.698510646820068359e+00,5.809777736663818359e+00,-2.078359603881835938e+01,1.063925361633300781e+01,-4.429716110229492188e+00
2.435119152069091797e+01,-1.765809440612792969e+01,6.030708789825439453e+00,6.182576656341552734e+00,-2.020020103454589844e+01,6.273347377777099609e+00,-6.624537467956542969e+00
2.437132287025451660e+01,-1.732938194274902344e+01,3.165629148483276367e+00,7.273766994476318359e+00,-2.404928779602050781e+01,5.558755874633789062e+00,-2.411522865295410156e+00
2.439143347740173340e+01,-1.618144798278808594e+01,1.692891836166381836e+00,6.856818675994873047e+00,-2.609181022644042969e+01,4.966138839721679688e+00,-5.969050407409667969e+00
2.441167068481445312e+01,-1.793512344360351562e+01,1.730233669281005859e+00,6.606544017791748047e+00,-2.716186904907226562e+01,3.484559059143066406e+00,-6.969512939453125000e+00
2.443177151679992676e+01,-1.875936889648437500e+01,1.686299920082092285e+00,5.602871894836425781e+00,-2.763775825500488281e+01,2.906287193298339844e+00,-6.748040199279785156e+00
2.445189714431762695e+01,-1.880577659606933594e+01,1.689465045928955078e+00,5.805674076080322266e+00,-2.771504020690917969e+01,3.092053413391113281e+00,-6.514899253845214844e+00
2.447197794914245605e+01,-1.878756332397460938e+01,2.102463006973266602e+00,5.136715412139892578e+00,-2.764523506164550781e+01,3.495581626892089844e+00,-6.353046417236328125e+00
2.449213695526123047e+01,-1.795267295837402344e+01,1.533890366554260254e+00,5.306546211242675781e+00,-2.689311599731445312e+01,4.079552650451660156e+00,-6.979626178741455078e+00
2.451224899291992188e+01,-1.957890129089355469e+01,2.073351621627807617e+00,5.460010051727294922e+00,-2.709126472473144531e+01,3.613380670547485352e+00,-2.619654178619384766e+00
2.453223204612731934e+01,-1.865180969238281250e+01,3.119557619094848633e+00,5.363463878631591797e+00,-2.713327789306640625e+01,4.759346008300781250e+00,-6.137291908264160156e+00
2.455234432220458984e+01,-1.823158454895019531e+01,2.751353263854980469e+00,5.932081222534179688e+00,-2.528075599670410156e+01,3.860102176666259766e+00,-6.529300689697265625e+00
2.457359480857849121e+01,-1.954898071289062500e+01,2.799171447753906250e+00,5.388607501983642578e+00,-2.696918678283691406e+01,4.797644615173339844e+00,-2.968781471252441406e+00
2.459383606910705566e+01,-1.905934524536132812e+01,3.537406444549560547e+00,5.229828357696533203e+00,-2.675523376464843750e+01,5.535848140716552734e+00,-5.673250198364257812e+00
2.461370229721069336e+01,-1.938974571228027344e+01,4.387017250061035156e+00,4.913884162902832031e+00,-2.593714523315429688e+01,6.354267120361328125e+00,-7.237110137939453125e+00
2.463365197181701660e+01,-1.839568138122558594e+01,3.347010135650634766e+00,6.549053192138671875e+00,-2.703369522094726562e+01,6.217580795288085938e+00,-3.207616329193115234e+00
2.465353178977966309e+01,-1.910104179382324219e+01,4.100007534027099609e+00,5.689586162567138672e+00,-2.702111244201660156e+01,6.469015121459960938e+00,-5.082756996154785156e+00
2.467381787300109863e+01,-1.973341941833496094e+01,4.613068103790283203e+00,4.356259346008300781e+00,-2.567962074279785156e+01,6.703689575195312500e+00,-7.030512809753417969e+00
2.469388675689697266e+01,-2.000537681579589844e+01,5.109469413757324219e+00,5.272872447967529297e+00,-2.423927307128906250e+01,6.078920364379882812e+00,-3.920212030410766602e+00
2.471425676345825195e+01,-1.842680549621582031e+01,4.359003543853759766e+00,5.265491485595703125e+00,-2.581305122375488281e+01,7.843447685241699219e+00,-2.825896739959716797e+00
2.473446559906005859e+01,-1.867362594604492188e+01,4.922666549682617188e+00,5.151894569396972656e+00,-2.591764450073242188e+01,7.486537933349609375e+00,-5.298236846923828125e+00
2.475460004806518555e+01,-1.850352859497070312e+01,5.315492630004882812e+00,5.185171127319335938e+00,-2.554732513427734375e+01,7.447216033935546875e+00,-5.717656135559082031e+00
2.477434897422790527e+01,-1.885646247863769531e+01,5.547338008880615234e+00,4.552541255950927734e+00,-2.482324218750000000e+01,7.949556827545166016e+00,-4.980010986328125000e+00
2.479480552673339844e+01,-1.826960372924804688e+01,4.878533840179443359e+00,6.030222892761230469e+00,-2.530137634277343750e+01,7.725351333618164062e+00,-5.664085388183593750e+00
2.481503057479858398e+01,-1.891656112670898438e+01,5.519505977630615234e+00,5.279631614685058594e+00,-2.497723770141601562e+01,7.857951164245605469e+00,-5.295321941375732422e+00
2.483482313156127930e+01,-1.884241104125976562e+01,5.911529541015625000e+00,4.748480319976806641e+00,-2.443135261535644531e+01,8.154542922973632812e+00,-4.928080558776855469e+00
2.485493159294128418e+01,-1.820615768432617188e+01,6.254789829254150391e+00,6.211724281311035156e+00,-2.414861679077148438e+01,8.702662467956542969e+00,-4.610507488250732422e+00
2.487509059906005859e+01,-1.862574577331542969e+01,6.500918388366699219e+00,4.768755435943603516e+00,-2.422583961486816406e+01,8.912108421325683594e+00,-5.274009704589843750e+00
2.489513993263244629e+01,-1.816759300231933594e+01,6.651783466339111328e+00,5.484858512878417969e+00,-2.420202255249023438e+01,9.186006546020507812e+00,-5.152444839477539062e+00
2.491521215438842773e+01,-1.856733131408691406e+01,6.499965190887451172e+00,4.734247684478759766e+00,-2.421404647827148438e+01,9.025047302246093750e+00,-5.229948997497558594e+00
2.493531775474548340e+01,-1.816262054443359375e+01,6.741228580474853516e+00,5.627740859985351562e+00,-2.406405830383300781e+01,9.173664093017578125e+00,-5.127361297607421875e+00
2.495544385910034180e+01,-1.839234352111816406e+01,6.783703327178955078e+00,4.756947994232177734e+00,-2.384294891357421875e+01,9.363224983215332031e+00,-4.593688488006591797e+00
2.497556734085083008e+01,-1.710051727294921875e+01,6.834596633911132812e+00,3.388517618179321289e+00,-2.395143699645996094e+01,9.567420005798339844e+00,-4.567309379577636719e+00
2.499566483497619629e+01,-1.690684890747070312e+01,5.413445472717285156e+00,6.275104045867919922e+00,-2.469610404968261719e+01,8.877866744995117188e+00,-5.365555763244628906e+00
2.501571035385131836e+01,-1.871861076354980469e+01,6.257436752319335938e+00,5.378401279449462891e+00,-2.342268943786621094e+01,8.665832519531250000e+00,-6.339093208312988281e+00
2.503616762161254883e+01,-1.887049102783203125e+01,6.395251274108886719e+00,5.479624271392822266e+00,-2.315909194946289062e+01,8.275113105773925781e+00,-1.762126922607421875e+00
2.505595827102661133e+01,-1.813743591308593750e+01,6.845337390899658203e+00,4.491119861602783203e+00,-2.339960098266601562e+01,9.578762054443359375e+00,-4.059067249298095703e+00
2.507613945007324219e+01,-1.776909255981445312e+01,7.151153564453125000e+00,4.684163570404052734e+00,-2.376146316528320312e+01,9.804216384887695312e+00,-5.522483825683593750e+00
2.509622263908386230e+01,-1.775619697570800781e+01,7.136996746063232422e+00,5.604569435119628906e+00,-2.398233222961425781e+01,9.559399604797363281e+00,-5.561934471130371094e+00
2.511640477180480957e+01,-1.801047134399414062e+01,6.971521854400634766e+00,4.434181213378906250e+00,-2.370774841308593750e+01,9.661226272583007812e+00,-5.060070514678955078e+00
2.513653779029846191e+01,-1.752296257019042969e+01,7.129911422729492188e+00,5.874809265136718750e+00,-2.343716430664062500e+01,9.700641632080078125e+00,-4.771676540374755859e+00
2.515653228759765625e+01,-1.737007713317871094e+01,7.258769512176513672e+00,5.776562213897705078e+00,-2.322971725463867188e+01,9.856827735900878906e+00,-4.665004253387451172e+00
2.517652988433837891e+01,-1.662300872802734375e+01,7.237137794494628906e+00,4.870154380798339844e+00,-2.356075286865234375e+01,9.831497192382812500e+00,-5.112155914306640625e+00
2.519675326347351074e+01,-1.576986789703369141e+01,5.364544868469238281e+00,5.908961772918701172e+00,-2.398084068298339844e+01,9.405435562133789062e+00,-4.746525287628173828e+00
2.521681952476501465e+01,-1.807126426696777344e+01,6.550093650817871094e+00,5.273291587829589844e+00,-2.297852706909179688e+01,9.125365257263183594e+00,-6.602346897125244141e+00
2.523696947097778320e+01,-1.882348823547363281e+01,7.125762462615966797e+00,5.436317920684814453e+00,-2.135223007202148438e+01,7.816631793975830078e+00,-2.673560380935668945e+00
2.525702142715454102e+01,-1.791140365600585938e+01,6.673309326171875000e+00,4.205089569091796875e+00,-2.314443778991699219e+01,9.282477378845214844e+00,-2.797960996627807617e+00
2.527705550193786621e+01,-1.685201454162597656e+01,7.134299278259277344e+00,5.597925186157226562e+00,-2.321985626220703125e+01,9.813873291015625000e+00,-4.774524211883544922e+00
2.529722046852111816e+01,-1.700457382202148438e+01,6.256829261779785156e+00,5.430440902709960938e+00,-2.388849067687988281e+01,9.341723442077636719e+00,-5.635203361511230469e+00
2.531730055809020996e+01,-1.766779899597167969e+01,6.398165225982666016e+00,4.960393428802490234e+00,-2.362427520751953125e+01,8.726176261901855469e+00,-5.226085662841796875e+00
2.533885407447814941e+01,-1.747403335571289062e+01,6.721567630767822266e+00,5.078813076019287109e+00,-2.349967575073242188e+01,8.873964309692382812e+00,-5.398622512817382812e+00
2.535752367973327637e+01,-1.731016731262207031e+01,7.106422901153564453e+00,5.059941768646240234e+00,-2.316179084777832031e+01,9.349998474121093750e+00,-5.280653953552246094e+00
2.537771916389465332e+01,-1.705241775512695312e+01,7.360690593719482422e+00,5.759521484375000000e+00,-2.326775550842285156e+01,9.586774826049804688e+00,-5.313931941986083984e+00
2.539793825149536133e+01,-1.624013900756835938e+01,5.515111446380615234e+00,4.855481147766113281e+00,-2.360156250000000000e+01,9.386001586914062500e+00,-4.911771774291992188e+00
2.541787242889404297e+01,-1.720663642883300781e+01,5.818289756774902344e+00,4.934646606445312500e+00,-2.372775840759277344e+01,8.651304244995117188e+00,-5.280526161193847656e+00
2.543877625465393066e+01,-1.740769004821777344e+01,6.287225246429443359e+00,5.049234390258789062e+00,-2.350864601135253906e+01,8.606654167175292969e+00,-5.072117328643798828e+00
2.545880126953125000e+01,-1.711770629882812500e+01,6.684187889099121094e+00,5.380285739898681641e+00,-2.327665519714355469e+01,8.883109092712402344e+00,-4.746588706970214844e+00
2.547913670539855957e+01,-1.718850326538085938e+01,7.043736934661865234e+00,5.146714687347412109e+00,-2.305815124511718750e+01,9.311914443969726562e+00,-4.453678131103515625e+00
2.549968290328979492e+01,-1.694933319091796875e+01,7.089844226837158203e+00,5.604853630065917969e+00,-2.322863006591796875e+01,9.358958244323730469e+00,-5.121932983398437500e+00
2.551987457275390625e+01,-1.692130088806152344e+01,5.996600151062011719e+00,5.641671657562255859e+00,-2.356695938110351562e+01,9.157206535339355469e+00,-4.519149780273437500e+00
2.554014325141906738e+01,-1.740456962585449219e+01,6.279247760772705078e+00,5.056491851806640625e+00,-2.346853446960449219e+01,8.655637741088867188e+00,-4.553383827209472656e+00
2.555989050865173340e+01,-1.709069252014160156e+01,6.598206996917724609e+00,5.106407165527343750e+00,-2.326025390625000000e+01,8.818696975708007812e+00,-4.690179824829101562e+00
2.557978916168212891e+01,-1.717084312438964844e+01,6.879649639129638672e+00,4.701375007629394531e+00,-2.321937561035156250e+01,9.101168632507324219e+00,-5.185013771057128906e+00
2.559961080551147461e+01,-1.674028968811035156e+01,6.271911621093750000e+00,5.092015266418457031e+00,-2.268666648864746094e+01,9.491544723510742188e+00,-6.131376743316650391e+00
2.563450288772583008e+01,-1.767700195312500000e+01,5.852872371673583984e+00,5.689705371856689453e+00,-2.349625015258789062e+01,8.050463676452636719e+00,-2.135472774505615234e+00
2.563989257812500000e+01,-1.734118080139160156e+01,5.881988525390625000e+00,5.144119262695312500e+00,-2.379848670959472656e+01,8.052790641784667969e+00,-4.207060337066650391e+00
2.566015720367431641e+01,-1.686287689208984375e+01,6.482568740844726562e+00,5.067256450653076172e+00,-2.370570182800292969e+01,8.955283164978027344e+00,-5.508986473083496094e+00
2.568019914627075195e+01,-1.689351844787597656e+01,6.424695491790771484e+00,5.484085083007812500e+00,-2.376570892333984375e+01,8.937480926513671875e+00,-5.163545608520507812e+00
2.570036888122558594e+01,-1.713587760925292969e+01,6.213083744049072266e+00,4.925311565399169922e+00,-2.365117645263671875e+01,8.822553634643554688e+00,-4.879708290100097656e+00
2.572041344642639160e+01,-1.695011329650878906e+01,6.115473747253417969e+00,5.013908863067626953e+00,-2.372210693359375000e+01,8.684031486511230469e+00,-5.344637393951416016e+00
2.574061584472656250e+01,-1.693695831298828125e+01,6.187721252441406250e+00,4.993879318237304688e+00,-2.357320785522460938e+01,8.720658302307128906e+00,-5.219461441040039062e+00
2.576057529449462891e+01,-1.596847438812255859e+01,6.166325569152832031e+00,4.561544418334960938e+00,-2.376098251342773438e+01,8.783427238464355469e+00,-5.208780288696289062e+00
2.578084969520568848e+01,-1.623514556884765625e+01,5.609512329101562500e+00,6.015939712524414062e+00,-2.421579360961914062e+01,9.166306495666503906e+00,-4.584904670715332031e+00
2.580129575729370117e+01,-1.793693351745605469e+01,5.676291942596435547e+00,4.945771694183349609e+00,-2.391792869567871094e+01,8.107444763183593750e+00,-4.595858573913574219e+00
2.582134389877319336e+01,-1.741889381408691406e+01,5.807632446289062500e+00,5.135600090026855469e+00,-2.358039283752441406e+01,7.989430904388427734e+00,-4.425046443939208984e+00
2.584096121788024902e+01,-1.746276664733886719e+01,5.907135009765625000e+00,4.323735237121582031e+00,-2.345948028564453125e+01,8.113137245178222656e+00,-5.140434265136718750e+00
2.586113715171813965e+01,-1.714018630981445312e+01,5.852526664733886719e+00,4.392084598541259766e+00,-2.351387023925781250e+01,8.317991256713867188e+00,-5.089856624603271484e+00
2.588123273849487305e+01,-1.719368171691894531e+01,5.900140285491943359e+00,4.558486938476562500e+00,-2.357883834838867188e+01,8.293687820434570312e+00,-5.109323978424072266e+00
2.590132164955139160e+01,-1.556062221527099609e+01,4.753569126129150391e+00,5.701855659484863281e+00,-2.419723510742187500e+01,8.372649192810058594e+00,-5.202454566955566406e+00
2.592152380943298340e+01,-1.756847763061523438e+01,5.189319610595703125e+00,4.967789173126220703e+00,-2.405067634582519531e+01,7.710077762603759766e+00,-4.399842262268066406e+00
2.594168829917907715e+01,-1.736830520629882812e+01,5.373880386352539062e+00,5.058372020721435547e+00,-2.409465217590332031e+01,7.328176975250244141e+00,-5.198490619659423828e+00
2.596193218231201172e+01,-1.730631637573242188e+01,5.743476390838623047e+00,5.143251419067382812e+00,-2.378716278076171875e+01,7.844336509704589844e+00,-4.674647808074951172e+00
2.598203945159912109e+01,-1.758212852478027344e+01,5.642491817474365234e+00,4.234900951385498047e+00,-2.381007766723632812e+01,7.835473060607910156e+00,-5.018193721771240234e+00
2.600225996971130371e+01,-1.737247467041015625e+01,5.406919956207275391e+00,4.549863815307617188e+00,-2.389151763916015625e+01,7.744798183441162109e+00,-4.861175537109375000e+00
2.602235507965087891e+01,-1.711528778076171875e+01,5.400232315063476562e+00,5.251502513885498047e+00,-2.403043746948242188e+01,7.778156757354736328e+00,-4.675465106964111328e+00
2.604241371154785156e+01,-1.718358802795410156e+01,5.431509494781494141e+00,5.445024490356445312e+00,-2.409355926513671875e+01,7.715475559234619141e+00,-4.674192428588867188e+00
2.606874799728393555e+01,-1.710134124755859375e+01,5.402988910675048828e+00,5.499914169311523438e+00,-2.422434425354003906e+01,7.635933876037597656e+00,-5.096899509429931641e+00
2.608356094360351562e+01,-1.638833618164062500e+01,5.209328174591064453e+00,3.171437978744506836e+00,-2.439474678039550781e+01,7.606288909912109375e+00,-4.942964553833007812e+00
2.610439729690551758e+01,-1.472013664245605469e+01,3.656970500946044922e+00,5.839559555053710938e+00,-2.511063385009765625e+01,7.933816432952880859e+00,-5.075902462005615234e+00
2.612379980087280273e+01,-1.715459632873535156e+01,4.046473979949951172e+00,5.136997222900390625e+00,-2.504780578613281250e+01,7.194068431854248047e+00,-4.571154117584228516e+00
2.615956020355224609e+01,-1.805521202087402344e+01,4.537101268768310547e+00,5.023870944976806641e+00,-2.498925590515136719e+01,6.603879451751708984e+00,-5.224421024322509766e+00
2.616477823257446289e+01,-1.819218826293945312e+01,4.722455024719238281e+00,4.993452072143554688e+00,-2.469144630432128906e+01,6.758543968200683594e+00,-4.490138530731201172e+00
2.618461942672729492e+01,-1.778710365295410156e+01,5.292155742645263672e+00,5.192150115966796875e+00,-2.440518951416015625e+01,7.110358238220214844e+00,-4.891034603118896484e+00
2.620412111282348633e+01,-1.784395599365234375e+01,5.461734294891357422e+00,4.685098171234130859e+00,-2.438691139221191406e+01,7.346223354339599609e+00,-5.099367618560791016e+00
2.622452282905578613e+01,-1.791410446166992188e+01,5.499840259552001953e+00,4.601109504699707031e+00,-2.420177078247070312e+01,7.640329360961914062e+00,-4.616171836853027344e+00
2.624439525604248047e+01,-1.666692161560058594e+01,5.475305557250976562e+00,4.525294303894042969e+00,-2.461584281921386719e+01,7.693149566650390625e+00,-5.216965675354003906e+00
2.626446819305419922e+01,-1.738338661193847656e+01,4.609717369079589844e+00,6.050735950469970703e+00,-2.522594261169433594e+01,7.359174251556396484e+00,-5.259005069732666016e+00
2.628464078903198242e+01,-1.833456802368164062e+01,5.055711746215820312e+00,5.131840229034423828e+00,-2.489509391784667969e+01,7.042728900909423828e+00,-5.225783348083496094e+00
2.630505037307739258e+01,-1.822483444213867188e+01,5.267235755920410156e+00,4.698192596435546875e+00,-2.447953414916992188e+01,7.275507450103759766e+00,-4.656594753265380859e+00
2.632502794265747070e+01,-1.777168464660644531e+01,5.426885128021240234e+00,5.500216484069824219e+00,-2.416675567626953125e+01,7.600007534027099609e+00,-4.353610515594482422e+00
2.634517359733581543e+01,-1.575590705871582031e+01,4.425906658172607422e+00,5.042843818664550781e+00,-2.501828193664550781e+01,7.841177463531494141e+00,-5.284279346466064453e+00
2.636533308029174805e+01,-1.757788848876953125e+01,4.653982162475585938e+00,6.251889705657958984e+00,-2.423325347900390625e+01,6.830061435699462891e+00,-6.068130970001220703e+00
2.638537144660949707e+01,-1.868734931945800781e+01,4.029666900634765625e+00,4.977729320526123047e+00,-2.530508041381835938e+01,5.604535579681396484e+00,-2.425544977188110352e+00
2.640563678741455078e+01,-1.787477111816406250e+01,4.474363803863525391e+00,5.007865905761718750e+00,-2.627496528625488281e+01,6.324639797210693359e+00,-4.676959991455078125e+00
2.642573928833007812e+01,-1.571337223052978516e+01,3.579068660736083984e+00,5.370593070983886719e+00,-2.712077713012695312e+01,6.880796909332275391e+00,-5.637834548950195312e+00
2.644582486152648926e+01,-1.744040870666503906e+01,4.690046787261962891e+00,5.547374248504638672e+00,-2.727226066589355469e+01,6.758422851562500000e+00,-5.860767841339111328e+00
2.646594691276550293e+01,-1.800691413879394531e+01,5.201604366302490234e+00,5.415873050689697266e+00,-2.667669105529785156e+01,6.962156772613525391e+00,-4.841943740844726562e+00
2.648598313331604004e+01,-1.772518920898437500e+01,6.066420078277587891e+00,5.453283786773681641e+00,-2.615786170959472656e+01,7.641412258148193359e+00,-5.605342864990234375e+00
2.650609183311462402e+01,-1.788107872009277344e+01,6.707654953002929688e+00,4.482298851013183594e+00,-2.519499206542968750e+01,8.779148101806640625e+00,-4.644028186798095703e+00
2.652627038955688477e+01,-1.720138168334960938e+01,7.022413730621337891e+00,5.890980720520019531e+00,-2.522758293151855469e+01,9.231472015380859375e+00,-5.360270977020263672e+00
2.654639577865600586e+01,-1.778341674804687500e+01,7.203814506530761719e+00,4.972978115081787109e+00,-2.483397102355957031e+01,9.344268798828125000e+00,-5.427732944488525391e+00
2.656652617454528809e+01,-1.762324523925781250e+01,7.681225299835205078e+00,5.509536743164062500e+00,-2.320451164245605469e+01,9.755585670471191406e+00,-6.186440944671630859e+00
2.658680748939514160e+01,-1.746226119995117188e+01,7.685756683349609375e+00,6.250602722167968750e+00,-2.267175292968750000e+01,9.591390609741210938e+00,-1.827962160110473633e+00
2.660692310333251953e+01,-1.696949386596679688e+01,8.183803558349609375e+00,5.458508968353271484e+00,-2.232306861877441406e+01,1.115899467468261719e+01,-3.344196796417236328e+00
2.662707996368408203e+01,-1.691362953186035156e+01,8.576233863830566406e+00,5.631435871124267578e+00,-2.247284698486328125e+01,1.127848815917968750e+01,-5.369091033935546875e+00
2.664690327644348145e+01,-1.686249351501464844e+01,8.618629455566406250e+00,6.565611362457275391e+00,-2.155698204040527344e+01,1.131994533538818359e+01,-4.933787822723388672e+00
2.666731238365173340e+01,-1.721851921081542969e+01,8.687293052673339844e+00,5.703246116638183594e+00,-2.046075439453125000e+01,1.146901988983154297e+01,-4.938005924224853516e+00
2.668743944168090820e+01,-1.721155166625976562e+01,8.735757827758789062e+00,5.093140602111816406e+00,-2.001602172851562500e+01,1.145942211151123047e+01,-5.644603729248046875e+00
2.670759248733520508e+01,-1.655521202087402344e+01,7.830469131469726562e+00,6.666442394256591797e+00,-2.143899536132812500e+01,1.076925182342529297e+01,-5.085667133331298828e+00
2.672767734527587891e+01,-1.662702751159667969e+01,5.833242416381835938e+00,6.880180835723876953e+00,-2.321059608459472656e+01,8.750953674316406250e+00,-5.056868553161621094e+00
2.674877309799194336e+01,-1.552725982666015625e+01,2.323938131332397461e+00,5.957099437713623047e+00,-2.526694297790527344e+01,6.354073047637939453e+00,-6.681353569030761719e+00
2.676799869537353516e+01,-1.771196937561035156e+01,1.806810259819030762e+00,5.898884773254394531e+00,-2.535719299316406250e+01,4.407907485961914062e+00,-6.580392837524414062e+00
2.678944826126098633e+01,-1.841157722473144531e+01,1.222142577171325684e+00,6.017166137695312500e+00,-2.618173027038574219e+01,2.791732311248779297e+00,-3.376517772674560547e+00
2.680911731719970703e+01,-1.761433029174804688e+01,1.910441160202026367e+00,5.781107425689697266e+00,-2.766429138183593750e+01,3.432819366455078125e+00,-6.240719795227050781e+00
2.682887172698974609e+01,-1.634391403198242188e+01,9.805134534835815430e-01,5.741075992584228516e+00,-2.855281066894531250e+01,3.862058639526367188e+00,-6.628554821014404297e+00
2.684924721717834473e+01,-1.857698249816894531e+01,1.959930896759033203e+00,5.882015705108642578e+00,-2.907270812988281250e+01,3.375614166259765625e+00,-6.660525798797607422e+00
2.686992716789245605e+01,-1.882692909240722656e+01,2.324529170989990234e+00,5.495321273803710938e+00,-2.881317710876464844e+01,3.407322168350219727e+00,-6.489351272583007812e+00
2.688990163803100586e+01,-1.873668098449707031e+01,2.824404478073120117e+00,5.471886157989501953e+00,-2.824975395202636719e+01,3.996825933456420898e+00,-6.277168750762939453e+00
2.691015386581420898e+01,-1.771703910827636719e+01,2.091748476028442383e+00,5.658799171447753906e+00,-2.809996604919433594e+01,4.979957103729248047e+00,-5.127959251403808594e+00
2.692955064773559570e+01,-1.978407859802246094e+01,3.289051771163940430e+00,5.600071430206298828e+00,-2.659174537658691406e+01,4.036987781524658203e+00,-4.359848499298095703e+00
2.694962406158447266e+01,-1.990860939025878906e+01,3.441423892974853516e+00,5.474936962127685547e+00,-2.779483985900878906e+01,5.035860061645507812e+00,-2.923491954803466797e+00
2.696986246109008789e+01,-1.875482749938964844e+01,4.173576831817626953e+00,4.969837665557861328e+00,-2.752362632751464844e+01,6.197454452514648438e+00,-5.955229759216308594e+00
2.699011659622192383e+01,-1.873918342590332031e+01,4.156544208526611328e+00,5.330606937408447266e+00,-2.744951629638671875e+01,6.720818996429443359e+00,-6.103494167327880859e+00
2.701010894775390625e+01,-1.941199684143066406e+01,4.351729393005371094e+00,5.196167469024658203e+00,-2.690035057067871094e+01,6.492665767669677734e+00,-5.763247489929199219e+00
2.703029417991638184e+01,-1.911260223388671875e+01,4.727687835693359375e+00,5.328450202941894531e+00,-2.655267715454101562e+01,6.767747402191162109e+00,-5.795221805572509766e+00
2.705046558380126953e+01,-1.904729270935058594e+01,5.099746227264404297e+00,5.387623310089111328e+00,-2.615885734558105469e+01,7.168077468872070312e+00,-5.752761840820312500e+00
2.707058572769165039e+01,-1.932407569885253906e+01,5.211740493774414062e+00,4.381570339202880859e+00,-2.570044708251953125e+01,7.828588485717773438e+00,-5.087225437164306641e+00
2.709071803092956543e+01,-1.984880447387695312e+01,5.314331531524658203e+00,4.913989543914794922e+00,-2.336394691467285156e+01,6.091680526733398438e+00,-6.076717376708984375e+00
2.711073827743530273e+01,-1.920006561279296875e+01,4.914271354675292969e+00,5.856923103332519531e+00,-2.554393768310546875e+01,7.497685909271240234e+00,-2.238800525665283203e+00
2.713094520568847656e+01,-1.804493141174316406e+01,5.338106155395507812e+00,6.230554103851318359e+00,-2.590207290649414062e+01,8.307761192321777344e+00,-5.044630527496337891e+00
2.715117096900939941e+01,-1.865382575988769531e+01,5.497344970703125000e+00,4.615671157836914062e+00,-2.600425910949707031e+01,8.465518951416015625e+00,-5.682872772216796875e+00
2.717136836051940918e+01,-1.854202079772949219e+01,5.517523288726806641e+00,5.388198852539062500e+00,-2.599590110778808594e+01,8.270639419555664062e+00,-5.919565677642822266e+00
2.719135808944702148e+01,-1.883407211303710938e+01,5.464601039886474609e+00,5.396580219268798828e+00,-2.556067085266113281e+01,8.129857063293457031e+00,-5.219336509704589844e+00
2.721147942543029785e+01,-1.837909698486328125e+01,5.647194862365722656e+00,5.821887016296386719e+00,-2.552005577087402344e+01,8.300664901733398438e+00,-5.747328281402587891e+00
2.723159909248352051e+01,-1.657968330383300781e+01,4.666648864746093750e+00,5.294288158416748047e+00,-2.590833854675292969e+01,8.686658859252929688e+00,-5.516389846801757812e+00
2.725168633460998535e+01,-1.892353439331054688e+01,5.361435890197753906e+00,5.828047752380371094e+00,-2.579588699340820312e+01,8.034378051757812500e+00,-5.239649295806884766e+00
2.727204704284667969e+01,-1.917050361633300781e+01,5.771537780761718750e+00,5.419935703277587891e+00,-2.548297500610351562e+01,7.944405078887939453e+00,-5.597720146179199219e+00
2.729209780693054199e+01,-1.928451538085937500e+01,6.120369911193847656e+00,4.451960086822509766e+00,-2.493655967712402344e+01,8.536081314086914062e+00,-5.237841606140136719e+00
2.731230449676513672e+01,-1.890162467956542969e+01,6.399538516998291016e+00,5.288832664489746094e+00,-2.459640312194824219e+01,8.703866004943847656e+00,-4.914325237274169922e+00
2.733244729042053223e+01,-1.798344421386718750e+01,5.139799594879150391e+00,5.708337306976318359e+00,-2.504644775390625000e+01,8.526859283447265625e+00,-4.742085456848144531e+00
2.735264658927917480e+01,-1.880375862121582031e+01,5.832373142242431641e+00,5.288472652435302734e+00,-2.493092727661132812e+01,8.309760093688964844e+00,-4.745743274688720703e+00
2.737276124954223633e+01,-1.851523590087890625e+01,6.344582080841064453e+00,5.364172458648681641e+00,-2.489830017089843750e+01,8.481809616088867188e+00,-5.481518268585205078e+00
2.739279341697692871e+01,-1.865503501892089844e+01,6.738640785217285156e+00,4.811294555664062500e+00,-2.455850028991699219e+01,9.152938842773437500e+00,-5.208912372589111328e+00
2.741377758979797363e+01,-1.715635681152343750e+01,5.568643569946289062e+00,5.549339771270751953e+00,-2.500605010986328125e+01,9.321232795715332031e+00,-5.239409446716308594e+00
2.743374180793762207e+01,-1.884002113342285156e+01,5.975545883178710938e+00,5.122944355010986328e+00,-2.502227020263671875e+01,8.439048767089843750e+00,-5.274788856506347656e+00
2.745376133918762207e+01,-1.833694267272949219e+01,6.393977642059326172e+00,5.400811672210693359e+00,-2.489508247375488281e+01,8.621223449707031250e+00,-5.433999538421630859e+00
2.747434759140014648e+01,-1.832983779907226562e+01,6.787849903106689453e+00,5.329343318939208984e+00,-2.451496124267578125e+01,9.007962226867675781e+00,-5.179089546203613281e+00
2.749432349205017090e+01,-1.819947242736816406e+01,6.769351959228515625e+00,5.504782199859619141e+00,-2.442348289489746094e+01,9.320468902587890625e+00,-5.161606788635253906e+00
2.751447582244873047e+01,-1.823489379882812500e+01,6.887546062469482422e+00,5.163371562957763672e+00,-2.449579048156738281e+01,9.403713226318359375e+00,-5.199304580688476562e+00
2.753455114364624023e+01,-1.785116767883300781e+01,7.044392108917236328e+00,5.593227386474609375e+00,-2.457764244079589844e+01,9.670547485351562500e+00,-5.453262329101562500e+00
2.755476212501525879e+01,-1.782730102539062500e+01,7.083375930786132812e+00,5.722984313964843750e+00,-2.433127212524414062e+01,9.928975105285644531e+00,-4.728412151336669922e+00
2.757495594024658203e+01,-1.754738998413085938e+01,7.060858726501464844e+00,6.275064468383789062e+00,-2.432737922668457031e+01,9.873599052429199219e+00,-4.801680088043212891e+00
2.759495306015014648e+01,-1.779811286926269531e+01,6.888199806213378906e+00,5.436967849731445312e+00,-2.422923088073730469e+01,9.806995391845703125e+00,-4.700757026672363281e+00
2.761508297920227051e+01,-1.765617942810058594e+01,6.891987323760986328e+00,5.263963699340820312e+00,-2.403615951538085938e+01,9.931286811828613281e+00,-4.262843132019042969e+00
2.763515615463256836e+01,-1.857944679260253906e+01,7.032923221588134766e+00,4.454750061035156250e+00,-2.250492668151855469e+01,8.729468345642089844e+00,-3.957639217376708984e+00
2.765535855293273926e+01,-1.787625312805175781e+01,6.529858112335205078e+00,5.315149784088134766e+00,-2.402462005615234375e+01,9.360089302062988281e+00,-2.664350032806396484e+00
2.767543745040893555e+01,-1.703163909912109375e+01,6.598545074462890625e+00,5.714608669281005859e+00,-2.441872024536132812e+01,9.711621284484863281e+00,-4.958612442016601562e+00
2.769550871849060059e+01,-1.529080867767333984e+01,5.551800727844238281e+00,5.163726806640625000e+00,-2.515583229064941406e+01,9.773977279663085938e+00,-5.858196258544921875e+00
2.771567368507385254e+01,-1.796888923645019531e+01,5.990762710571289062e+00,5.567371368408203125e+00,-2.509336662292480469e+01,8.848820686340332031e+00,-5.699574947357177734e+00
2.773588728904724121e+01,-1.829846954345703125e+01,6.059722900390625000e+00,5.194336414337158203e+00,-2.457996559143066406e+01,8.509254455566406250e+00,-5.061769485473632812e+00
2.775591206550598145e+01,-1.806341361999511719e+01,6.400853157043457031e+00,4.766945362091064453e+00,-2.403668212890625000e+01,8.907157897949218750e+00,-4.658319950103759766e+00
2.777599596977233887e+01,-1.757107734680175781e+01,6.601564884185791016e+00,5.632512092590332031e+00,-2.410976028442382812e+01,8.965912818908691406e+00,-5.397203922271728516e+00
2.779610538482666016e+01,-1.567533206939697266e+01,5.428288459777832031e+00,6.322581291198730469e+00,-2.489449501037597656e+01,9.241695404052734375e+00,-5.354021072387695312e+00
2.781623220443725586e+01,-1.800456619262695312e+01,6.017618656158447266e+00,5.714473247528076172e+00,-2.472587203979492188e+01,8.776802062988281250e+00,-4.721707820892333984e+00
2.783625483512878418e+01,-1.818997573852539062e+01,6.217698097229003906e+00,5.285782337188720703e+00,-2.468343353271484375e+01,8.446946144104003906e+00,-5.364242076873779297e+00
2.785638451576232910e+01,-1.827753448486328125e+01,6.234669208526611328e+00,4.339259147644042969e+00,-2.421183967590332031e+01,8.609583854675292969e+00,-4.845921039581298828e+00
2.787648630142211914e+01,-1.797121047973632812e+01,6.407167911529541016e+00,4.972954273223876953e+00,-2.420269203186035156e+01,8.613925933837890625e+00,-5.194648265838623047e+00
2.789660596847534180e+01,-1.737332153320312500e+01,6.579470634460449219e+00,5.928586483001708984e+00,-2.419569015502929688e+01,8.922254562377929688e+00,-5.107540607452392578e+00
2.791720747947692871e+01,-1.763088989257812500e+01,5.458347797393798828e+00,5.030501365661621094e+00,-2.471842002868652344e+01,8.421079635620117188e+00,-5.184104919433593750e+00
2.793736290931701660e+01,-1.782077598571777344e+01,5.479409694671630859e+00,5.144032001495361328e+00,-2.463235473632812500e+01,7.998701572418212891e+00,-4.605226516723632812e+00
2.795749258995056152e+01,-1.766469955444335938e+01,5.840322494506835938e+00,5.205885410308837891e+00,-2.445255088806152344e+01,8.119292259216308594e+00,-4.566752910614013672e+00
2.797880458831787109e+01,-1.746492195129394531e+01,6.128900527954101562e+00,5.261032581329345703e+00,-2.453710174560546875e+01,8.406299591064453125e+00,-5.339683532714843750e+00
2.799722790718078613e+01,-1.670544242858886719e+01,6.111889362335205078e+00,3.403816699981689453e+00,-2.452473068237304688e+01,8.858236312866210938e+00,-4.497672557830810547e+00
2.801739263534545898e+01,-1.657298088073730469e+01,4.733548164367675781e+00,6.243578910827636719e+00,-2.552784347534179688e+01,8.152894020080566406e+00,-5.369988441467285156e+00
2.803747844696044922e+01,-1.796739578247070312e+01,5.345884323120117188e+00,5.595542907714843750e+00,-2.547748184204101562e+01,7.876498222351074219e+00,-5.330920219421386719e+00
2.805750298500061035e+01,-1.832869338989257812e+01,5.654424667358398438e+00,5.269814968109130859e+00,-2.504876327514648438e+01,7.832086563110351562e+00,-4.881217002868652344e+00
2.807761836051940918e+01,-1.818053627014160156e+01,6.081331729888916016e+00,5.351479530334472656e+00,-2.485924720764160156e+01,8.120505332946777344e+00,-5.237827777862548828e+00
2.809879374504089355e+01,-1.840789794921875000e+01,6.019501686096191406e+00,4.434392452239990234e+00,-2.452466583251953125e+01,8.386384963989257812e+00,-4.516822814941406250e+00
2.813685894012451172e+01,-1.818278884887695312e+01,6.069839954376220703e+00,4.853819847106933594e+00,-2.461624526977539062e+01,8.255738258361816406e+00,-5.026556968688964844e+00
2.813984489440917969e+01,-1.703421211242675781e+01,6.033895492553710938e+00,3.182813882827758789e+00,-2.465969467163085938e+01,8.574667930603027344e+00,-4.554497241973876953e+00
2.815958213806152344e+01,-1.588361549377441406e+01,5.050468921661376953e+00,6.212340354919433594e+00,-2.550716400146484375e+01,8.797785758972167969e+00,-5.390790462493896484e+00
2.817969083786010742e+01,-1.834491539001464844e+01,5.617569446563720703e+00,5.207014560699462891e+00,-2.537317276000976562e+01,8.134941101074218750e+00,-5.495184898376464844e+00
2.820006799697875977e+01,-1.824107933044433594e+01,5.800683975219726562e+00,5.219185829162597656e+00,-2.477033042907714844e+01,8.125937461853027344e+00,-4.616555213928222656e+00
2.822028517723083496e+01,-1.776708793640136719e+01,5.986928939819335938e+00,5.607116699218750000e+00,-2.465860366821289062e+01,8.276971817016601562e+00,-5.353253364562988281e+00
2.824071002006530762e+01,-1.584204959869384766e+01,4.951982498168945312e+00,5.120880603790283203e+00,-2.518152427673339844e+01,8.708987236022949219e+00,-5.363687992095947266e+00
2.826086258888244629e+01,-1.783905029296875000e+01,5.492596626281738281e+00,6.357804775238037109e+00,-2.522538757324218750e+01,8.185784339904785156e+00,-4.653274059295654297e+00
2.828099179267883301e+01,-1.838125228881835938e+01,5.808487415313720703e+00,5.253401279449462891e+00,-2.515897369384765625e+01,7.913147449493408203e+00,-5.458117485046386719e+00
2.830117535591125488e+01,-1.843269920349121094e+01,5.911445617675781250e+00,4.450894832611083984e+00,-2.469618606567382812e+01,8.210337638854980469e+00,-5.252075195312500000e+00
2.832129335403442383e+01,-1.779696655273437500e+01,6.034630775451660156e+00,5.727461814880371094e+00,-2.449857521057128906e+01,8.300251960754394531e+00,-4.789105892181396484e+00
2.834163784980773926e+01,-1.786584663391113281e+01,5.996429443359375000e+00,5.018110275268554688e+00,-2.447337722778320312e+01,8.502505302429199219e+00,-4.839833736419677734e+00
2.836153960227966309e+01,-1.748568916320800781e+01,6.166700839996337891e+00,5.566012859344482422e+00,-2.457580566406250000e+01,8.689718246459960938e+00,-4.902186870574951172e+00
2.838154935836791992e+01,-1.776661872863769531e+01,6.183034420013427734e+00,5.038715839385986328e+00,-2.451835441589355469e+01,8.735293388366699219e+00,-4.887099742889404297e+00
2.840164542198181152e+01,-1.741193199157714844e+01,6.352745532989501953e+00,5.745192527770996094e+00,-2.453417396545410156e+01,8.911332130432128906e+00,-4.924909591674804688e+00
2.842176079750061035e+01,-1.504020023345947266e+01,4.509068012237548828e+00,6.104756355285644531e+00,-2.532663345336914062e+01,9.009449958801269531e+00,-5.165309906005859375e+00
2.844190835952758789e+01,-1.821162986755371094e+01,5.708281517028808594e+00,5.192101001739501953e+00,-2.517856979370117188e+01,8.450881004333496094e+00,-5.323936462402343750e+00
2.846194720268249512e+01,-1.819993209838867188e+01,6.232921123504638672e+00,5.253568172454833984e+00,-2.473108482360839844e+01,8.456352233886718750e+00,-5.345215797424316406e+00
2.848197054862976074e+01,-1.814226913452148438e+01,6.578866481781005859e+00,4.352875232696533203e+00,-2.416551589965820312e+01,8.948300361633300781e+00,-5.070785045623779297e+00
2.850213479995727539e+01,-1.754955482482910156e+01,7.083347797393798828e+00,5.752826690673828125e+00,-2.396097373962402344e+01,9.401556015014648438e+00,-5.054754257202148438e+00
2.852241921424865723e+01,-1.656997299194335938e+01,5.532303810119628906e+00,4.952055454254150391e+00,-2.431674003601074219e+01,9.447446823120117188e+00,-4.712435245513916016e+00
2.854265975952148438e+01,-1.761527633666992188e+01,6.442082881927490234e+00,5.358476638793945312e+00,-2.441230392456054688e+01,9.321370124816894531e+00,-4.902974128723144531e+00
2.856240749359130859e+01,-1.781086158752441406e+01,6.997365951538085938e+00,5.277324199676513672e+00,-2.433293533325195312e+01,9.433287620544433594e+00,-5.327736377716064453e+00
2.858279538154602051e+01,-1.784572410583496094e+01,7.446238517761230469e+00,5.303948402404785156e+00,-2.389822387695312500e+01,9.848272323608398438e+00,-4.667775630950927734e+00
2.860372066497802734e+01,-1.784121513366699219e+01,8.036301612854003906e+00,5.296539306640625000e+00,-2.318584632873535156e+01,1.055309486389160156e+01,-5.280340194702148438e+00
2.862394595146179199e+01,-1.835753631591796875e+01,8.598184585571289062e+00,5.477081775665283203e+00,-2.113997459411621094e+01,8.950662612915039062e+00,-5.309206008911132812e+00
2.864271783828735352e+01,-1.803343391418457031e+01,8.242273330688476562e+00,5.354487895965576172e+00,-2.249491691589355469e+01,1.005395603179931641e+01,-2.701863050460815430e+00
2.866380643844604492e+01,-1.661538314819335938e+01,6.719148159027099609e+00,5.605260848999023438e+00,-2.378996467590332031e+01,1.076321792602539062e+01,-3.345118522644042969e+00
2.868407416343688965e+01,-1.726374435424804688e+01,7.558633327484130859e+00,5.143523693084716797e+00,-2.383090400695800781e+01,1.090834045410156250e+01,-4.565502643585205078e+00
2.870375514030456543e+01,-1.734498786926269531e+01,8.179217338562011719e+00,5.146975040435791016e+00,-2.387229347229003906e+01,1.106941509246826172e+01,-5.418308258056640625e+00
2.872407913208007812e+01,-1.712290191650390625e+01,8.557241439819335938e+00,5.923524856567382812e+00,-2.372037696838378906e+01,1.121091747283935547e+01,-5.652386665344238281e+00
2.874372291564941406e+01,-1.690134620666503906e+01,8.805753707885742188e+00,5.010391712188720703e+00,-2.250888252258300781e+01,1.167875099182128906e+01,-4.336950778961181641e+00
2.876387691497802734e+01,-1.646854972839355469e+01,8.617816925048828125e+00,5.411634445190429688e+00,-2.337547111511230469e+01,1.128609371185302734e+01,-5.512784957885742188e+00
2.878428983688354492e+01,-1.649424743652343750e+01,8.279329299926757812e+00,5.549412250518798828e+00,-2.387134552001953125e+01,1.110655879974365234e+01,-5.064231872558593750e+00
2.880446910858154297e+01,-1.614582443237304688e+01,8.478365898132324219e+00,6.068920612335205078e+00,-2.425271797180175781e+01,1.103595447540283203e+01,-5.596234321594238281e+00
2.882461380958557129e+01,-1.591135978698730469e+01,9.021884918212890625e+00,6.203885078430175781e+00,-2.431811141967773438e+01,1.166214942932128906e+01,-5.409307956695556641e+00
2.884471249580383301e+01,-1.631933021545410156e+01,9.377394676208496094e+00,5.198491096496582031e+00,-2.418377494812011719e+01,1.195738410949707031e+01,-5.734614849090576172e+00
2.886472940444946289e+01,-1.561064910888671875e+01,9.999785423278808594e+00,6.774606227874755859e+00,-2.371233367919921875e+01,1.286325931549072266e+01,-4.621447086334228516e+00
2.888479828834533691e+01,-1.606986236572265625e+01,1.060386180877685547e+01,5.411128997802734375e+00,-2.343920898437500000e+01,1.340862178802490234e+01,-5.423635005950927734e+00
2.890459775924682617e+01,-1.562183284759521484e+01,1.120758724212646484e+01,5.527683258056640625e+00,-2.226337242126464844e+01,1.381999683380126953e+01,-5.041066169738769531e+00
2.892487430572509766e+01,-1.514075088500976562e+01,1.212484359741210938e+01,5.436242103576660156e+00,-2.113370895385742188e+01,1.483194732666015625e+01,-4.696952819824218750e+00
2.894566822052001953e+01,-1.491979789733886719e+01,1.276643657684326172e+01,5.174644947052001953e+00,-2.061550712585449219e+01,1.565227222442626953e+01,-5.347140789031982422e+00
2.896514153480529785e+01,-1.452318286895751953e+01,1.336661148071289062e+01,6.278840541839599609e+00,-1.969382286071777344e+01,1.611813545227050781e+01,-4.684982299804687500e+00
2.898526287078857422e+01,-1.491404342651367188e+01,1.380225467681884766e+01,5.486257553100585938e+00,-1.922407341003417969e+01,1.649687004089355469e+01,-5.012440204620361328e+00
2.900536918640136719e+01,-1.496614551544189453e+01,1.433462905883789062e+01,5.325119018554687500e+00,-1.845919036865234375e+01,1.686260414123535156e+01,-4.930832862854003906e+00
2.902575111389160156e+01,-1.452667999267578125e+01,1.474436187744140625e+01,5.931176662445068359e+00,-1.776066017150878906e+01,1.740337562561035156e+01,-4.559947013854980469e+00
2.904605817794799805e+01,-1.423370647430419922e+01,1.523220062255859375e+01,6.389797210693359375e+00,-1.707250022888183594e+01,1.781168556213378906e+01,-4.780726909637451172e+00
2.906623697280883789e+01,-1.393284606933593750e+01,1.573213577270507812e+01,6.143510818481445312e+00,-1.578738117218017578e+01,1.835344505310058594e+01,-4.696046829223632812e+00
2.908638358116149902e+01,-1.357944107055664062e+01,1.575397300720214844e+01,6.084545135498046875e+00,-1.618586730957031250e+01,1.851127433776855469e+01,-4.986777305603027344e+00
2.910649752616882324e+01,-1.372073459625244141e+01,1.404341125488281250e+01,6.155547618865966797e+00,-1.766857910156250000e+01,1.676140022277832031e+01,-5.194957733154296875e+00
2.912653875350952148e+01,-1.391481590270996094e+01,1.238752651214599609e+01,6.499863147735595703e+00,-1.854749679565429688e+01,1.506982707977294922e+01,-5.450358867645263672e+00
2.914657354354858398e+01,-1.372843647003173828e+01,1.102466487884521484e+01,7.095761299133300781e+00,-1.924023246765136719e+01,1.376721954345703125e+01,-5.861034393310546875e+00
2.916639041900634766e+01,-1.399241733551025391e+01,1.014669418334960938e+01,6.298142433166503906e+00,-1.957997131347656250e+01,1.307609748840332031e+01,-5.705607891082763672e+00
2.918638324737548828e+01,-1.374612903594970703e+01,9.655797004699707031e+00,7.335195064544677734e+00,-2.002758979797363281e+01,1.257917976379394531e+01,-5.975026607513427734e+00
2.920688843727111816e+01,-1.427765178680419922e+01,9.397256851196289062e+00,6.620744228363037109e+00,-2.020616149902343750e+01,1.232464218139648438e+01,-6.091226577758789062e+00
2.922703886032104492e+01,-1.471979141235351562e+01,9.425625801086425781e+00,6.440711021423339844e+00,-2.062090682983398438e+01,1.241324138641357422e+01,-6.605494022369384766e+00
2.924669218063354492e+01,-1.508811473846435547e+01,9.393775939941406250e+00,6.859467506408691406e+00,-2.096283721923828125e+01,1.263143348693847656e+01,-6.074655532836914062e+00
2.926696634292602539e+01,-1.551024246215820312e+01,9.357705116271972656e+00,5.903882503509521484e+00,-2.101766395568847656e+01,1.277356338500976562e+01,-5.711471557617187500e+00
2.928712654113769531e+01,-1.525647163391113281e+01,9.428488731384277344e+00,6.890684604644775391e+00,-2.105695915222167969e+01,1.272006130218505859e+01,-5.613088607788085938e+00
2.930713176727294922e+01,-1.549558734893798828e+01,9.708377838134765625e+00,5.617896556854248047e+00,-2.094719314575195312e+01,1.293346309661865234e+01,-5.749884605407714844e+00
2.932715082168579102e+01,-1.511853313446044922e+01,9.760672569274902344e+00,5.791778087615966797e+00,-2.085412406921386719e+01,1.302180576324462891e+01,-5.966396808624267578e+00
2.934752464294433594e+01,-1.472754383087158203e+01,1.007530689239501953e+01,6.729818820953369141e+00,-2.057350540161132812e+01,1.344290542602539062e+01,-5.418694019317626953e+00
2.936769080162048340e+01,-1.518719005584716797e+01,1.027178573608398438e+01,4.967416763305664062e+00,-2.033998680114746094e+01,1.371784210205078125e+01,-5.409077167510986328e+00
2.938775801658630371e+01,-1.465367412567138672e+01,1.046700096130371094e+01,6.132725238800048828e+00,-2.033060455322265625e+01,1.383289718627929688e+01,-5.725994586944580078e+00
2.940790438652038574e+01,-1.468956184387207031e+01,1.049666786193847656e+01,5.981963157653808594e+00,-2.006349372863769531e+01,1.380782985687255859e+01,-5.302115917205810547e+00
2.942937612533569336e+01,-1.461299705505371094e+01,1.053510761260986328e+01,5.425556182861328125e+00,-1.996878623962402344e+01,1.403716278076171875e+01,-5.234172821044921875e+00
2.944873189926147461e+01,-1.423970127105712891e+01,1.066593074798583984e+01,6.564026832580566406e+00,-2.000257873535156250e+01,1.398478889465332031e+01,-5.839963436126708984e+00
2.946975374221801758e+01,-1.470994567871093750e+01,1.057226467132568359e+01,4.970963001251220703e+00,-1.969301986694335938e+01,1.420066928863525391e+01,-4.878423213958740234e+00
2.948973751068115234e+01,-1.416267108917236328e+01,1.062707996368408203e+01,6.505264759063720703e+00,-1.981406974792480469e+01,1.404360389709472656e+01,-5.537020206451416016e+00
2.950983762741088867e+01,-1.456315135955810547e+01,1.065632343292236328e+01,5.156137943267822266e+00,-1.965500068664550781e+01,1.395570850372314453e+01,-5.213845729827880859e+00
2.953001570701599121e+01,-1.394896984100341797e+01,1.060546493530273438e+01,6.618136882781982422e+00,-1.961382675170898438e+01,1.396565723419189453e+01,-4.740715980529785156e+00
2.955029296875000000e+01,-1.439787101745605469e+01,1.052675151824951172e+01,5.162289142608642578e+00,-1.970870590209960938e+01,1.385883426666259766e+01,-5.530664920806884766e+00
2.957035565376281738e+01,-1.387836170196533203e+01,1.053181934356689453e+01,6.568377971649169922e+00,-1.967277717590332031e+01,1.389827632904052734e+01,-5.048573493957519531e+00
2.959051537513732910e+01,-1.420698547363281250e+01,1.048648834228515625e+01,5.630403041839599609e+00,-1.964164543151855469e+01,1.390998649597167969e+01,-5.020044803619384766e+00
2.961028456687927246e+01,-1.434398651123046875e+01,1.044855117797851562e+01,5.087320327758789062e+00,-1.970021438598632812e+01,1.370988750457763672e+01,-5.349269866943359375e+00
2.963012146949768066e+01,-1.413613986968994141e+01,1.038157272338867188e+01,5.738873481750488281e+00,-1.962856292724609375e+01,1.371361923217773438e+01,-4.977532386779785156e+00
2.965073823928833008e+01,-1.427785587310791016e+01,1.035116291046142578e+01,5.262175559997558594e+00,-1.962081909179687500e+01,1.364582920074462891e+01,-4.943433761596679688e+00
2.967092084884643555e+01,-1.410090065002441406e+01,1.013574981689453125e+01,5.187101840972900391e+00,-1.967883491516113281e+01,1.366832351684570312e+01,-4.967049121856689453e+00
2.969049859046936035e+01,-1.397090053558349609e+01,1.009697818756103516e+01,6.045793533325195312e+00,-1.969520187377929688e+01,1.349975490570068359e+01,-4.674027442932128906e+00
2.971059393882751465e+01,-1.437156867980957031e+01,9.874485969543457031e+00,4.818952083587646484e+00,-1.982838249206542969e+01,1.318649291992187500e+01,-5.406711101531982422e+00
2.973064470291137695e+01,-1.374052524566650391e+01,9.922686576843261719e+00,6.324477672576904297e+00,-1.979310607910156250e+01,1.338674831390380859e+01,-4.630221843719482422e+00
2.975078392028808594e+01,-1.421170330047607422e+01,9.905906677246093750e+00,4.853794574737548828e+00,-1.991160774230957031e+01,1.329722976684570312e+01,-5.411712169647216797e+00
2.977095842361450195e+01,-1.406092834472656250e+01,9.752451896667480469e+00,5.699977397918701172e+00,-1.990757179260253906e+01,1.301526737213134766e+01,-5.002960205078125000e+00
2.979130434989929199e+01,-1.412175464630126953e+01,9.885704040527343750e+00,5.302260398864746094e+00,-1.986299705505371094e+01,1.317083358764648438e+01,-5.073769092559814453e+00
2.981112480163574219e+01,-1.392834568023681641e+01,9.850019454956054688e+00,5.892750740051269531e+00,-1.989364814758300781e+01,1.308506393432617188e+01,-4.915065288543701172e+00
2.983123970031738281e+01,-1.410932922363281250e+01,9.901531219482421875e+00,5.339855670928955078e+00,-1.987214660644531250e+01,1.314464282989501953e+01,-4.854887008666992188e+00
2.985135912895202637e+01,-1.418802261352539062e+01,9.875183105468750000e+00,5.087742328643798828e+00,-1.998812294006347656e+01,1.297093677520751953e+01,-5.429053306579589844e+00
2.987160921096801758e+01,-1.405104446411132812e+01,9.698243141174316406e+00,5.132099628448486328e+00,-1.988508415222167969e+01,1.326811790466308594e+01,-4.603974819183349609e+00
2.989194226264953613e+01,-1.397287178039550781e+01,9.639372825622558594e+00,5.737745285034179688e+00,-2.010326957702636719e+01,1.292968273162841797e+01,-5.346615791320800781e+00
2.991183972358703613e+01,-1.406927108764648438e+01,9.506246566772460938e+00,5.221327304840087891e+00,-2.013627433776855469e+01,1.290725994110107422e+01,-5.038614273071289062e+00
2.993198347091674805e+01,-1.404578495025634766e+01,9.537319183349609375e+00,5.728103637695312500e+00,-2.018148803710937500e+01,1.281159114837646484e+01,-5.359224319458007812e+00
2.995208692550659180e+01,-1.426030731201171875e+01,9.599720001220703125e+00,5.110017776489257812e+00,-2.009566879272460938e+01,1.288713836669921875e+01,-4.968181610107421875e+00
2.997232341766357422e+01,-1.406697559356689453e+01,9.570758819580078125e+00,5.640692710876464844e+00,-2.015134239196777344e+01,1.276873016357421875e+01,-4.980664253234863281e+00
2.999243712425231934e+01,-1.317100143432617188e+01,9.341255187988281250e+00,7.345685958862304688e+00,-2.081844139099121094e+01,1.272601604461669922e+01,-5.538481235504150391e+00
3.001385211944580078e+01,-1.449753952026367188e+01,7.751755237579345703e+00,4.946324825286865234e+00,-2.113624954223632812e+01,1.223330402374267578e+01,-5.141803741455078125e+00
3.003254365921020508e+01,-1.515654277801513672e+01,7.777412414550781250e+00,4.939017772674560547e+00,-2.102072334289550781e+01,1.129515457153320312e+01,-4.902589321136474609e+00
3.005262708663940430e+01,-1.499243640899658203e+01,8.218484878540039062e+00,5.040657043457031250e+00,-2.077249145507812500e+01,1.099928092956542969e+01,-5.307181358337402344e+00
3.007377934455871582e+01,-1.448620986938476562e+01,8.710151672363281250e+00,5.772867202758789062e+00,-2.042068862915039062e+01,1.161424541473388672e+01,-4.276862144470214844e+00
3.009349894523620605e+01,-1.458364963531494141e+01,9.274405479431152344e+00,5.238699913024902344e+00,-2.057760620117187500e+01,1.212095165252685547e+01,-5.162674427032470703e+00
3.011388587951660156e+01,-1.440222644805908203e+01,9.388375282287597656e+00,5.823616027832031250e+00,-2.056585311889648438e+01,1.244180393218994141e+01,-4.419428348541259766e+00
3.013381505012512207e+01,-1.474555492401123047e+01,9.250003814697265625e+00,4.720285892486572266e+00,-2.069252204895019531e+01,1.249960803985595703e+01,-4.946534633636474609e+00
3.015452790260314941e+01,-1.462534999847412109e+01,9.146182060241699219e+00,4.873418331146240234e+00,-2.087779998779296875e+01,1.233007049560546875e+01,-5.381258010864257812e+00
3.017484259605407715e+01,-1.416895771026611328e+01,9.150921821594238281e+00,6.331715106964111328e+00,-2.084845161437988281e+01,1.239041709899902344e+01,-4.931608200073242188e+00
3.019494152069091797e+01,-1.456650257110595703e+01,9.160762786865234375e+00,4.826342105865478516e+00,-2.091200065612792969e+01,1.238099193572998047e+01,-5.511435031890869141e+00
3.021486330032348633e+01,-1.444664669036865234e+01,9.133161544799804688e+00,5.639837265014648438e+00,-2.070229339599609375e+01,1.251150226593017578e+01,-4.499101638793945312e+00
3.023516058921813965e+01,-1.449281501770019531e+01,9.269048690795898438e+00,5.270783424377441406e+00,-2.082663536071777344e+01,1.242954921722412109e+01,-5.300947189331054688e+00
3.025495052337646484e+01,-1.460572052001953125e+01,9.130136489868164062e+00,4.905712604522705078e+00,-2.077721405029296875e+01,1.237832164764404297e+01,-4.893890857696533203e+00
3.027503681182861328e+01,-1.451611423492431641e+01,9.126128196716308594e+00,5.001865863800048828e+00,-2.077864646911621094e+01,1.254097938537597656e+01,-4.534330844879150391e+00
3.029515695571899414e+01,-1.443552780151367188e+01,9.195318222045898438e+00,5.335582256317138672e+00,-2.083311080932617188e+01,1.243212509155273438e+01,-4.964893341064453125e+00
3.031540513038635254e+01,-1.428700637817382812e+01,9.131155967712402344e+00,5.196239948272705078e+00,-2.088188171386718750e+01,1.249044990539550781e+01,-5.507795810699462891e+00
3.033536887168884277e+01,-1.433559513092041016e+01,9.192331314086914062e+00,5.553703308105468750e+00,-2.073545837402343750e+01,1.252636337280273438e+01,-4.915728092193603516e+00
3.035576319694519043e+01,-1.441707611083984375e+01,9.184241294860839844e+00,5.007668018341064453e+00,-2.059799003601074219e+01,1.266137504577636719e+01,-4.504606246948242188e+00
3.037583518028259277e+01,-1.439126205444335938e+01,9.439479827880859375e+00,5.067778587341308594e+00,-2.061613655090332031e+01,1.274289321899414062e+01,-4.981678485870361328e+00
3.039598464965820312e+01,-1.435752582550048828e+01,9.530884742736816406e+00,4.891026496887207031e+00,-2.056882667541503906e+01,1.305262470245361328e+01,-4.976491451263427734e+00
3.041613125801086426e+01,-1.420748615264892578e+01,9.512137413024902344e+00,5.668817520141601562e+00,-2.068949699401855469e+01,1.274667358398437500e+01,-5.440733432769775391e+00
3.043621087074279785e+01,-1.425131130218505859e+01,9.553967475891113281e+00,5.175672531127929688e+00,-2.050544548034667969e+01,1.315478134155273438e+01,-4.567118644714355469e+00
3.045637273788452148e+01,-1.420077419281005859e+01,9.653666496276855469e+00,5.724096775054931641e+00,-2.049769210815429688e+01,1.305178260803222656e+01,-4.863398075103759766e+00
3.047651219367980957e+01,-1.432170486450195312e+01,9.821929931640625000e+00,5.106882572174072266e+00,-2.046965408325195312e+01,1.306741523742675781e+01,-5.109612941741943359e+00
3.049659800529479980e+01,-1.399345207214355469e+01,9.934457778930664062e+00,5.695284843444824219e+00,-2.034354782104492188e+01,1.334826850891113281e+01,-4.929573059082031250e+00
3.051680850982666016e+01,-1.415404891967773438e+01,1.023732757568359375e+01,5.234322071075439453e+00,-2.026430702209472656e+01,1.364568233489990234e+01,-4.988708496093750000e+00
3.053690528869628906e+01,-1.425444889068603516e+01,1.016845130920410156e+01,4.723433971405029297e+00,-2.016289138793945312e+01,1.364513015747070312e+01,-4.805166721343994141e+00
3.055705165863037109e+01,-1.378644943237304688e+01,1.048675441741943359e+01,5.826879501342773438e+00,-2.025088882446289062e+01,1.385019493103027344e+01,-5.338587284088134766e+00
3.057712030410766602e+01,-1.426486206054687500e+01,1.036189651489257812e+01,4.753196716308593750e+00,-2.012952804565429688e+01,1.374917984008789062e+01,-4.968949794769287109e+00
3.059739542007446289e+01,-1.367688083648681641e+01,1.064380931854248047e+01,5.900814056396484375e+00,-2.010699272155761719e+01,1.407000732421875000e+01,-4.909376144409179688e+00
3.061725282669067383e+01,-1.397395420074462891e+01,1.085649871826171875e+01,5.195466518402099609e+00,-2.019092559814453125e+01,1.407219982147216797e+01,-5.483197689056396484e+00
3.063758301734924316e+01,-1.367607688903808594e+01,1.089649677276611328e+01,5.799144268035888672e+00,-2.010618591308593750e+01,1.417888736724853516e+01,-5.037921428680419922e+00
3.065713596343994141e+01,-1.355131149291992188e+01,1.106646442413330078e+01,5.952453613281250000e+00,-2.010531044006347656e+01,1.442783737182617188e+01,-4.921329975128173828e+00
3.067717051506042480e+01,-1.368266391754150391e+01,1.108328819274902344e+01,5.554169178009033203e+00,-1.998068046569824219e+01,1.454175376892089844e+01,-4.600359916687011719e+00
3.069730925559997559e+01,-1.341321849822998047e+01,1.137977027893066406e+01,5.954278945922851562e+00,-2.012974548339843750e+01,1.464372348785400391e+01,-5.372760295867919922e+00
3.071753454208374023e+01,-1.362838649749755859e+01,1.166866588592529297e+01,5.303849220275878906e+00,-1.982445526123046875e+01,1.509147453308105469e+01,-4.659016609191894531e+00
3.073760104179382324e+01,-1.341141223907470703e+01,1.186615371704101562e+01,5.632751941680908203e+00,-1.973554611206054688e+01,1.516239452362060547e+01,-4.995298862457275391e+00
3.075772809982299805e+01,-1.287757873535156250e+01,1.213513374328613281e+01,6.417392730712890625e+00,-1.959390449523925781e+01,1.542280292510986328e+01,-5.306444168090820312e+00
3.077861285209655762e+01,-1.317830181121826172e+01,1.219409179687500000e+01,5.172000408172607422e+00,-1.930033493041992188e+01,1.572530269622802734e+01,-5.035792827606201172e+00
3.079790520668029785e+01,-1.271436691284179688e+01,1.255334091186523438e+01,5.961718082427978516e+00,-1.918366622924804688e+01,1.597116851806640625e+01,-5.020297527313232422e+00
3.081872320175170898e+01,-1.308933639526367188e+01,1.290510749816894531e+01,4.903266429901123047e+00,-1.880681610107421875e+01,1.623888397216796875e+01,-4.971680164337158203e+00
3.083956766128540039e+01,-1.298667716979980469e+01,1.321868133544921875e+01,4.889148712158203125e+00,-1.853322792053222656e+01,1.653436660766601562e+01,-4.538507461547851562e+00
3.085919809341430664e+01,-1.252917671203613281e+01,1.330169677734375000e+01,4.736942768096923828e+00,-1.838121032714843750e+01,1.665426445007324219e+01,-4.972568988800048828e+00
3.087961959838867188e+01,-1.207653045654296875e+01,1.359188842773437500e+01,5.880884647369384766e+00,-1.815496253967285156e+01,1.678773117065429688e+01,-4.875631332397460938e+00
3.089959001541137695e+01,-1.233471393585205078e+01,1.398207855224609375e+01,4.864014148712158203e+00,-1.782950019836425781e+01,1.722776222229003906e+01,-4.461289405822753906e+00
3.091942381858825684e+01,-1.174731159210205078e+01,1.430889415740966797e+01,5.854791641235351562e+00,-1.780244255065917969e+01,1.748048019409179688e+01,-4.599753856658935547e+00
3.093951058387756348e+01,-1.170152854919433594e+01,1.459826469421386719e+01,5.639991283416748047e+00,-1.744143486022949219e+01,1.778315162658691406e+01,-4.639600276947021484e+00
3.095975208282470703e+01,-1.152939701080322266e+01,1.485728168487548828e+01,5.497393131256103516e+00,-1.729299354553222656e+01,1.796150588989257812e+01,-4.787923812866210938e+00
3.097970986366271973e+01,-1.148238277435302734e+01,1.505087661743164062e+01,5.166338920593261719e+00,-1.697454643249511719e+01,1.817851066589355469e+01,-4.444003105163574219e+00
3.100001406669616699e+01,-1.131320667266845703e+01,1.530331134796142578e+01,5.085659980773925781e+00,-1.691712760925292969e+01,1.835315704345703125e+01,-4.646080017089843750e+00
3.102018070220947266e+01,-1.103170013427734375e+01,1.543983173370361328e+01,5.739377498626708984e+00,-1.682989311218261719e+01,1.849635887145996094e+01,-4.494648456573486328e+00
3.104050445556640625e+01,-1.087175273895263672e+01,1.566747283935546875e+01,5.699662685394287109e+00,-1.674649238586425781e+01,1.881376075744628906e+01,-4.526362895965576172e+00
3.106083607673645020e+01,-1.071834278106689453e+01,1.571340656280517578e+01,5.579709529876708984e+00,-1.633454322814941406e+01,1.883207321166992188e+01,-4.501855373382568359e+00
3.108103823661804199e+01,-1.068595504760742188e+01,1.587290382385253906e+01,5.135791778564453125e+00,-1.628221893310546875e+01,1.902820968627929688e+01,-4.531772613525390625e+00
3.110116481781005859e+01,-1.044871711730957031e+01,1.591433143615722656e+01,5.601495742797851562e+00,-1.609375762939453125e+01,1.900187873840332031e+01,-4.484682083129882812e+00
3.112131094932556152e+01,-1.038892650604248047e+01,1.606472206115722656e+01,5.115140914916992188e+00,-1.600650405883789062e+01,1.920266723632812500e+01,-4.508751869201660156e+00
3.114133644104003906e+01,-1.060056686401367188e+01,1.608486175537109375e+01,4.733200073242187500e+00,-1.587965202331542969e+01,1.915308380126953125e+01,-4.457705974578857422e+00
3.116152477264404297e+01,-1.003975486755371094e+01,1.611632537841796875e+01,5.191486835479736328e+00,-1.567344570159912109e+01,1.919426155090332031e+01,-4.464204788208007812e+00
3.118166542053222656e+01,-9.956378936767578125e+00,1.614107513427734375e+01,5.644722461700439453e+00,-1.570421695709228516e+01,1.919840621948242188e+01,-4.438664436340332031e+00
3.120169401168823242e+01,-9.407752037048339844e+00,1.618717575073242188e+01,6.292524814605712891e+00,-1.556762218475341797e+01,1.926573562622070312e+01,-4.441981792449951172e+00
3.122194671630859375e+01,-1.000651264190673828e+01,1.625284576416015625e+01,4.740823745727539062e+00,-1.541842460632324219e+01,1.937103843688964844e+01,-4.443219184875488281e+00
3.124213075637817383e+01,-9.713284492492675781e+00,1.619445610046386719e+01,5.543791770935058594e+00,-1.548705291748046875e+01,1.925631332397460938e+01,-4.401394844055175781e+00
3.126228690147399902e+01,-9.702962875366210938e+00,1.625213813781738281e+01,5.015700340270996094e+00,-1.537112998962402344e+01,1.940134811401367188e+01,-4.437554836273193359e+00
3.128245615959167480e+01,-9.570603370666503906e+00,1.618639755249023438e+01,5.562790870666503906e+00,-1.537304592132568359e+01,1.929773902893066406e+01,-4.389633655548095703e+00
3.130259203910827637e+01,-9.733996391296386719e+00,1.619133758544921875e+01,4.890812873840332031e+00,-1.529475784301757812e+01,1.929986763000488281e+01,-4.393406867980957031e+00
3.132270431518554688e+01,-9.358041763305664062e+00,1.618229675292968750e+01,5.605605125427246094e+00,-1.524039363861083984e+01,1.929829025268554688e+01,-4.394246578216552734e+00
3.134221839904785156e+01,-9.286899566650390625e+00,1.619706726074218750e+01,5.815365791320800781e+00,-1.528927993774414062e+01,1.934418106079101562e+01,-4.375655651092529297e+00
3.136238098144531250e+01,-9.581791877746582031e+00,1.618712425231933594e+01,4.905728816986083984e+00,-1.516045475006103516e+01,1.934924697875976562e+01,-4.371872425079345703e+00
3.138356447219848633e+01,-9.293805122375488281e+00,1.609869766235351562e+01,5.507812023162841797e+00,-1.514458751678466797e+01,1.923065757751464844e+01,-4.345179080963134766e+00
3.140376210212707520e+01,-9.374360084533691406e+00,1.611199378967285156e+01,4.600985050201416016e+00,-1.494310188293457031e+01,1.933673286437988281e+01,-4.380920410156250000e+00
3.142273497581481934e+01,-8.941859245300292969e+00,1.596415328979492188e+01,5.625410556793212891e+00,-1.495578861236572266e+01,1.914256668090820312e+01,-4.329693794250488281e+00
3.144378161430358887e+01,-8.962924003601074219e+00,1.588713741302490234e+01,5.315274715423583984e+00,-1.485551834106445312e+01,1.910482025146484375e+01,-4.336390018463134766e+00
3.146412491798400879e+01,-9.088875770568847656e+00,1.583566093444824219e+01,4.571256160736083984e+00,-1.480878448486328125e+01,1.913027763366699219e+01,-4.353202819824218750e+00
3.148410010337829590e+01,-8.550773620605468750e+00,1.566991519927978516e+01,6.073682308197021484e+00,-1.487855720520019531e+01,1.893884277343750000e+01,-4.300527572631835938e+00
3.150394058227539062e+01,-9.058506965637207031e+00,1.563382339477539062e+01,4.590323925018310547e+00,-1.477733135223388672e+01,1.895203590393066406e+01,-4.319212436676025391e+00
3.152435755729675293e+01,-8.805881500244140625e+00,1.549239253997802734e+01,5.345283985137939453e+00,-1.483703041076660156e+01,1.877852821350097656e+01,-4.278771877288818359e+00
3.154475927352905273e+01,-8.861159324645996094e+00,1.548449611663818359e+01,4.845551490783691406e+00,-1.480650234222412109e+01,1.886510467529296875e+01,-4.314138889312744141e+00
3.156490445137023926e+01,-8.429652214050292969e+00,1.533668804168701172e+01,5.973697662353515625e+00,-1.479190349578857422e+01,1.871442031860351562e+01,-4.265460014343261719e+00
3.158496832847595215e+01,-8.953347206115722656e+00,1.526453399658203125e+01,4.540515422821044922e+00,-1.473796081542968750e+01,1.867934989929199219e+01,-4.278680324554443359e+00
3.160513567924499512e+01,-8.850129127502441406e+00,1.509695148468017578e+01,4.760517120361328125e+00,-1.471583461761474609e+01,1.847092819213867188e+01,-4.241224765777587891e+00
3.162522673606872559e+01,-8.703226089477539062e+00,1.502042007446289062e+01,5.032867908477783203e+00,-1.481703281402587891e+01,1.845057868957519531e+01,-4.265119552612304688e+00
3.164535045623779297e+01,-8.610515594482421875e+00,1.500521755218505859e+01,5.056997776031494141e+00,-1.475474166870117188e+01,1.844205474853515625e+01,-4.261190414428710938e+00
3.166499590873718262e+01,-8.660702705383300781e+00,1.475861549377441406e+01,5.049466609954833984e+00,-1.481763076782226562e+01,1.819837379455566406e+01,-4.220376968383789062e+00
3.168532967567443848e+01,-8.746363639831542969e+00,1.463269615173339844e+01,4.734912872314453125e+00,-1.482840251922607422e+01,1.810092926025390625e+01,-4.208974361419677734e+00
3.170559692382812500e+01,-8.798660278320312500e+00,1.453438282012939453e+01,4.630302906036376953e+00,-1.489117336273193359e+01,1.807435989379882812e+01,-4.220467090606689453e+00
3.172569131851196289e+01,-8.816188812255859375e+00,1.436278057098388672e+01,4.698101520538330078e+00,-1.490378475189208984e+01,1.790372467041015625e+01,-4.168787956237792969e+00
3.175011205673217773e+01,-8.887511253356933594e+00,1.425189685821533203e+01,4.399587631225585938e+00,-1.498746871948242188e+01,1.777597236633300781e+01,-4.505930900573730469e+00
3.176590752601623535e+01,-8.874983787536621094e+00,1.404177093505859375e+01,4.582606792449951172e+00,-1.500024604797363281e+01,1.762653541564941406e+01,-4.214293956756591797e+00
3.178603124618530273e+01,-8.887182235717773438e+00,1.391336536407470703e+01,4.593921184539794922e+00,-1.500624561309814453e+01,1.755983161926269531e+01,-4.177983283996582031e+00
3.180628418922424316e+01,-8.702965736389160156e+00,1.376788234710693359e+01,5.142076492309570312e+00,-1.502153873443603516e+01,1.742302894592285156e+01,-4.129165172576904297e+00
3.182630157470703125e+01,-8.640058517456054688e+00,1.374630832672119141e+01,5.162003040313720703e+00,-1.510364341735839844e+01,1.748572540283203125e+01,-4.167491436004638672e+00
3.184646368026733398e+01,-9.089397430419921875e+00,1.335445499420166016e+01,4.132134914398193359e+00,-1.508601474761962891e+01,1.725698280334472656e+01,-4.103127002716064453e+00
3.186652278900146484e+01,-8.505167007446289062e+00,1.326194286346435547e+01,5.737470149993896484e+00,-1.523027133941650391e+01,1.692554092407226562e+01,-4.247661590576171875e+00
3.188662314414978027e+01,-9.033337593078613281e+00,1.327571487426757812e+01,4.406427860260009766e+00,-1.516708946228027344e+01,1.698325920104980469e+01,-4.115273952484130859e+00
3.190636420249938965e+01,-8.867701530456542969e+00,1.321818637847900391e+01,4.893549442291259766e+00,-1.527117156982421875e+01,1.683418464660644531e+01,-4.394531726837158203e+00
3.192636609077453613e+01,-8.881258010864257812e+00,1.312782001495361328e+01,4.899261951446533203e+00,-1.524251270294189453e+01,1.681134223937988281e+01,-4.047015190124511719e+00
3.194644045829772949e+01,-8.916868209838867188e+00,1.312446784973144531e+01,4.904575347900390625e+00,-1.532064247131347656e+01,1.677184104919433594e+01,-4.213249206542968750e+00
3.196659564971923828e+01,-8.904093742370605469e+00,1.295140171051025391e+01,5.110129356384277344e+00,-1.538524532318115234e+01,1.669410324096679688e+01,-4.044696807861328125e+00
3.198664259910583496e+01,-9.117383956909179688e+00,1.295304870605468750e+01,4.577842712402343750e+00,-1.544469165802001953e+01,1.660938453674316406e+01,-4.362690448760986328e+00
3.200679922103881836e+01,-8.929320335388183594e+00,1.271874141693115234e+01,5.130088806152343750e+00,-1.549047374725341797e+01,1.643181800842285156e+01,-4.098276138305664062e+00
3.202684235572814941e+01,-8.791749000549316406e+00,1.263458061218261719e+01,5.448348045349121094e+00,-1.564186573028564453e+01,1.644675254821777344e+01,-4.373419761657714844e+00
3.204721069335937500e+01,-9.403244972229003906e+00,1.255362987518310547e+01,4.206824302673339844e+00,-1.565999031066894531e+01,1.626324844360351562e+01,-4.459740638732910156e+00
3.206707096099853516e+01,-9.282095909118652344e+00,1.239858722686767578e+01,4.618891239166259766e+00,-1.562275028228759766e+01,1.613844108581542969e+01,-3.975237846374511719e+00
3.208741283416748047e+01,-9.173617362976074219e+00,1.233702564239501953e+01,4.876301288604736328e+00,-1.569169521331787109e+01,1.605019950866699219e+01,-4.015032768249511719e+00
3.210759592056274414e+01,-9.091253280639648438e+00,1.227290630340576172e+01,5.104722023010253906e+00,-1.579527473449707031e+01,1.597640132904052734e+01,-4.130293369293212891e+00
3.212854337692260742e+01,-9.246678352355957031e+00,1.217631912231445312e+01,4.657004833221435547e+00,-1.590237426757812500e+01,1.600179290771484375e+01,-4.444518566131591797e+00
3.214856481552124023e+01,-9.671656608581542969e+00,1.204470920562744141e+01,3.825513124465942383e+00,-1.597943878173828125e+01,1.589890098571777344e+01,-4.464881896972656250e+00
3.216931581497192383e+01,-9.623397827148437500e+00,1.195838546752929688e+01,4.301151752471923828e+00,-1.603557777404785156e+01,1.566201114654541016e+01,-4.437177181243896484e+00
3.218899250030517578e+01,-9.524469375610351562e+00,1.197079849243164062e+01,4.532815933227539062e+00,-1.596471118927001953e+01,1.575933933258056641e+01,-3.998384952545166016e+00
3.220885443687438965e+01,-9.355782508850097656e+00,1.196070384979248047e+01,5.034778118133544922e+00,-1.613787841796875000e+01,1.559875488281250000e+01,-4.476158618927001953e+00
3.222882366180419922e+01,-9.656435966491699219e+00,1.200005245208740234e+01,4.244289875030517578e+00,-1.611301040649414062e+01,1.565249156951904297e+01,-4.411872386932373047e+00
3.224938225746154785e+01,-9.727930068969726562e+00,1.186935043334960938e+01,3.886334180831909180e+00,-1.606328582763671875e+01,1.580652713775634766e+01,-3.996427774429321289e+00
3.226928472518920898e+01,-9.229766845703125000e+00,1.182159900665283203e+01,5.453217983245849609e+00,-1.628846931457519531e+01,1.562694454193115234e+01,-4.295552730560302734e+00
3.228956770896911621e+01,-9.887871742248535156e+00,1.180582904815673828e+01,3.869062423706054688e+00,-1.626137733459472656e+01,1.565799522399902344e+01,-4.453098297119140625e+00
3.230958271026611328e+01,-9.822247505187988281e+00,1.182381725311279297e+01,4.330000400543212891e+00,-1.628699684143066406e+01,1.554484558105468750e+01,-4.322476863861083984e+00
3.232991361618041992e+01,-9.865465164184570312e+00,1.190598869323730469e+01,4.242865562438964844e+00,-1.624658584594726562e+01,1.567415714263916016e+01,-4.111158847808837891e+00
3.235041594505310059e+01,-9.593955993652343750e+00,1.192691040039062500e+01,4.926924705505371094e+00,-1.627699470520019531e+01,1.561828708648681641e+01,-4.085215091705322266e+00
3.237065815925598145e+01,-9.368461608886718750e+00,1.183988094329833984e+01,5.548513889312744141e+00,-1.639369010925292969e+01,1.564107131958007812e+01,-4.300440311431884766e+00
3.239065766334533691e+01,-9.989393234252929688e+00,1.188162517547607422e+01,3.890837192535400391e+00,-1.638716697692871094e+01,1.571404361724853516e+01,-4.451657295227050781e+00
3.241077995300292969e+01,-9.964351654052734375e+00,1.185579967498779297e+01,4.354878425598144531e+00,-1.642601966857910156e+01,1.555982398986816406e+01,-4.025238990783691406e+00
3.243082165718078613e+01,-9.793837547302246094e+00,1.199263572692871094e+01,4.563977241516113281e+00,-1.644127082824707031e+01,1.569107818603515625e+01,-4.423861980438232422e+00
3.245101475715637207e+01,-9.648371696472167969e+00,1.200442409515380859e+01,5.076016426086425781e+00,-1.641199302673339844e+01,1.570002174377441406e+01,-4.007194519042968750e+00
3.247119188308715820e+01,-9.897663116455078125e+00,1.216996765136718750e+01,4.280683040618896484e+00,-1.636944198608398438e+01,1.592153358459472656e+01,-4.143797397613525391e+00
3.249126458168029785e+01,-9.705356597900390625e+00,1.216055297851562500e+01,4.689918041229248047e+00,-1.642848777770996094e+01,1.607595825195312500e+01,-4.168283939361572266e+00
3.251142334938049316e+01,-9.645556449890136719e+00,1.214782714843750000e+01,5.032082557678222656e+00,-1.656273078918457031e+01,1.592424011230468750e+01,-4.382673740386962891e+00
3.253154182434082031e+01,-9.853055953979492188e+00,1.194782638549804688e+01,4.893385887145996094e+00,-1.646117591857910156e+01,1.585261344909667969e+01,-3.976361036300659180e+00
3.255160880088806152e+01,-9.640013694763183594e+00,1.205416202545166016e+01,5.126352310180664062e+00,-1.663016700744628906e+01,1.570576477050781250e+01,-4.530471324920654297e+00
3.257178807258605957e+01,-9.969582557678222656e+00,1.218821334838867188e+01,4.292983055114746094e+00,-1.642440605163574219e+01,1.594671916961669922e+01,-3.959577322006225586e+00
3.259189987182617188e+01,-9.783853530883789062e+00,1.232595920562744141e+01,4.585148334503173828e+00,-1.655558204650878906e+01,1.597259235382080078e+01,-4.506418704986572266e+00
3.261197113990783691e+01,-9.733646392822265625e+00,1.234747409820556641e+01,4.915061473846435547e+00,-1.642575073242187500e+01,1.612177276611328125e+01,-3.951929092407226562e+00
3.263205790519714355e+01,-9.605087280273437500e+00,1.224947261810302734e+01,5.241369247436523438e+00,-1.662696647644042969e+01,1.593249416351318359e+01,-4.525471210479736328e+00
3.265215635299682617e+01,-9.986525535583496094e+00,1.235449600219726562e+01,4.255401611328125000e+00,-1.643818092346191406e+01,1.611531829833984375e+01,-3.998762369155883789e+00
3.267234563827514648e+01,-9.838329315185546875e+00,1.245566558837890625e+01,4.403902530670166016e+00,-1.645977592468261719e+01,1.620635032653808594e+01,-4.071031093597412109e+00
3.269240856170654297e+01,-9.749639511108398438e+00,1.249525642395019531e+01,4.678171634674072266e+00,-1.642955207824707031e+01,1.621613693237304688e+01,-4.052894592285156250e+00
3.271255683898925781e+01,-9.872490882873535156e+00,1.239031887054443359e+01,4.021816730499267578e+00,-1.641750717163085938e+01,1.626635932922363281e+01,-4.068653106689453125e+00
3.273273229598999023e+01,-9.689837455749511719e+00,1.255890655517578125e+01,4.764841079711914062e+00,-1.648152542114257812e+01,1.637177658081054688e+01,-4.237243652343750000e+00
3.275221538543701172e+01,-9.902994155883789062e+00,1.262561130523681641e+01,4.274114131927490234e+00,-1.640867233276367188e+01,1.636039352416992188e+01,-4.387258052825927734e+00
3.277234101295471191e+01,-9.612157821655273438e+00,1.268854427337646484e+01,4.855810642242431641e+00,-1.638478469848632812e+01,1.649145126342773438e+01,-4.112247943878173828e+00
3.279254961013793945e+01,-9.791749000549316406e+00,1.275125122070312500e+01,4.419693470001220703e+00,-1.636724662780761719e+01,1.647079086303710938e+01,-4.494679927825927734e+00
3.281271219253540039e+01,-9.753998756408691406e+00,1.279106235504150391e+01,4.387078285217285156e+00,-1.627248191833496094e+01,1.659918594360351562e+01,-4.053689002990722656e+00
3.283285903930664062e+01,-9.642235755920410156e+00,1.278334426879882812e+01,4.681312561035156250e+00,-1.628045082092285156e+01,1.652141761779785156e+01,-4.093327522277832031e+00
3.285378408432006836e+01,-9.725889205932617188e+00,1.270110797882080078e+01,4.025680541992187500e+00,-1.626669692993164062e+01,1.661210060119628906e+01,-4.243062496185302734e+00
3.287374377250671387e+01,-9.352557182312011719e+00,1.276694965362548828e+01,5.160516262054443359e+00,-1.639573669433593750e+01,1.655137252807617188e+01,-4.516599178314208984e+00
3.289372968673706055e+01,-9.704163551330566406e+00,1.278771018981933594e+01,4.456785678863525391e+00,-1.627866935729980469e+01,1.657533264160156250e+01,-4.219963550567626953e+00
3.291451048851013184e+01,-9.442639350891113281e+00,1.282534599304199219e+01,4.926696777343750000e+00,-1.626632118225097656e+01,1.654274749755859375e+01,-4.390617847442626953e+00
3.293406486511230469e+01,-9.321100234985351562e+00,1.287955379486083984e+01,5.167840957641601562e+00,-1.619208335876464844e+01,1.667928504943847656e+01,-4.063652992248535156e+00
3.295408320426940918e+01,-9.297801017761230469e+00,1.294647312164306641e+01,5.178775787353515625e+00,-1.622691726684570312e+01,1.668827247619628906e+01,-4.211687564849853516e+00
3.297443509101867676e+01,-9.504096984863281250e+00,1.303323841094970703e+01,4.601611614227294922e+00,-1.615332794189453125e+01,1.684728050231933594e+01,-4.089389801025390625e+00
3.299424743652343750e+01,-9.620779037475585938e+00,1.299734020233154297e+01,4.356015682220458984e+00,-1.619943428039550781e+01,1.667249298095703125e+01,-4.366693019866943359e+00
3.301506161689758301e+01,-9.541838645935058594e+00,1.289803028106689453e+01,4.272911548614501953e+00,-1.615676498413085938e+01,1.682964897155761719e+01,-4.072604656219482422e+00
3.303501129150390625e+01,-9.314875602722167969e+00,1.281699371337890625e+01,5.095567703247070312e+00,-1.625854682922363281e+01,1.656996917724609375e+01,-4.367044925689697266e+00
3.305500650405883789e+01,-9.268939018249511719e+00,1.288908004760742188e+01,4.892657279968261719e+00,-1.623312187194824219e+01,1.659664726257324219e+01,-4.489088535308837891e+00
3.307546973228454590e+01,-9.262056350708007812e+00,1.294939422607421875e+01,4.933609008789062500e+00,-1.610894775390625000e+01,1.673820686340332031e+01,-4.056048393249511719e+00
3.309882950782775879e+01,-9.246707916259765625e+00,1.299918079376220703e+01,4.940358161926269531e+00,-1.611779594421386719e+01,1.675166893005371094e+01,-4.118723392486572266e+00
3.311587238311767578e+01,-9.162439346313476562e+00,1.305729675292968750e+01,5.096510410308837891e+00,-1.612008666992187500e+01,1.681117630004882812e+01,-4.394716262817382812e+00
3.313547706604003906e+01,-9.435433387756347656e+00,1.308343410491943359e+01,4.391887664794921875e+00,-1.604799461364746094e+01,1.689925003051757812e+01,-4.086200237274169922e+00
3.315553116798400879e+01,-9.414600372314453125e+00,1.313042163848876953e+01,4.368942737579345703e+00,-1.606088066101074219e+01,1.695345306396484375e+01,-4.276456356048583984e+00
3.317562150955200195e+01,-9.233332633972167969e+00,1.299411773681640625e+01,4.687725067138671875e+00,-1.614774131774902344e+01,1.689269447326660156e+01,-4.523541927337646484e+00
3.319570636749267578e+01,-9.434801101684570312e+00,1.297922229766845703e+01,4.383831501007080078e+00,-1.605455780029296875e+01,1.687350463867187500e+01,-4.104353427886962891e+00
3.321581554412841797e+01,-9.197791099548339844e+00,1.296435928344726562e+01,4.888701438903808594e+00,-1.604903984069824219e+01,1.674890899658203125e+01,-4.387151718139648438e+00
3.323593282699584961e+01,-9.141777992248535156e+00,1.298491096496582031e+01,4.916466236114501953e+00,-1.597328281402587891e+01,1.682386779785156250e+01,-4.031798839569091797e+00
3.325606250762939453e+01,-9.066937446594238281e+00,1.299540138244628906e+01,5.092007637023925781e+00,-1.599567794799804688e+01,1.678778266906738281e+01,-4.106138229370117188e+00
3.327629470825195312e+01,-9.001857757568359375e+00,1.304196643829345703e+01,5.116359233856201172e+00,-1.603812789916992188e+01,1.682789802551269531e+01,-4.391686439514160156e+00
3.329646730422973633e+01,-9.337556838989257812e+00,1.303951454162597656e+01,4.373436927795410156e+00,-1.596253585815429688e+01,1.688335227966308594e+01,-4.072885513305664062e+00
3.331651878356933594e+01,-9.126907348632812500e+00,1.294644069671630859e+01,4.694288730621337891e+00,-1.602396392822265625e+01,1.692362403869628906e+01,-4.256514549255371094e+00
3.333666801452636719e+01,-9.237601280212402344e+00,1.293597030639648438e+01,4.619248390197753906e+00,-1.600302696228027344e+01,1.690469360351562500e+01,-4.079046249389648438e+00
3.335674214363098145e+01,-9.100833892822265625e+00,1.285559749603271484e+01,5.060839176177978516e+00,-1.598838806152343750e+01,1.669642257690429688e+01,-4.094731807708740234e+00
3.337686944007873535e+01,-9.245043754577636719e+00,1.291490745544433594e+01,4.370294570922851562e+00,-1.599770545959472656e+01,1.668657493591308594e+01,-4.477256774902343750e+00
3.339699435234069824e+01,-8.973357200622558594e+00,1.287744808197021484e+01,5.131773948669433594e+00,-1.598571395874023438e+01,1.666072845458984375e+01,-4.172580242156982422e+00
3.341713595390319824e+01,-9.232394218444824219e+00,1.293968009948730469e+01,4.365580558776855469e+00,-1.591802501678466797e+01,1.679941368103027344e+01,-4.030023097991943359e+00
3.343721508979797363e+01,-9.037595748901367188e+00,1.294658946990966797e+01,4.841949939727783203e+00,-1.607421493530273438e+01,1.671388626098632812e+01,-4.367713451385498047e+00
3.345734429359436035e+01,-9.009903907775878906e+00,1.290975284576416016e+01,5.062739372253417969e+00,-1.597561740875244141e+01,1.677611160278320312e+01,-4.021452903747558594e+00
3.347749185562133789e+01,-8.962552070617675781e+00,1.290406894683837891e+01,5.107443332672119141e+00,-1.602300834655761719e+01,1.673109626770019531e+01,-4.101047515869140625e+00
3.349759554862976074e+01,-9.058591842651367188e+00,1.282052326202392578e+01,4.691401958465576172e+00,-1.609100341796875000e+01,1.672635269165039062e+01,-4.491649150848388672e+00
3.351759195327758789e+01,-8.974874496459960938e+00,1.278956222534179688e+01,5.022232055664062500e+00,-1.610496139526367188e+01,1.670935058593750000e+01,-4.227517127990722656e+00
3.353781938552856445e+01,-9.323885917663574219e+00,1.276882553100585938e+01,4.408894538879394531e+00,-1.600038909912109375e+01,1.669234466552734375e+01,-4.058504104614257812e+00
3.355894184112548828e+01,-9.317431449890136719e+00,1.278166866302490234e+01,4.273712635040283203e+00,-1.602071762084960938e+01,1.656539344787597656e+01,-4.458374500274658203e+00
3.357876038551330566e+01,-9.030952453613281250e+00,1.280485153198242188e+01,4.832843780517578125e+00,-1.601226234436035156e+01,1.662763404846191406e+01,-4.187104225158691406e+00
3.359929037094116211e+01,-9.236739158630371094e+00,1.282274341583251953e+01,4.377720355987548828e+00,-1.593444633483886719e+01,1.669225311279296875e+01,-4.029325962066650391e+00
3.361903715133666992e+01,-8.917047500610351562e+00,1.277653789520263672e+01,5.120529651641845703e+00,-1.604994583129882812e+01,1.651810646057128906e+01,-4.315250396728515625e+00
3.363933968544006348e+01,-9.112437248229980469e+00,1.282551860809326172e+01,4.556585311889648438e+00,-1.598060035705566406e+01,1.665735435485839844e+01,-4.091099739074707031e+00
3.365941643714904785e+01,-8.975365638732910156e+00,1.283747482299804688e+01,4.907559871673583984e+00,-1.606503486633300781e+01,1.660704612731933594e+01,-4.451563835144042969e+00
3.367972159385681152e+01,-9.031769752502441406e+00,1.284015464782714844e+01,4.891506671905517578e+00,-1.600825500488281250e+01,1.668341445922851562e+01,-4.022910118103027344e+00
3.369981956481933594e+01,-8.972463607788085938e+00,1.263897418975830078e+01,5.214550018310546875e+00,-1.609361267089843750e+01,1.649424362182617188e+01,-4.071213722229003906e+00
3.371983480453491211e+01,-9.285287857055664062e+00,1.270587921142578125e+01,4.280956268310546875e+00,-1.610106849670410156e+01,1.648917579650878906e+01,-4.464524269104003906e+00
3.373996639251708984e+01,-9.022061347961425781e+00,1.268532276153564453e+01,4.915983676910400391e+00,-1.606135368347167969e+01,1.649196052551269531e+01,-4.056393623352050781e+00
3.376012516021728516e+01,-8.998606681823730469e+00,1.276685428619384766e+01,4.893757820129394531e+00,-1.605007171630859375e+01,1.659446334838867188e+01,-4.203364849090576172e+00
3.378009939193725586e+01,-9.265954971313476562e+00,1.279824638366699219e+01,4.269486904144287109e+00,-1.598234176635742188e+01,1.668408393859863281e+01,-3.998051643371582031e+00
3.380020380020141602e+01,-9.208616256713867188e+00,1.280434417724609375e+01,4.347726345062255859e+00,-1.607465362548828125e+01,1.665173912048339844e+01,-4.091469287872314453e+00
3.382070136070251465e+01,-9.026090621948242188e+00,1.272239303588867188e+01,4.670134544372558594e+00,-1.609444808959960938e+01,1.673320579528808594e+01,-4.227364540100097656e+00
3.384109497070312500e+01,-9.241356849670410156e+00,1.273994064331054688e+01,4.330243110656738281e+00,-1.614533042907714844e+01,1.663681793212890625e+01,-4.474186420440673828e+00
3.386098361015319824e+01,-9.095826148986816406e+00,1.267344570159912109e+01,4.863173007965087891e+00,-1.605540084838867188e+01,1.656483078002929688e+01,-4.001710414886474609e+00
3.388089060783386230e+01,-9.203349113464355469e+00,1.274244022369384766e+01,4.380521774291992188e+00,-1.609021186828613281e+01,1.655806159973144531e+01,-4.452569007873535156e+00
3.390096044540405273e+01,-9.117821693420410156e+00,1.271912384033203125e+01,4.624030590057373047e+00,-1.604094314575195312e+01,1.657546234130859375e+01,-3.990576267242431641e+00
3.392117357254028320e+01,-8.900951385498046875e+00,1.270860958099365234e+01,5.152924060821533203e+00,-1.614978981018066406e+01,1.647518539428710938e+01,-4.315612792968750000e+00
3.394136810302734375e+01,-8.729775428771972656e+00,1.266915512084960938e+01,5.457208633422851562e+00,-1.625314521789550781e+01,1.656006050109863281e+01,-4.476159572601318359e+00
3.396159768104553223e+01,-9.274819374084472656e+00,1.267038631439208984e+01,4.372883796691894531e+00,-1.614158248901367188e+01,1.658050918579101562e+01,-4.091146469116210938e+00
3.398165154457092285e+01,-9.337672233581542969e+00,1.265577030181884766e+01,4.256776809692382812e+00,-1.605907440185546875e+01,1.656470870971679688e+01,-4.000577926635742188e+00
3.400210690498352051e+01,-9.030077934265136719e+00,1.268034267425537109e+01,4.824877738952636719e+00,-1.619532203674316406e+01,1.648508453369140625e+01,-4.340496063232421875e+00
3.402202343940734863e+01,-8.957384109497070312e+00,1.267683792114257812e+01,5.036217689514160156e+00,-1.621004104614257812e+01,1.647835159301757812e+01,-4.449449062347412109e+00
3.404205489158630371e+01,-9.210812568664550781e+00,1.270742416381835938e+01,4.351198196411132812e+00,-1.611450576782226562e+01,1.658042335510253906e+01,-4.069523811340332031e+00
3.406222963333129883e+01,-9.255775451660156250e+00,1.261122417449951172e+01,3.883293151855468750e+00,-1.616582679748535156e+01,1.662122535705566406e+01,-4.458371639251708984e+00
3.408255243301391602e+01,-8.777148246765136719e+00,1.256014060974121094e+01,5.466404914855957031e+00,-1.621844482421875000e+01,1.655388832092285156e+01,-4.171629905700683594e+00
3.410260915756225586e+01,-9.324336051940917969e+00,1.265606975555419922e+01,4.221311569213867188e+00,-1.616866302490234375e+01,1.655803108215332031e+01,-4.358865261077880859e+00
3.412274622917175293e+01,-9.054037094116210938e+00,1.262648773193359375e+01,4.877785682678222656e+00,-1.610322570800781250e+01,1.654256629943847656e+01,-3.966092348098754883e+00
3.414283299446105957e+01,-8.923295974731445312e+00,1.265609741210937500e+01,5.117359638214111328e+00,-1.616523170471191406e+01,1.650940322875976562e+01,-4.152814865112304688e+00
3.416378331184387207e+01,-9.185546875000000000e+00,1.273319911956787109e+01,4.343185901641845703e+00,-1.618791770935058594e+01,1.656107139587402344e+01,-4.455435276031494141e+00
3.418410444259643555e+01,-9.132794380187988281e+00,1.269011211395263672e+01,4.620481967926025391e+00,-1.613669013977050781e+01,1.657034111022949219e+01,-3.993405342102050781e+00
3.420454597473144531e+01,-8.921130180358886719e+00,1.266302776336669922e+01,5.148639678955078125e+00,-1.624212074279785156e+01,1.645611190795898438e+01,-4.317690372467041016e+00
3.422435069084167480e+01,-9.281244277954101562e+00,1.254319000244140625e+01,3.886748313903808594e+00,-1.616022872924804688e+01,1.660127067565917969e+01,-4.086678981781005859e+00
3.424457120895385742e+01,-9.099205017089843750e+00,1.260209941864013672e+01,4.707563400268554688e+00,-1.626455116271972656e+01,1.652539062500000000e+01,-4.352797031402587891e+00
3.426466917991638184e+01,-9.318044662475585938e+00,1.259405612945556641e+01,4.302808761596679688e+00,-1.617014884948730469e+01,1.652292251586914062e+01,-4.066040992736816406e+00
3.428464651107788086e+01,-9.025892257690429688e+00,1.262144660949707031e+01,4.895447731018066406e+00,-1.624293708801269531e+01,1.646482658386230469e+01,-4.346007347106933594e+00
3.430526614189147949e+01,-8.954682350158691406e+00,1.263491439819335938e+01,5.030507087707519531e+00,-1.627176094055175781e+01,1.645807456970214844e+01,-4.446533203125000000e+00
3.432543921470642090e+01,-8.938948631286621094e+00,1.265854835510253906e+01,5.078344345092773438e+00,-1.620911216735839844e+01,1.658238410949707031e+01,-4.013557434082031250e+00
3.434542393684387207e+01,-8.945464134216308594e+00,1.273645305633544922e+01,5.074577331542968750e+00,-1.621978187561035156e+01,1.667984008789062500e+01,-4.203660011291503906e+00
3.436533331871032715e+01,-9.226292610168457031e+00,1.259670066833496094e+01,4.525564193725585938e+00,-1.625036048889160156e+01,1.652692413330078125e+01,-4.335132598876953125e+00
3.438537478446960449e+01,-9.169712066650390625e+00,1.257170295715332031e+01,4.607823848724365234e+00,-1.619761466979980469e+01,1.650866699218750000e+01,-3.974036455154418945e+00
3.440550231933593750e+01,-9.238956451416015625e+00,1.258132743835449219e+01,4.298790454864501953e+00,-1.624284172058105469e+01,1.639712142944335938e+01,-4.300354957580566406e+00
3.442566180229187012e+01,-9.145323753356933594e+00,1.264305686950683594e+01,4.325432300567626953e+00,-1.627754211425781250e+01,1.648395919799804688e+01,-4.448112964630126953e+00
3.444563865661621094e+01,-9.129766464233398438e+00,1.267886447906494141e+01,4.521196365356445312e+00,-1.622150039672851562e+01,1.661955642700195312e+01,-4.067807674407958984e+00
3.446588015556335449e+01,-9.034288406372070312e+00,1.269334506988525391e+01,4.856659889221191406e+00,-1.622671699523925781e+01,1.662016105651855469e+01,-4.188113212585449219e+00
3.448591208457946777e+01,-9.038139343261718750e+00,1.269687843322753906e+01,4.869307994842529297e+00,-1.629136657714843750e+01,1.658288764953613281e+01,-4.353591442108154297e+00
3.450596094131469727e+01,-9.000600814819335938e+00,1.249837875366210938e+01,5.185262203216552734e+00,-1.627074241638183594e+01,1.650402641296386719e+01,-3.975158452987670898e+00
3.452605509757995605e+01,-9.335162162780761719e+00,1.254470920562744141e+01,4.214696407318115234e+00,-1.624790382385253906e+01,1.645152473449707031e+01,-4.056944847106933594e+00
3.454613161087036133e+01,-9.091978073120117188e+00,1.262851333618164062e+01,4.523354053497314453e+00,-1.628605651855468750e+01,1.653415870666503906e+01,-4.356670856475830078e+00
3.456619334220886230e+01,-9.252864837646484375e+00,1.262369155883789062e+01,4.287189960479736328e+00,-1.618348884582519531e+01,1.655871582031250000e+01,-4.043690204620361328e+00
3.458635163307189941e+01,-8.969323158264160156e+00,1.269332313537597656e+01,4.793453216552734375e+00,-1.629367256164550781e+01,1.658889961242675781e+01,-4.464087486267089844e+00
3.460658621788024902e+01,-9.222308158874511719e+00,1.265637683868408203e+01,4.359333515167236328e+00,-1.622802734375000000e+01,1.656726074218750000e+01,-4.150379657745361328e+00
3.462667202949523926e+01,-9.017173767089843750e+00,1.269903755187988281e+01,4.813206672668457031e+00,-1.622528076171875000e+01,1.669221878051757812e+01,-4.035271167755126953e+00
3.464687228202819824e+01,-9.072553634643554688e+00,1.241939830780029297e+01,4.774091720581054688e+00,-1.630597686767578125e+01,1.639367675781250000e+01,-4.297378540039062500e+00
3.466704130172729492e+01,-8.904918670654296875e+00,1.251604080200195312e+01,5.021532535552978516e+00,-1.630526351928710938e+01,1.656110954284667969e+01,-4.103843212127685547e+00
3.468711376190185547e+01,-9.332679748535156250e+00,1.258802032470703125e+01,4.187290191650390625e+00,-1.623907470703125000e+01,1.652954101562500000e+01,-4.327265262603759766e+00
3.470727181434631348e+01,-9.009243965148925781e+00,1.257800960540771484e+01,4.895903110504150391e+00,-1.621947097778320312e+01,1.652889060974121094e+01,-3.982346296310424805e+00
3.472743105888366699e+01,-9.175392150878906250e+00,1.260207366943359375e+01,4.392053127288818359e+00,-1.626131248474121094e+01,1.644369506835937500e+01,-4.301387786865234375e+00
3.474763655662536621e+01,-8.975049018859863281e+00,1.266343212127685547e+01,4.815792560577392578e+00,-1.625216102600097656e+01,1.661827087402343750e+01,-4.073529243469238281e+00
3.476772570610046387e+01,-8.950675964355468750e+00,1.252658748626708984e+01,5.183135986328125000e+00,-1.632152748107910156e+01,1.652367591857910156e+01,-4.182677268981933594e+00
3.481137442588806152e+01,-9.291224479675292969e+00,1.256827354431152344e+01,4.260264396667480469e+00,-1.632129859924316406e+01,1.646094894409179688e+01,-4.449302196502685547e+00
3.481516671180725098e+01,-8.995292663574218750e+00,1.257314491271972656e+01,4.976506233215332031e+00,-1.624460792541503906e+01,1.655460548400878906e+01,-4.074967384338378906e+00
3.483483552932739258e+01,-9.064077377319335938e+00,1.262231445312500000e+01,4.551991939544677734e+00,-1.630006027221679688e+01,1.649029350280761719e+01,-4.459002017974853516e+00
3.485472512245178223e+01,-8.978997230529785156e+00,1.260074329376220703e+01,4.904871940612792969e+00,-1.626719093322753906e+01,1.651820945739746094e+01,-4.040657520294189453e+00
3.487443494796752930e+01,-9.196001052856445312e+00,1.265636253356933594e+01,4.374351978302001953e+00,-1.621524620056152344e+01,1.663849449157714844e+01,-3.992142915725708008e+00
3.489482045173645020e+01,-8.988169670104980469e+00,1.262104701995849609e+01,4.898036479949951172e+00,-1.632111549377441406e+01,1.649950981140136719e+01,-4.145620346069335938e+00
3.491505789756774902e+01,-8.903755187988281250e+00,1.264053153991699219e+01,5.094072818756103516e+00,-1.640609931945800781e+01,1.651000976562500000e+01,-4.463373661041259766e+00
3.493478989601135254e+01,-8.760407447814941406e+00,1.255311298370361328e+01,5.436913967132568359e+00,-1.636471366882324219e+01,1.662368202209472656e+01,-4.018823146820068359e+00
3.495438241958618164e+01,-9.329291343688964844e+00,1.255945682525634766e+01,4.157968521118164062e+00,-1.629246902465820312e+01,1.652606582641601562e+01,-4.012749195098876953e+00
3.497456216812133789e+01,-9.168235778808593750e+00,1.260718536376953125e+01,4.320518970489501953e+00,-1.629110336303710938e+01,1.658966827392578125e+01,-4.191341400146484375e+00
3.499493646621704102e+01,-9.090701103210449219e+00,1.259738063812255859e+01,4.595186233520507812e+00,-1.629438018798828125e+01,1.651560974121093750e+01,-4.314450263977050781e+00
3.501498818397521973e+01,-8.929784774780273438e+00,1.249485301971435547e+01,4.933789730072021484e+00,-1.639380264282226562e+01,1.647679710388183594e+01,-4.437102794647216797e+00
3.503509092330932617e+01,-8.945332527160644531e+00,1.250835418701171875e+01,5.057990074157714844e+00,-1.633162498474121094e+01,1.650487709045410156e+01,-4.004895687103271484e+00
3.505516886711120605e+01,-9.214411735534667969e+00,1.259104824066162109e+01,4.220183849334716797e+00,-1.628636741638183594e+01,1.656851768493652344e+01,-4.184004783630371094e+00
3.507530307769775391e+01,-9.153692245483398438e+00,1.262567138671875000e+01,4.314336299896240234e+00,-1.630862998962402344e+01,1.657944297790527344e+01,-4.339287757873535156e+00
3.509546923637390137e+01,-9.276146888732910156e+00,1.247899246215820312e+01,3.851794242858886719e+00,-1.624879264831542969e+01,1.666921806335449219e+01,-4.014002799987792969e+00
3.511550998687744141e+01,-9.114065170288085938e+00,1.247931194305419922e+01,4.709909439086914062e+00,-1.636953735351562500e+01,1.648604011535644531e+01,-4.064597129821777344e+00
3.513573241233825684e+01,-9.297568321228027344e+00,1.252270221710205078e+01,4.177568912506103516e+00,-1.626385879516601562e+01,1.648074531555175781e+01,-4.171944618225097656e+00
3.515600109100341797e+01,-9.131104469299316406e+00,1.256980133056640625e+01,4.322166442871093750e+00,-1.630806541442871094e+01,1.650930213928222656e+01,-4.330605030059814453e+00
3.517605829238891602e+01,-9.002966880798339844e+00,1.249031829833984375e+01,4.633000373840332031e+00,-1.638535499572753906e+01,1.653563499450683594e+01,-4.450398921966552734e+00
3.519592046737670898e+01,-9.379067420959472656e+00,1.237244606018066406e+01,3.699148178100585938e+00,-1.631978797912597656e+01,1.657793045043945312e+01,-4.020786762237548828e+00
3.521611523628234863e+01,-8.928437232971191406e+00,1.237299728393554688e+01,5.231744289398193359e+00,-1.641141510009765625e+01,1.638120460510253906e+01,-4.156881332397460938e+00
3.523620033264160156e+01,-9.303002357482910156e+00,1.247410964965820312e+01,4.196849822998046875e+00,-1.633654785156250000e+01,1.639579010009765625e+01,-4.314958572387695312e+00
3.525634121894836426e+01,-9.073678016662597656e+00,1.248755168914794922e+01,4.603493213653564453e+00,-1.638156890869140625e+01,1.633825302124023438e+01,-4.400928497314453125e+00
3.527657675743103027e+01,-9.196389198303222656e+00,1.253284072875976562e+01,4.294451236724853516e+00,-1.630556678771972656e+01,1.642468261718750000e+01,-4.124524593353271484e+00
3.529666209220886230e+01,-8.947383880615234375e+00,1.262253093719482422e+01,4.797317981719970703e+00,-1.632211875915527344e+01,1.661756706237792969e+01,-4.012038707733154297e+00
3.531746840476989746e+01,-9.180128097534179688e+00,1.259918785095214844e+01,4.362379550933837891e+00,-1.638716888427734375e+01,1.647632789611816406e+01,-4.298149585723876953e+00
3.533701086044311523e+01,-8.993249893188476562e+00,1.250094699859619141e+01,4.637129783630371094e+00,-1.648079490661621094e+01,1.652270507812500000e+01,-4.460814476013183594e+00
3.535704612731933594e+01,-9.120859146118164062e+00,1.251175975799560547e+01,4.593935489654541016e+00,-1.642908668518066406e+01,1.656037139892578125e+01,-4.086369037628173828e+00
3.537708497047424316e+01,-9.287572860717773438e+00,1.250562381744384766e+01,4.278545379638671875e+00,-1.642019271850585938e+01,1.643708038330078125e+01,-4.450069904327392578e+00
3.539721059799194336e+01,-9.006356239318847656e+00,1.247599029541015625e+01,4.872168540954589844e+00,-1.634385490417480469e+01,1.642925834655761719e+01,-3.970017671585083008e+00
3.541730070114135742e+01,-8.961254119873046875e+00,1.251412868499755859e+01,4.882258892059326172e+00,-1.637552833557128906e+01,1.643841743469238281e+01,-4.038437366485595703e+00
3.543746566772460938e+01,-8.887149810791015625e+00,1.258685779571533203e+01,5.033361911773681641e+00,-1.637901878356933594e+01,1.655640029907226562e+01,-4.175783157348632812e+00
3.545755600929260254e+01,-8.882751464843750000e+00,1.262353038787841797e+01,5.061366558074951172e+00,-1.642412757873535156e+01,1.657945823669433594e+01,-4.335779190063476562e+00
3.547763419151306152e+01,-9.208575248718261719e+00,1.246814918518066406e+01,4.524783611297607422e+00,-1.637006378173828125e+01,1.652030563354492188e+01,-3.972502946853637695e+00
3.549774956703186035e+01,-8.895108222961425781e+00,1.242966461181640625e+01,5.122014522552490234e+00,-1.648669242858886719e+01,1.634016799926757812e+01,-4.301381587982177734e+00
3.551858782768249512e+01,-9.167980194091796875e+00,1.250738143920898438e+01,4.332842826843261719e+00,-1.637718963623046875e+01,1.650860214233398438e+01,-4.001052856445312500e+00
3.553864002227783203e+01,-8.945342063903808594e+00,1.249827671051025391e+01,4.891798973083496094e+00,-1.642995071411132812e+01,1.640827178955078125e+01,-4.132494926452636719e+00
3.555937075614929199e+01,-9.142101287841796875e+00,1.256166267395019531e+01,4.372598648071289062e+00,-1.635119438171386719e+01,1.655830383300781250e+01,-4.001082897186279297e+00
3.557820677757263184e+01,-9.221130371093750000e+00,1.243407344818115234e+01,3.880271673202514648e+00,-1.643989372253417969e+01,1.653787612915039062e+01,-4.170080184936523438e+00
3.559882855415344238e+01,-8.872115135192871094e+00,1.245605373382568359e+01,5.089524269104003906e+00,-1.654493713378906250e+01,1.644863510131835938e+01,-4.457221031188964844e+00
3.561898231506347656e+01,-9.319508552551269531e+00,1.248586559295654297e+01,4.186543464660644531e+00,-1.637131881713867188e+01,1.649709510803222656e+01,-3.985910415649414062e+00
3.563913869857788086e+01,-8.619482040405273438e+00,1.244866657257080078e+01,5.741966247558593750e+00,-1.648629951477050781e+01,1.638806915283203125e+01,-4.134695053100585938e+00
3.565974235534667969e+01,-9.231647491455078125e+00,1.237046051025390625e+01,4.221254825592041016e+00,-1.637161445617675781e+01,1.651481437683105469e+01,-4.009358882904052734e+00
3.567955899238586426e+01,-9.136318206787109375e+00,1.240416145324707031e+01,4.609821319580078125e+00,-1.643866157531738281e+01,1.636125946044921875e+01,-4.026282310485839844e+00
3.569990730285644531e+01,-8.953866958618164062e+00,1.249853229522705078e+01,4.866070747375488281e+00,-1.642036247253417969e+01,1.645182800292968750e+01,-4.167823314666748047e+00
3.572019147872924805e+01,-8.864233970642089844e+00,1.256816959381103516e+01,5.085969448089599609e+00,-1.650499916076660156e+01,1.648668289184570312e+01,-4.442150592803955078e+00
3.573950600624084473e+01,-8.906414985656738281e+00,1.260100269317626953e+01,4.991201400756835938e+00,-1.652412796020507812e+01,1.651281166076660156e+01,-4.439799308776855469e+00
3.575966644287109375e+01,-9.108053207397460938e+00,1.261826038360595703e+01,4.528121948242187500e+00,-1.645097732543945312e+01,1.657726860046386719e+01,-4.168725967407226562e+00
3.577968287467956543e+01,-8.925485610961914062e+00,1.250506687164306641e+01,4.930555820465087891e+00,-1.653735160827636719e+01,1.653216361999511719e+01,-4.436654567718505859e+00
3.579989314079284668e+01,-9.149607658386230469e+00,1.250308322906494141e+01,4.470480918884277344e+00,-1.648396873474121094e+01,1.651199531555175781e+01,-4.171420097351074219e+00
3.582072210311889648e+01,-8.899335861206054688e+00,1.248968124389648438e+01,5.104020595550537109e+00,-1.645426368713378906e+01,1.653218841552734375e+01,-4.017527580261230469e+00
3.584029674530029297e+01,-9.148365974426269531e+00,1.253604221343994141e+01,4.336993217468261719e+00,-1.644424247741699219e+01,1.649554824829101562e+01,-4.156908988952636719e+00
3.586017417907714844e+01,-8.951910018920898438e+00,1.261237144470214844e+01,4.801576137542724609e+00,-1.640784072875976562e+01,1.666681480407714844e+01,-4.025125503540039062e+00
3.588034200668334961e+01,-9.170845031738281250e+00,1.259582138061523438e+01,4.361059188842773438e+00,-1.643937873840332031e+01,1.652498054504394531e+01,-4.301674365997314453e+00
3.590039825439453125e+01,-8.878054618835449219e+00,1.257077980041503906e+01,5.087978363037109375e+00,-1.641471672058105469e+01,1.656490898132324219e+01,-4.048750400543212891e+00
3.592055797576904297e+01,-9.162977218627929688e+00,1.265469074249267578e+01,4.224106311798095703e+00,-1.639143943786621094e+01,1.662582397460937500e+01,-4.336052894592285156e+00
3.594061183929443359e+01,-9.113933563232421875e+00,1.266119766235351562e+01,4.316269397735595703e+00,-1.644985198974609375e+01,1.661259078979492188e+01,-4.448511123657226562e+00
3.596155786514282227e+01,-8.985885620117187500e+00,1.252906608581542969e+01,4.639076709747314453e+00,-1.640073204040527344e+01,1.670441627502441406e+01,-4.024970054626464844e+00
3.598140454292297363e+01,-9.153189659118652344e+00,1.260892009735107422e+01,4.325092792510986328e+00,-1.641114616394042969e+01,1.671532440185546875e+01,-4.221471786499023438e+00
3.600144433975219727e+01,-9.224159240722656250e+00,1.256375789642333984e+01,4.192667007446289062e+00,-1.637030792236328125e+01,1.652215766906738281e+01,-4.424407005310058594e+00
3.602167081832885742e+01,-9.093323707580566406e+00,1.257306671142578125e+01,4.319323539733886719e+00,-1.630966567993164062e+01,1.660625267028808594e+01,-3.999110937118530273e+00
3.604171490669250488e+01,-8.869690895080566406e+00,1.267204666137695312e+01,4.794530868530273438e+00,-1.638849639892578125e+01,1.666291809082031250e+01,-4.454892158508300781e+00
3.606184554100036621e+01,-8.955120086669921875e+00,1.241905498504638672e+01,4.763530731201171875e+00,-1.637133026123046875e+01,1.652451515197753906e+01,-4.123026371002197266e+00
3.608212256431579590e+01,-8.799159049987792969e+00,1.253446483612060547e+01,5.008622646331787109e+00,-1.638002204895019531e+01,1.668640327453613281e+01,-4.042620658874511719e+00
3.610212707519531250e+01,-9.316399574279785156e+00,1.229054641723632812e+01,3.942191362380981445e+00,-1.640163612365722656e+01,1.637338256835937500e+01,-4.287634372711181641e+00
3.612223696708679199e+01,-9.069358825683593750e+00,1.237940979003906250e+01,4.483488559722900391e+00,-1.637827301025390625e+01,1.643949508666992188e+01,-3.999814987182617188e+00
3.614230871200561523e+01,-9.023625373840332031e+00,1.242172527313232422e+01,4.614610195159912109e+00,-1.638053894042968750e+01,1.637541770935058594e+01,-4.016358852386474609e+00
3.616240024566650391e+01,-8.867553710937500000e+00,1.255024814605712891e+01,4.863111972808837891e+00,-1.637113952636718750e+01,1.652110671997070312e+01,-4.154590606689453125e+00
3.618264245986938477e+01,-8.814605712890625000e+00,1.262449455261230469e+01,5.024222373962402344e+00,-1.639375495910644531e+01,1.658571624755859375e+01,-4.311541557312011719e+00
3.620243000984191895e+01,-8.819603919982910156e+00,1.265716838836669922e+01,5.050957202911376953e+00,-1.648861312866210938e+01,1.659453201293945312e+01,-4.447005271911621094e+00
3.622231960296630859e+01,-8.684892654418945312e+00,1.256361961364746094e+01,5.427743911743164062e+00,-1.645125961303710938e+01,1.668955230712890625e+01,-4.017770290374755859e+00
3.624382805824279785e+01,-9.206881523132324219e+00,1.262355136871337891e+01,4.205463409423828125e+00,-1.639461517333984375e+01,1.667230987548828125e+01,-4.207181453704833984e+00
3.626255655288696289e+01,-8.914638519287109375e+00,1.257301044464111328e+01,4.853762149810791016e+00,-1.642356300354003906e+01,1.652422904968261719e+01,-4.325031757354736328e+00
3.628280067443847656e+01,-8.892943382263183594e+00,1.258699035644531250e+01,4.863226890563964844e+00,-1.634112358093261719e+01,1.661195755004882812e+01,-3.972764015197753906e+00
3.630370330810546875e+01,-8.814762115478515625e+00,1.260294723510742188e+01,5.036727905273437500e+00,-1.638352775573730469e+01,1.659575271606445312e+01,-4.048656940460205078e+00
3.632376742362976074e+01,-9.048262596130371094e+00,1.267285633087158203e+01,4.332705020904541016e+00,-1.639769744873046875e+01,1.664633750915527344e+01,-4.347623825073242188e+00
3.634438657760620117e+01,-8.852094650268554688e+00,1.256590652465820312e+01,4.841427326202392578e+00,-1.639171218872070312e+01,1.674148178100585938e+01,-4.028607368469238281e+00
3.636452889442443848e+01,-8.842529296875000000e+00,1.258025264739990234e+01,5.031162738800048828e+00,-1.640744400024414062e+01,1.665821838378906250e+01,-4.196541309356689453e+00
3.638447260856628418e+01,-9.105783462524414062e+00,1.258657264709472656e+01,4.198987960815429688e+00,-1.639147567749023438e+01,1.656682777404785156e+01,-4.424131870269775391e+00
3.640485095977783203e+01,-8.977051734924316406e+00,1.259771823883056641e+01,4.504238128662109375e+00,-1.634667587280273438e+01,1.663895988464355469e+01,-4.055534362792968750e+00
3.642486453056335449e+01,-9.104524612426757812e+00,1.247027111053466797e+01,3.938904523849487305e+00,-1.630475234985351562e+01,1.664291763305664062e+01,-4.178461074829101562e+00
3.644498872756958008e+01,-8.734100341796875000e+00,1.255666446685791016e+01,5.101069450378417969e+00,-1.629547691345214844e+01,1.668960189819335938e+01,-3.993302822113037109e+00
3.646530103683471680e+01,-8.967382431030273438e+00,1.249618053436279297e+01,4.761417865753173828e+00,-1.624638175964355469e+01,1.654186820983886719e+01,-4.034963607788085938e+00
3.648507118225097656e+01,-8.669756889343261719e+00,1.266554164886474609e+01,5.118439674377441406e+00,-1.623277473449707031e+01,1.662126350402832031e+01,-4.332451820373535156e+00
3.650499010086059570e+01,-9.007264137268066406e+00,1.286719894409179688e+01,4.231941699981689453e+00,-1.600968742370605469e+01,1.686697006225585938e+01,-3.971171379089355469e+00
3.652476978302001953e+01,-8.904735565185546875e+00,1.307195758819580078e+01,4.350035667419433594e+00,-1.598867225646972656e+01,1.701836395263671875e+01,-4.073580741882324219e+00
3.654502630233764648e+01,-8.839588165283203125e+00,1.326331233978271484e+01,4.412972927093505859e+00,-1.586655712127685547e+01,1.717566490173339844e+01,-4.206500530242919922e+00
3.656499528884887695e+01,-8.794458389282226562e+00,1.352916431427001953e+01,4.336574554443359375e+00,-1.573169517517089844e+01,1.749655151367187500e+01,-4.064501285552978516e+00
3.658501434326171875e+01,-8.735124588012695312e+00,1.379922866821289062e+01,4.335601806640625000e+00,-1.567694282531738281e+01,1.770146560668945312e+01,-4.403732299804687500e+00
3.660524344444274902e+01,-8.539721488952636719e+00,1.400101280212402344e+01,4.861069202423095703e+00,-1.562723255157470703e+01,1.791403388977050781e+01,-4.173151016235351562e+00
3.662547326087951660e+01,-8.747168540954589844e+00,1.413460636138916016e+01,4.403542041778564453e+00,-1.549273872375488281e+01,1.802569580078125000e+01,-4.107932567596435547e+00
3.664600276947021484e+01,-8.085280418395996094e+00,1.424375343322753906e+01,5.853261947631835938e+00,-1.549998855590820312e+01,1.811848068237304688e+01,-4.110164165496826172e+00
3.666694378852844238e+01,-8.580691337585449219e+00,1.412712097167968750e+01,4.325626850128173828e+00,-1.537371063232421875e+01,1.810609436035156250e+01,-4.112310886383056641e+00
3.668594098091125488e+01,-8.342831611633300781e+00,1.437983608245849609e+01,5.117292881011962891e+00,-1.539703559875488281e+01,1.827395439147949219e+01,-4.116434574127197266e+00
3.670607423782348633e+01,-8.195689201354980469e+00,1.463009166717529297e+01,5.190096378326416016e+00,-1.535363388061523438e+01,1.855368995666503906e+01,-4.168424606323242188e+00
3.672612571716308594e+01,-8.571520805358886719e+00,1.479035091400146484e+01,4.207302570343017578e+00,-1.507050037384033203e+01,1.865055656433105469e+01,-4.131306648254394531e+00
3.674651622772216797e+01,-8.107886314392089844e+00,1.504686260223388672e+01,4.829685688018798828e+00,-1.496745300292968750e+01,1.889420509338378906e+01,-4.138719081878662109e+00
3.676687526702880859e+01,-7.967277526855468750e+00,1.533593082427978516e+01,5.111593246459960938e+00,-1.475873088836669922e+01,1.915227890014648438e+01,-4.118258953094482422e+00
3.678669428825378418e+01,-7.745806694030761719e+00,1.564865970611572266e+01,5.309317588806152344e+00,-1.470249176025390625e+01,1.943338775634765625e+01,-4.131649971008300781e+00
3.680671644210815430e+01,-8.051005363464355469e+00,1.590720367431640625e+01,4.385886669158935547e+00,-1.453978061676025391e+01,1.967512321472167969e+01,-4.130439281463623047e+00
3.682682418823242188e+01,-7.723979949951171875e+00,1.612423324584960938e+01,4.818584918975830078e+00,-1.444886589050292969e+01,1.988295173645019531e+01,-4.183982849121093750e+00
3.684688210487365723e+01,-7.634352207183837891e+00,1.634298706054687500e+01,4.934355735778808594e+00,-1.425770187377929688e+01,2.004259490966796875e+01,-4.191319942474365234e+00
3.686700892448425293e+01,-7.462224483489990234e+00,1.657648468017578125e+01,5.047305583953857422e+00,-1.419173431396484375e+01,2.022062683105468750e+01,-4.199589729309082031e+00
3.688710284233093262e+01,-7.452757358551025391e+00,1.678829002380371094e+01,4.676486015319824219e+00,-1.400445938110351562e+01,2.040809249877929688e+01,-4.204705238342285156e+00
3.690712285041809082e+01,-7.026106834411621094e+00,1.705810737609863281e+01,5.299833774566650391e+00,-1.381860160827636719e+01,2.074508666992187500e+01,-3.959076881408691406e+00
3.692736530303955078e+01,-7.055527687072753906e+00,1.737799072265625000e+01,5.145268440246582031e+00,-1.375648498535156250e+01,2.101187705993652344e+01,-4.286138057708740234e+00
3.694757223129272461e+01,-7.203536987304687500e+00,1.735210418701171875e+01,4.413091659545898438e+00,-1.358709526062011719e+01,2.098655509948730469e+01,-4.307664871215820312e+00
3.696760129928588867e+01,-6.837828636169433594e+00,1.777970886230468750e+01,5.333273887634277344e+00,-1.351081848144531250e+01,2.150657653808593750e+01,-4.045710563659667969e+00
3.698876762390136719e+01,-7.203387737274169922e+00,1.794158172607421875e+01,4.264941692352294922e+00,-1.327939033508300781e+01,2.155919837951660156e+01,-4.306629180908203125e+00
3.700780677795410156e+01,-6.693189620971679688e+00,1.811512184143066406e+01,4.782973766326904297e+00,-1.308401203155517578e+01,2.179483032226562500e+01,-4.260656833648681641e+00
3.702936577796936035e+01,-6.202303886413574219e+00,1.828411674499511719e+01,5.993606567382812500e+00,-1.291864585876464844e+01,2.196414375305175781e+01,-3.596101999282836914e+00
3.704951930046081543e+01,-6.657065391540527344e+00,1.853971099853515625e+01,4.365005970001220703e+00,-1.275599861145019531e+01,2.218943977355957031e+01,-4.278910160064697266e+00
3.706960606575012207e+01,-6.435288429260253906e+00,1.876099586486816406e+01,4.874488830566406250e+00,-1.262676906585693359e+01,2.250852203369140625e+01,-3.846686124801635742e+00
3.708960008621215820e+01,-5.865703105926513672e+00,1.885588455200195312e+01,6.035495758056640625e+00,-1.250289535522460938e+01,2.254994010925292969e+01,-3.597326278686523438e+00
3.710989975929260254e+01,-5.999146938323974609e+00,1.903943443298339844e+01,5.139072895050048828e+00,-1.219718074798583984e+01,2.278775405883789062e+01,-3.660601377487182617e+00
3.712995028495788574e+01,-6.016870021820068359e+00,1.917706108093261719e+01,4.635822772979736328e+00,-1.199954795837402344e+01,2.287958335876464844e+01,-3.667683362960815430e+00
3.715017056465148926e+01,-5.593042373657226562e+00,1.941144371032714844e+01,5.209883213043212891e+00,-1.188252067565917969e+01,2.312467193603515625e+01,-4.363352298736572266e+00
3.716992974281311035e+01,-5.803223133087158203e+00,1.953468322753906250e+01,4.246435642242431641e+00,-1.170138359069824219e+01,2.320718765258789062e+01,-4.121289253234863281e+00
3.719002532958984375e+01,-5.399046897888183594e+00,1.967450141906738281e+01,5.014687061309814453e+00,-1.143093395233154297e+01,2.346319389343261719e+01,-3.618405342102050781e+00
3.721068215370178223e+01,-4.924583435058593750e+00,1.975689125061035156e+01,5.874990463256835938e+00,-1.136942100524902344e+01,2.345124435424804688e+01,-3.836148977279663086e+00
3.723034572601318359e+01,-5.360791206359863281e+00,1.986380958557128906e+01,4.645153522491455078e+00,-1.130195045471191406e+01,2.357516098022460938e+01,-3.552744150161743164e+00
3.725054693222045898e+01,-5.122686862945556641e+00,1.989536476135253906e+01,5.223495960235595703e+00,-1.135062026977539062e+01,2.345345497131347656e+01,-4.123318195343017578e+00
3.727067804336547852e+01,-5.151945114135742188e+00,1.999179649353027344e+01,4.558803081512451172e+00,-1.106761837005615234e+01,2.378439903259277344e+01,-3.594638347625732422e+00
3.729082155227661133e+01,-4.616910934448242188e+00,1.998428535461425781e+01,5.924655914306640625e+00,-1.116907405853271484e+01,2.352367591857910156e+01,-4.389042854309082031e+00
3.731083750724792480e+01,-5.085579872131347656e+00,2.000840759277343750e+01,4.613326072692871094e+00,-1.089727783203125000e+01,2.382269859313964844e+01,-3.139090299606323242e+00
3.733111691474914551e+01,-4.480405807495117188e+00,1.999942398071289062e+01,5.901680469512939453e+00,-1.097740077972412109e+01,2.359751319885253906e+01,-4.288560390472412109e+00
3.735111832618713379e+01,-4.790652751922607422e+00,2.004818534851074219e+01,5.164269447326660156e+00,-1.090958786010742188e+01,2.380807113647460938e+01,-3.648667335510253906e+00
3.737122750282287598e+01,-4.778791427612304688e+00,2.005120277404785156e+01,4.767658710479736328e+00,-1.065209197998046875e+01,2.374038696289062500e+01,-4.311726570129394531e+00
3.739129447937011719e+01,-4.481105804443359375e+00,2.003106689453125000e+01,5.115040302276611328e+00,-1.058087348937988281e+01,2.378014564514160156e+01,-3.990322828292846680e+00
3.741145586967468262e+01,-4.123332500457763672e+00,1.995591735839843750e+01,5.829407215118408203e+00,-1.050858402252197266e+01,2.370394325256347656e+01,-3.484551429748535156e+00
3.743161702156066895e+01,-4.687348842620849609e+00,1.995637512207031250e+01,4.190953254699707031e+00,-1.039517784118652344e+01,2.373762512207031250e+01,-3.614776372909545898e+00
3.745168828964233398e+01,-4.341496944427490234e+00,1.995362281799316406e+01,4.875536441802978516e+00,-1.041437435150146484e+01,2.371457099914550781e+01,-4.292955875396728516e+00
3.747182822227478027e+01,-3.963109970092773438e+00,1.981407737731933594e+01,5.723599433898925781e+00,-1.035082530975341797e+01,2.359304809570312500e+01,-3.922729253768920898e+00
3.749190640449523926e+01,-4.158370971679687500e+00,1.971655464172363281e+01,4.947964191436767578e+00,-1.022314834594726562e+01,2.354203224182128906e+01,-3.450500488281250000e+00
3.751209688186645508e+01,-4.369958877563476562e+00,1.966873359680175781e+01,4.088371753692626953e+00,-1.005855274200439453e+01,2.365455818176269531e+01,-3.055545568466186523e+00
3.753221869468688965e+01,-4.020135879516601562e+00,1.959020614624023438e+01,5.027857780456542969e+00,-1.012031173706054688e+01,2.353612899780273438e+01,-3.571582555770874023e+00
3.755233049392700195e+01,-4.344391345977783203e+00,1.951520919799804688e+01,4.015511989593505859e+00,-1.011804676055908203e+01,2.349297904968261719e+01,-4.222796440124511719e+00
3.757243180274963379e+01,-3.956014633178710938e+00,1.929068946838378906e+01,5.146059989929199219e+00,-1.011133480072021484e+01,2.324160194396972656e+01,-3.584657430648803711e+00
3.759251880645751953e+01,-4.025942325592041016e+00,1.913693428039550781e+01,4.836332321166992188e+00,-9.967848777770996094e+00,2.314878463745117188e+01,-2.934405088424682617e+00
3.761279177665710449e+01,-4.214144706726074219e+00,1.904919052124023438e+01,4.032361984252929688e+00,-1.004723262786865234e+01,2.309191322326660156e+01,-3.518717765808105469e+00
3.763381528854370117e+01,-3.926425933837890625e+00,1.892471122741699219e+01,4.989418029785156250e+00,-1.015446662902832031e+01,2.298350906372070312e+01,-3.893244981765747070e+00
3.765253424644470215e+01,-4.363173484802246094e+00,1.873133850097656250e+01,4.113589763641357422e+00,-1.026167678833007812e+01,2.260673332214355469e+01,-4.130752086639404297e+00
3.767269706726074219e+01,-3.907556056976318359e+00,1.855369758605957031e+01,5.102365970611572266e+00,-1.022875499725341797e+01,2.246972846984863281e+01,-3.746443748474121094e+00
3.769276714324951172e+01,-4.086678981781005859e+00,1.843457412719726562e+01,4.800943374633789062e+00,-1.014746856689453125e+01,2.249158668518066406e+01,-2.862279415130615234e+00
3.771280741691589355e+01,-3.976058959960937500e+00,1.836771583557128906e+01,4.850142478942871094e+00,-1.033791828155517578e+01,2.243521690368652344e+01,-3.813658952713012695e+00
3.773379564285278320e+01,-4.281561851501464844e+00,1.819511795043945312e+01,4.396116256713867188e+00,-1.039571094512939453e+01,2.214494705200195312e+01,-3.961188793182373047e+00
3.775358295440673828e+01,-4.450595855712890625e+00,1.804362487792968750e+01,3.976343631744384766e+00,-1.033324050903320312e+01,2.200426292419433594e+01,-3.348906755447387695e+00
3.777392888069152832e+01,-3.984768152236938477e+00,1.804548072814941406e+01,4.944658756256103516e+00,-1.041335868835449219e+01,2.213080215454101562e+01,-3.803838253021240234e+00
3.779392766952514648e+01,-4.439433574676513672e+00,1.794290924072265625e+01,4.068115711212158203e+00,-1.046770191192626953e+01,2.189820098876953125e+01,-4.044903755187988281e+00
3.781471109390258789e+01,-3.873729705810546875e+00,1.781052398681640625e+01,5.551918029785156250e+00,-1.057044219970703125e+01,2.181679344177246094e+01,-3.829289674758911133e+00
3.783441185951232910e+01,-4.516520977020263672e+00,1.772124862670898438e+01,4.004039287567138672e+00,-1.052252960205078125e+01,2.177078628540039062e+01,-3.517449855804443359e+00
3.785445427894592285e+01,-3.947001934051513672e+00,1.756075286865234375e+01,5.555219650268554688e+00,-1.067366695404052734e+01,2.159770393371582031e+01,-3.459150075912475586e+00
3.787458872795104980e+01,-4.145320415496826172e+00,1.756614303588867188e+01,5.040438175201416016e+00,-1.069547653198242188e+01,2.153726959228515625e+01,-3.749344825744628906e+00
3.789509868621826172e+01,-4.326320648193359375e+00,1.744899940490722656e+01,4.731120109558105469e+00,-1.068522167205810547e+01,2.147720909118652344e+01,-3.736922979354858398e+00
3.791526818275451660e+01,-4.442698001861572266e+00,1.741086387634277344e+01,4.304473876953125000e+00,-1.068927860260009766e+01,2.153762245178222656e+01,-3.507794380187988281e+00
3.793551301956176758e+01,-4.372186183929443359e+00,1.731713104248046875e+01,4.603443145751953125e+00,-1.062133598327636719e+01,2.136250305175781250e+01,-3.437627315521240234e+00
3.795550870895385742e+01,-4.148668766021728516e+00,1.733073234558105469e+01,4.980256557464599609e+00,-1.066910457611083984e+01,2.131445503234863281e+01,-3.900622606277465820e+00
3.797551417350769043e+01,-4.419375896453857422e+00,1.734540748596191406e+01,4.216304779052734375e+00,-1.054532527923583984e+01,2.141185569763183594e+01,-3.275374889373779297e+00
3.799565315246582031e+01,-4.161335468292236328e+00,1.736452865600585938e+01,5.038984298706054688e+00,-1.060470676422119141e+01,2.145898437500000000e+01,-3.291743516921997070e+00
3.801576399803161621e+01,-4.647119998931884766e+00,1.742640113830566406e+01,3.872174501419067383e+00,-1.055702304840087891e+01,2.144523811340332031e+01,-3.923003673553466797e+00
3.803591465950012207e+01,-4.374458789825439453e+00,1.748277091979980469e+01,4.476359367370605469e+00,-1.053967475891113281e+01,2.161363601684570312e+01,-3.508395910263061523e+00
3.805598545074462891e+01,-4.543044567108154297e+00,1.748949241638183594e+01,4.268074035644531250e+00,-1.050013923645019531e+01,2.155886077880859375e+01,-3.313712835311889648e+00
3.807613468170166016e+01,-4.522340297698974609e+00,1.757760810852050781e+01,4.172468662261962891e+00,-1.046605491638183594e+01,2.171189498901367188e+01,-3.230370521545410156e+00
3.809628748893737793e+01,-4.279443264007568359e+00,1.762695503234863281e+01,4.871536254882812500e+00,-1.055203914642333984e+01,2.164161491394042969e+01,-3.748634099960327148e+00
3.811638712882995605e+01,-4.214880466461181641e+00,1.773389244079589844e+01,4.843976974487304688e+00,-1.064046001434326172e+01,2.172441482543945312e+01,-4.013277053833007812e+00
3.813651442527770996e+01,-4.666403293609619141e+00,1.776989364624023438e+01,4.052773952484130859e+00,-1.047732734680175781e+01,2.185707473754882812e+01,-3.536201238632202148e+00
3.815657424926757812e+01,-4.338294029235839844e+00,1.777328872680664062e+01,4.880236625671386719e+00,-1.049956035614013672e+01,2.181504058837890625e+01,-3.175292730331420898e+00
3.817660546302795410e+01,-4.498203277587890625e+00,1.789181137084960938e+01,4.223104476928710938e+00,-1.049918460845947266e+01,2.185978317260742188e+01,-3.785792827606201172e+00
3.819675731658935547e+01,-4.348608493804931641e+00,1.797294235229492188e+01,4.578259468078613281e+00,-1.048240661621093750e+01,2.199158859252929688e+01,-3.291663646697998047e+00
3.821683311462402344e+01,-4.493344783782958984e+00,1.804422950744628906e+01,4.282651424407958984e+00,-1.039760303497314453e+01,2.205843353271484375e+01,-3.346336603164672852e+00
3.823691654205322266e+01,-4.135814189910888672e+00,1.815619087219238281e+01,5.070854663848876953e+00,-1.045764350891113281e+01,2.212029457092285156e+01,-3.502365827560424805e+00
3.825755834579467773e+01,-4.532275676727294922e+00,1.833053207397460938e+01,4.095306873321533203e+00,-1.042586326599121094e+01,2.219765090942382812e+01,-3.968595266342163086e+00
3.827780365943908691e+01,-4.230528354644775391e+00,1.842836952209472656e+01,4.881819725036621094e+00,-1.027000045776367188e+01,2.249056243896484375e+01,-2.810601949691772461e+00
3.829871296882629395e+01,-4.329374313354492188e+00,1.866312980651855469e+01,4.315899372100830078e+00,-1.033019161224365234e+01,2.264765548706054688e+01,-4.069152355194091797e+00
3.831943416595458984e+01,-4.235630512237548828e+00,1.869359779357910156e+01,4.840998649597167969e+00,-1.016767406463623047e+01,2.272349166870117188e+01,-2.774650812149047852e+00
3.833969807624816895e+01,-4.363272190093994141e+00,1.894301033020019531e+01,3.976174354553222656e+00,-1.016401481628417969e+01,2.288100814819335938e+01,-4.204855442047119141e+00
3.835939788818359375e+01,-4.083960056304931641e+00,1.905216217041015625e+01,4.887245178222656250e+00,-9.967675209045410156e+00,2.311470794677734375e+01,-2.849396944046020508e+00
3.837931990623474121e+01,-4.130176544189453125e+00,1.930757713317871094e+01,4.319876670837402344e+00,-1.000712776184082031e+01,2.326599502563476562e+01,-4.075809001922607422e+00
3.839943909645080566e+01,-3.648090124130249023e+00,1.942689704895019531e+01,5.583381652832031250e+00,-9.875704765319824219e+00,2.341187095642089844e+01,-3.503536462783813477e+00
3.841960072517395020e+01,-3.823750972747802734e+00,1.966448211669921875e+01,4.844000339508056641e+00,-9.655312538146972656e+00,2.370343208312988281e+01,-2.901610612869262695e+00
3.843931293487548828e+01,-3.365486383438110352e+00,1.991617774963378906e+01,5.658111095428466797e+00,-9.658253669738769531e+00,2.383943557739257812e+01,-3.649042606353759766e+00
3.845945405960083008e+01,-3.989128351211547852e+00,2.022183799743652344e+01,3.794920206069946289e+00,-9.313323974609375000e+00,2.423510551452636719e+01,-3.424195289611816406e+00
3.847959351539611816e+01,-3.707262277603149414e+00,2.047310829162597656e+01,4.049025058746337891e+00,-9.165984153747558594e+00,2.446111488342285156e+01,-3.576507568359375000e+00
3.850014472007751465e+01,-3.279294252395629883e+00,2.075256538391113281e+01,4.901300907135009766e+00,-9.054324150085449219e+00,2.468002510070800781e+01,-3.854047060012817383e+00
3.852019000053405762e+01,-3.484910964965820312e+00,2.100515174865722656e+01,3.939904212951660156e+00,-8.781368255615234375e+00,2.506271553039550781e+01,-2.649295806884765625e+00
3.854030513763427734e+01,-2.932932853698730469e+00,2.126905250549316406e+01,5.074951648712158203e+00,-8.753152847290039062e+00,2.508663177490234375e+01,-3.570309638977050781e+00
3.856044554710388184e+01,-2.553542852401733398e+00,2.150112533569335938e+01,5.604897022247314453e+00,-8.651095390319824219e+00,2.528092193603515625e+01,-3.888588190078735352e+00
3.858061671257019043e+01,-3.119706869125366211e+00,2.175488281250000000e+01,3.943567752838134766e+00,-8.426100730895996094e+00,2.560798072814941406e+01,-3.458056688308715820e+00
3.860070109367370605e+01,-2.782572746276855469e+00,2.198278427124023438e+01,4.382638454437255859e+00,-8.202723503112792969e+00,2.596441841125488281e+01,-2.918833255767822266e+00
3.862089419364929199e+01,-2.240255355834960938e+00,2.218526458740234375e+01,5.697101593017578125e+00,-8.237588882446289062e+00,2.596347999572753906e+01,-3.424093246459960938e+00
3.864102697372436523e+01,-2.390500068664550781e+00,2.239480400085449219e+01,4.764835834503173828e+00,-7.901810646057128906e+00,2.632201576232910156e+01,-3.140010833740234375e+00
3.866108465194702148e+01,-2.550886154174804688e+00,2.259321975708007812e+01,3.852182865142822266e+00,-7.756587028503417969e+00,2.643572044372558594e+01,-3.452972412109375000e+00
3.868129849433898926e+01,-2.230849266052246094e+00,2.277264785766601562e+01,4.339703083038330078e+00,-7.525255680084228516e+00,2.667131233215332031e+01,-3.196462154388427734e+00
3.870147013664245605e+01,-1.695415019989013672e+00,2.296839332580566406e+01,5.664894580841064453e+00,-7.467031955718994141e+00,2.684379005432128906e+01,-3.197307825088500977e+00
3.872145247459411621e+01,-2.181618928909301758e+00,2.317905616760253906e+01,4.262996673583984375e+00,-7.401998519897460938e+00,2.703905487060546875e+01,-3.491937637329101562e+00
3.874164438247680664e+01,-1.927581667900085449e+00,2.323376846313476562e+01,4.904870986938476562e+00,-7.265443325042724609e+00,2.709956550598144531e+01,-2.809793233871459961e+00
3.876174736022949219e+01,-1.777201175689697266e+00,2.334802818298339844e+01,4.823181629180908203e+00,-7.289887905120849609e+00,2.720197105407714844e+01,-3.155204772949218750e+00
3.878188490867614746e+01,-1.742339253425598145e+00,2.338506698608398438e+01,4.792039871215820312e+00,-7.006807804107666016e+00,2.719494628906250000e+01,-3.381012201309204102e+00
3.880206918716430664e+01,-1.840720653533935547e+00,2.346155929565429688e+01,3.778787136077880859e+00,-6.760439395904541016e+00,2.737412071228027344e+01,-3.205643653869628906e+00
3.882216167449951172e+01,-1.385395646095275879e+00,2.352365303039550781e+01,4.879786491394042969e+00,-6.770261287689208984e+00,2.738250541687011719e+01,-3.375569105148315430e+00
3.884223389625549316e+01,-1.000893950462341309e+00,2.355427360534667969e+01,5.531591892242431641e+00,-6.620546817779541016e+00,2.737336921691894531e+01,-3.313858985900878906e+00
3.886236000061035156e+01,-1.181145548820495605e+00,2.362122154235839844e+01,4.666078090667724609e+00,-6.444918632507324219e+00,2.744884872436523438e+01,-3.331745862960815430e+00
3.888262319564819336e+01,-1.385642409324645996e+00,2.365979194641113281e+01,3.706523656845092773e+00,-6.290074348449707031e+00,2.754241561889648438e+01,-3.337754726409912109e+00
3.890361452102661133e+01,-1.118463873863220215e+00,2.364541625976562500e+01,4.218458175659179688e+00,-6.245599746704101562e+00,2.749086380004882812e+01,-3.307993888854980469e+00
3.892368292808532715e+01,-6.005750894546508789e-01,2.360902214050292969e+01,5.564171791076660156e+00,-6.215332508087158203e+00,2.755482864379882812e+01,-2.543185949325561523e+00
3.894418501853942871e+01,-8.144952058792114258e-01,2.361679458618164062e+01,4.620369911193847656e+00,-6.040645122528076172e+00,2.758131599426269531e+01,-2.555704355239868164e+00
3.896427273750305176e+01,-1.074582338333129883e+00,2.364774513244628906e+01,3.647813558578491211e+00,-5.891121387481689453e+00,2.774401473999023438e+01,-2.855482101440429688e+00
3.898438572883605957e+01,-8.793960213661193848e-01,2.358324813842773438e+01,4.150321483612060547e+00,-5.874276638031005859e+00,2.766931152343750000e+01,-2.810155868530273438e+00
3.900463819503784180e+01,-5.400526523590087891e-01,2.347956657409667969e+01,5.051975250244140625e+00,-5.861988544464111328e+00,2.745479965209960938e+01,-3.016041755676269531e+00
3.902446913719177246e+01,-6.462714672088623047e-01,2.340703582763671875e+01,4.322571277618408203e+00,-5.774760246276855469e+00,2.738538169860839844e+01,-3.032807111740112305e+00
3.904456543922424316e+01,-4.487656354904174805e-01,2.332430076599121094e+01,4.643554687500000000e+00,-5.748169422149658203e+00,2.732528686523437500e+01,-3.197010040283203125e+00
3.906506228446960449e+01,-1.281355172395706177e-01,2.320209121704101562e+01,5.394726753234863281e+00,-5.766446590423583984e+00,2.716609382629394531e+01,-3.182780265808105469e+00
3.908515739440917969e+01,-8.627546429634094238e-01,2.306888961791992188e+01,3.406227111816406250e+00,-5.500608921051025391e+00,2.723323822021484375e+01,-2.371529340744018555e+00
3.910504746437072754e+01,-5.291985273361206055e-01,2.290575981140136719e+01,4.100721359252929688e+00,-5.650313377380371094e+00,2.700549316406250000e+01,-2.451071739196777344e+00
3.912553811073303223e+01,-3.154041767120361328e-01,2.272244262695312500e+01,4.787627220153808594e+00,-5.727527141571044922e+00,2.676190948486328125e+01,-2.395545721054077148e+00
3.914550662040710449e+01,-1.291529983282089233e-01,2.255861663818359375e+01,5.314931392669677734e+00,-5.804673194885253906e+00,2.664067459106445312e+01,-2.383174657821655273e+00
3.916514801979064941e+01,-8.907392621040344238e-01,2.240228652954101562e+01,3.400312662124633789e+00,-5.694308280944824219e+00,2.652943992614746094e+01,-2.401679992675781250e+00
3.918537640571594238e+01,-6.339330673217773438e-01,2.219406318664550781e+01,4.063825130462646484e+00,-5.836367130279541016e+00,2.632342720031738281e+01,-2.389686584472656250e+00
3.920599508285522461e+01,-4.589866995811462402e-01,2.200574302673339844e+01,4.738745689392089844e+00,-5.911614418029785156e+00,2.611930465698242188e+01,-2.339107513427734375e+00
3.922554373741149902e+01,-6.164341568946838379e-01,2.186469268798828125e+01,4.403494834899902344e+00,-5.940809249877929688e+00,2.593691253662109375e+01,-2.705380916595458984e+00
3.924555087089538574e+01,-9.250070452690124512e-01,2.169420433044433594e+01,3.520328998565673828e+00,-5.966140747070312500e+00,2.588244056701660156e+01,-3.024447917938232422e+00
3.926577806472778320e+01,-8.596101403236389160e-01,2.150033187866210938e+01,4.026657581329345703e+00,-6.072500705718994141e+00,2.569853019714355469e+01,-2.344974756240844727e+00
3.928635787963867188e+01,-4.588083624839782715e-01,2.137425231933593750e+01,5.204164505004882812e+00,-6.109150886535644531e+00,2.552794456481933594e+01,-3.180501222610473633e+00
3.930646085739135742e+01,-1.211726546287536621e+00,2.121513938903808594e+01,3.359646558761596680e+00,-6.092244625091552734e+00,2.541581916809082031e+01,-2.958358526229858398e+00
3.932653832435607910e+01,-9.925397634506225586e-01,2.102075576782226562e+01,4.021252155303955078e+00,-6.254757404327392578e+00,2.523539924621582031e+01,-2.310790538787841797e+00
3.934662795066833496e+01,-1.229837775230407715e+00,2.092078018188476562e+01,3.490042209625244141e+00,-6.149446964263916016e+00,2.510607910156250000e+01,-3.027335166931152344e+00
3.936673593521118164e+01,-1.011785626411437988e+00,2.079122924804687500e+01,4.019162178039550781e+00,-6.363390922546386719e+00,2.501127052307128906e+01,-2.272932767868041992e+00
3.938653326034545898e+01,-6.763417720794677734e-01,2.066448211669921875e+01,5.183093070983886719e+00,-6.485561370849609375e+00,2.481552124023437500e+01,-2.840012788772583008e+00
3.940696501731872559e+01,-1.420069098472595215e+00,2.060447311401367188e+01,3.358127593994140625e+00,-6.361213207244873047e+00,2.493885040283203125e+01,-2.506910324096679688e+00
3.942701244354248047e+01,-1.245025634765625000e+00,2.047607803344726562e+01,3.996820688247680664e+00,-6.554161548614501953e+00,2.473225021362304688e+01,-2.613265752792358398e+00
3.944717812538146973e+01,-8.541861176490783691e-01,2.038097000122070312e+01,5.156077861785888672e+00,-6.572538852691650391e+00,2.461238861083984375e+01,-3.064427137374877930e+00
3.946744441986083984e+01,-1.451934695243835449e+00,2.036584091186523438e+01,3.545391321182250977e+00,-6.458012580871582031e+00,2.463489723205566406e+01,-2.965771913528442383e+00
3.948704290390014648e+01,-8.050779700279235840e-01,2.028676223754882812e+01,5.250078201293945312e+00,-6.567039012908935547e+00,2.447035789489746094e+01,-2.460872650146484375e+00
3.950704169273376465e+01,-1.511170148849487305e+00,2.037558174133300781e+01,3.377507448196411133e+00,-6.472180366516113281e+00,2.451833152770996094e+01,-3.003291606903076172e+00
3.952722549438476562e+01,-7.783532142639160156e-01,2.039595031738281250e+01,5.155424118041992188e+00,-6.649820327758789062e+00,2.449497222900390625e+01,-2.952137470245361328e+00
3.954738879203796387e+01,-1.345918297767639160e+00,2.051205062866210938e+01,3.944478988647460938e+00,-6.439989566802978516e+00,2.485014343261718750e+01,-2.343077898025512695e+00
3.956747460365295410e+01,-1.232580661773681641e+00,2.055867004394531250e+01,4.439916133880615234e+00,-6.519318580627441406e+00,2.467524909973144531e+01,-3.001181364059448242e+00
3.958758091926574707e+01,-1.270043730735778809e+00,2.065176582336425781e+01,4.209301948547363281e+00,-6.583430290222167969e+00,2.466519927978515625e+01,-3.504213094711303711e+00
3.960763764381408691e+01,-1.266053318977355957e+00,2.073516082763671875e+01,4.288947582244873047e+00,-6.519026279449462891e+00,2.480957412719726562e+01,-2.747086048126220703e+00
3.962871599197387695e+01,-1.241667389869689941e+00,2.095534896850585938e+01,4.187941074371337891e+00,-6.472845554351806641e+00,2.506826591491699219e+01,-3.102146863937377930e+00
3.964879202842712402e+01,-1.271243214607238770e+00,2.101325035095214844e+01,4.299600124359130859e+00,-6.541763305664062500e+00,2.504393005371093750e+01,-2.512574434280395508e+00
3.966880822181701660e+01,-1.096221685409545898e+00,2.118562507629394531e+01,4.664028167724609375e+00,-6.479665279388427734e+00,2.522574806213378906e+01,-3.033583641052246094e+00
3.968915796279907227e+01,-1.226207733154296875e+00,2.130118370056152344e+01,4.253161907196044922e+00,-6.477921485900878906e+00,2.535932540893554688e+01,-2.274706363677978516e+00
3.970931196212768555e+01,-1.290973067283630371e+00,2.147777748107910156e+01,3.901898145675659180e+00,-6.422680377960205078e+00,2.538282012939453125e+01,-3.066328048706054688e+00
3.972988367080688477e+01,-9.455595016479492188e-01,2.170725631713867188e+01,4.596355915069580078e+00,-6.419744968414306641e+00,2.572430229187011719e+01,-2.323589086532592773e+00
3.974971413612365723e+01,-1.148402452468872070e+00,2.204018783569335938e+01,3.919203281402587891e+00,-6.217232704162597656e+00,2.601856422424316406e+01,-3.217326164245605469e+00
3.976984524726867676e+01,-7.801444530487060547e-01,2.226348304748535156e+01,4.740695476531982422e+00,-6.229660987854003906e+00,2.619585037231445312e+01,-2.959395885467529297e+00
3.979001402854919434e+01,-1.128457665443420410e+00,2.225382995605468750e+01,3.741652727127075195e+00,-6.140514373779296875e+00,2.614339447021484375e+01,-3.148011922836303711e+00
3.981005930900573730e+01,-4.789872169494628906e-01,2.253386688232421875e+01,5.243615627288818359e+00,-6.074702262878417969e+00,2.652919578552246094e+01,-2.274489879608154297e+00
3.983053898811340332e+01,-9.141838550567626953e-01,2.270318222045898438e+01,3.767660617828369141e+00,-6.014455795288085938e+00,2.637267112731933594e+01,-3.602897882461547852e+00
3.985055804252624512e+01,-7.508177757263183594e-01,2.328748703002929688e+01,4.029986858367919922e+00,-5.814186096191406250e+00,2.729357910156250000e+01,-2.349831581115722656e+00
3.987059760093688965e+01,-6.111864447593688965e-01,2.360998344421386719e+01,4.137923240661621094e+00,-5.469288825988769531e+00,2.762301254272460938e+01,-2.455150842666625977e+00
3.989057946205139160e+01,-1.563729941844940186e-01,2.397818565368652344e+01,4.784443378448486328e+00,-5.426866531372070312e+00,2.786179924011230469e+01,-2.483198404312133789e+00
3.991063761711120605e+01,2.325380295515060425e-01,2.441316413879394531e+01,5.341677188873291016e+00,-5.142580986022949219e+00,2.834824180603027344e+01,-2.711365461349487305e+00
3.993086600303649902e+01,-3.470454216003417969e-01,2.479877090454101562e+01,3.538241624832153320e+00,-4.939744949340820312e+00,2.865096282958984375e+01,-3.247174024581909180e+00
3.995088982582092285e+01,3.519357442855834961e-01,2.508003807067871094e+01,5.290023803710937500e+00,-5.016705513000488281e+00,2.898387336730957031e+01,-2.780038833618164062e+00
3.997057580947875977e+01,-2.044876068830490112e-01,2.532394790649414062e+01,3.526104211807250977e+00,-4.593327522277832031e+00,2.934460067749023438e+01,-2.505551338195800781e+00
3.999066090583801270e+01,2.570515871047973633e-01,2.560679817199707031e+01,3.995077371597290039e+00,-4.370838642120361328e+00,2.955437278747558594e+01,-2.886822462081909180e+00
4.001069736480712891e+01,4.644310474395751953e-01,2.583567428588867188e+01,4.602639198303222656e+00,-4.293091773986816406e+00,2.973814010620117188e+01,-2.624217033386230469e+00
4.003091740608215332e+01,6.035377383232116699e-01,2.613618087768554688e+01,4.496113300323486328e+00,-4.197566509246826172e+00,3.018883895874023438e+01,-2.567480087280273438e+00
4.005094814300537109e+01,2.266530990600585938e-01,2.633387565612792969e+01,3.560220718383789062e+00,-3.954303979873657227e+00,3.034747505187988281e+01,-2.563436985015869141e+00
4.007102489471435547e+01,1.127835988998413086e+00,2.647069931030273438e+01,5.331182003021240234e+00,-4.115985870361328125e+00,3.022160911560058594e+01,-3.240725755691528320e+00
4.009117078781127930e+01,5.418765544891357422e-01,2.656122970581054688e+01,3.466201543807983398e+00,-3.658097743988037109e+00,3.046408653259277344e+01,-2.722134351730346680e+00
4.011128664016723633e+01,1.035302162170410156e+00,2.669205474853515625e+01,3.945311546325683594e+00,-3.402869224548339844e+00,3.065103721618652344e+01,-2.677525758743286133e+00
4.013145446777343750e+01,1.221597790718078613e+00,2.690914535522460938e+01,4.583246707916259766e+00,-3.371907234191894531e+00,3.082031440734863281e+01,-2.663674831390380859e+00
4.015162944793701172e+01,1.361833095550537109e+00,2.716469955444335938e+01,4.466894149780273438e+00,-3.327559471130371094e+00,3.121282386779785156e+01,-2.663028717041015625e+00
4.017172503471374512e+01,1.810620665550231934e+00,2.724110031127929688e+01,5.474157333374023438e+00,-3.280229330062866211e+00,3.101575660705566406e+01,-3.068497180938720703e+00
4.019180822372436523e+01,1.267690181732177734e+00,2.733600234985351562e+01,3.883824586868286133e+00,-3.088627099990844727e+00,3.126008224487304688e+01,-2.838815927505493164e+00
4.021192431449890137e+01,1.561090946197509766e+00,2.739817237854003906e+01,4.566795825958251953e+00,-2.969186782836914062e+00,3.128263092041015625e+01,-2.790680170059204102e+00
4.023200678825378418e+01,1.566807985305786133e+00,2.752570343017578125e+01,3.773499488830566406e+00,-2.717008113861083984e+00,3.157443618774414062e+01,-2.798437595367431641e+00
4.025218915939331055e+01,2.186119318008422852e+00,2.759839439392089844e+01,5.372191905975341797e+00,-2.674515962600708008e+00,3.155343246459960938e+01,-2.796400308609008789e+00
4.027223706245422363e+01,2.055321931838989258e+00,2.775871086120605469e+01,4.613019943237304688e+00,-2.477547883987426758e+00,3.178099250793457031e+01,-2.798962831497192383e+00
4.029243803024291992e+01,1.812927722930908203e+00,2.789982986450195312e+01,3.288727998733520508e+00,-2.117651224136352539e+00,3.204477310180664062e+01,-2.807372331619262695e+00
4.031249380111694336e+01,2.168078184127807617e+00,2.800535583496093750e+01,3.869121551513671875e+00,-1.978822946548461914e+00,3.211569595336914062e+01,-2.809651374816894531e+00
4.033267951011657715e+01,2.789543390274047852e+00,2.809405517578125000e+01,5.351454257965087891e+00,-1.942736268043518066e+00,3.212439346313476562e+01,-2.807968854904174805e+00
4.035275077819824219e+01,2.277744293212890625e+00,2.820472335815429688e+01,3.794232130050659180e+00,-1.856056094169616699e+00,3.230458831787109375e+01,-2.808926820755004883e+00
4.037373638153076172e+01,2.684958934783935547e+00,2.828515052795410156e+01,4.535839080810546875e+00,-1.731351494789123535e+00,3.241148376464843750e+01,-2.808288335800170898e+00
4.039348983764648438e+01,2.238156557083129883e+00,2.828840255737304688e+01,3.433145523071289062e+00,-1.575231552124023438e+00,3.240323257446289062e+01,-2.809852123260498047e+00
4.041355705261230469e+01,2.672753572463989258e+00,2.827811050415039062e+01,3.822026252746582031e+00,-1.400781035423278809e+00,3.241082000732421875e+01,-2.810310602188110352e+00
4.043365645408630371e+01,3.046236038208007812e+00,2.823473739624023438e+01,4.601211547851562500e+00,-1.322017192840576172e+00,3.231016159057617188e+01,-2.810023546218872070e+00
4.045389318466186523e+01,3.040448427200317383e+00,2.821432304382324219e+01,4.615453720092773438e+00,-1.361597657203674316e+00,3.232289123535156250e+01,-2.808778285980224609e+00
4.047432279586791992e+01,3.054152250289916992e+00,2.824407386779785156e+01,4.327602386474609375e+00,-1.307459592819213867e+00,3.252923202514648438e+01,-2.808507204055786133e+00
4.049443316459655762e+01,2.627665996551513672e+00,2.816937828063964844e+01,3.341462612152099609e+00,-1.122528791427612305e+00,3.241435623168945312e+01,-2.809532880783081055e+00
4.051432347297668457e+01,3.029058456420898438e+00,2.813132476806640625e+01,4.300090312957763672e+00,-1.228179216384887695e+00,3.238858795166015625e+01,-2.808747768402099609e+00
4.053448224067687988e+01,3.237804651260375977e+00,2.810890197753906250e+01,4.368048191070556641e+00,-9.758520722389221191e-01,3.246964645385742188e+01,-2.807025671005249023e+00
4.055506205558776855e+01,3.575685739517211914e+00,2.801590728759765625e+01,5.145759582519531250e+00,-9.476618170738220215e-01,3.235271835327148438e+01,-2.806319236755371094e+00
4.057506155967712402e+01,3.648579120635986328e+00,2.791166114807128906e+01,4.987209320068359375e+00,-8.125279545783996582e-01,3.230625534057617188e+01,-2.803823232650756836e+00
4.059533929824829102e+01,3.340070724487304688e+00,2.776694869995117188e+01,4.141951560974121094e+00,-7.990230917930603027e-01,3.206076431274414062e+01,-3.235476016998291016e+00
4.061547136306762695e+01,3.467877388000488281e+00,2.748222923278808594e+01,4.290710926055908203e+00,-8.343917131423950195e-01,3.188406944274902344e+01,-2.956431150436401367e+00
4.063559794425964355e+01,3.714277505874633789e+00,2.724316406250000000e+01,5.046460151672363281e+00,-8.341324925422668457e-01,3.164240455627441406e+01,-2.915052175521850586e+00
4.065572309494018555e+01,3.336864948272705078e+00,2.706572723388671875e+01,4.088677883148193359e+00,-8.035072684288024902e-01,3.151921653747558594e+01,-2.873850822448730469e+00
4.067537117004394531e+01,2.963421106338500977e+00,2.688955688476562500e+01,3.082067251205444336e+00,-7.974175214767456055e-01,3.141767501831054688e+01,-2.848687410354614258e+00
4.069557833671569824e+01,3.426969766616821289e+00,2.670234870910644531e+01,4.501138210296630859e+00,-9.169297218322753906e-01,3.120009613037109375e+01,-2.814091444015502930e+00
4.071568632125854492e+01,3.242089748382568359e+00,2.652433967590332031e+01,4.037355899810791016e+00,-9.415818452835083008e-01,3.080562019348144531e+01,-3.634886741638183594e+00
4.073595166206359863e+01,3.070901155471801758e+00,2.625247192382812500e+01,3.451240539550781250e+00,-1.050557374954223633e+00,3.065868186950683594e+01,-2.991516828536987305e+00
4.075589966773986816e+01,3.299523353576660156e+00,2.597295379638671875e+01,4.344981193542480469e+00,-1.076269149780273438e+00,3.036585235595703125e+01,-2.791931390762329102e+00
4.077623486518859863e+01,3.040793657302856445e+00,2.579062652587890625e+01,3.743313074111938477e+00,-1.080457448959350586e+00,3.023872375488281250e+01,-2.710421562194824219e+00
4.079664134979248047e+01,3.183146238327026367e+00,2.558600234985351562e+01,4.156274318695068359e+00,-1.280015349388122559e+00,2.995438385009765625e+01,-2.887904405593872070e+00
4.081670498847961426e+01,3.105639219284057617e+00,2.532899093627929688e+01,4.156981468200683594e+00,-1.261049628257751465e+00,2.979436111450195312e+01,-2.705416917800903320e+00
4.083678841590881348e+01,2.807761669158935547e+00,2.515397453308105469e+01,3.314244031906127930e+00,-1.245128989219665527e+00,2.966423225402832031e+01,-2.663364410400390625e+00
4.085689878463745117e+01,3.122544765472412109e+00,2.498931312561035156e+01,4.189140796661376953e+00,-1.499250292778015137e+00,2.935848808288574219e+01,-3.001062870025634766e+00
4.087695169448852539e+01,2.813847303390502930e+00,2.479291152954101562e+01,3.902195692062377930e+00,-1.443278431892395020e+00,2.929828834533691406e+01,-2.606169462203979492e+00
4.089712429046630859e+01,2.473747491836547852e+00,2.460801506042480469e+01,3.018344640731811523e+00,-1.596360802650451660e+00,2.908004570007324219e+01,-2.764693498611450195e+00
4.091725087165832520e+01,2.736906528472900391e+00,2.440818786621093750e+01,4.056092739105224609e+00,-1.700662732124328613e+00,2.884832763671875000e+01,-3.193171262741088867e+00
4.093744397163391113e+01,2.449991226196289062e+00,2.417657661437988281e+01,3.277475357055664062e+00,-1.684258222579956055e+00,2.865819358825683594e+01,-2.723425626754760742e+00
4.095749711990356445e+01,3.029683828353881836e+00,2.405599975585937500e+01,4.782660961151123047e+00,-1.867090344429016113e+00,2.847545433044433594e+01,-3.389094829559326172e+00
4.097706222534179688e+01,2.192441225051879883e+00,2.392654228210449219e+01,3.026724100112915039e+00,-1.804655075073242188e+00,2.845994377136230469e+01,-2.696431875228881836e+00
4.099726009368896484e+01,2.831657171249389648e+00,2.377314567565917969e+01,4.828469276428222656e+00,-2.022830009460449219e+00,2.818418884277343750e+01,-3.139751434326171875e+00
4.101738882064819336e+01,1.956381320953369141e+00,2.366024780273437500e+01,2.800671815872192383e+00,-2.030442953109741211e+00,2.803843879699707031e+01,-3.317203044891357422e+00
4.103750920295715332e+01,2.157447576522827148e+00,2.349393463134765625e+01,3.527156591415405273e+00,-2.295049667358398438e+00,2.781503295898437500e+01,-3.348043441772460938e+00
4.105761098861694336e+01,2.493448257446289062e+00,2.330698204040527344e+01,4.769268035888671875e+00,-2.464670419692993164e+00,2.759405136108398438e+01,-3.327441453933715820e+00
4.107774162292480469e+01,1.692292690277099609e+00,2.318950271606445312e+01,2.837120056152343750e+00,-2.450951576232910156e+00,2.750367355346679688e+01,-3.305612325668334961e+00
4.109870982170104980e+01,1.877719402313232422e+00,2.305173873901367188e+01,3.537906408309936523e+00,-2.674035310745239258e+00,2.736301040649414062e+01,-3.289532423019409180e+00
4.111919307708740234e+01,1.915082097053527832e+00,2.292326927185058594e+01,3.959844350814819336e+00,-2.730648994445800781e+00,2.717682647705078125e+01,-3.377651691436767578e+00
4.113833332061767578e+01,2.005548238754272461e+00,2.285733032226562500e+01,3.992511749267578125e+00,-2.777604818344116211e+00,2.733724212646484375e+01,-2.769651651382446289e+00
4.115875864028930664e+01,1.679620742797851562e+00,2.281880950927734375e+01,3.884953737258911133e+00,-2.788870573043823242e+00,2.733898735046386719e+01,-2.727319002151489258e+00
4.117922258377075195e+01,1.339164972305297852e+00,2.283082771301269531e+01,3.018125057220458984e+00,-2.980346679687500000e+00,2.729296302795410156e+01,-3.369093418121337891e+00
4.119948363304138184e+01,1.335916876792907715e+00,2.267140579223632812e+01,3.361150979995727539e+00,-2.924651384353637695e+00,2.715254020690917969e+01,-2.431063175201416016e+00
4.121955275535583496e+01,1.410783052444458008e+00,2.269770240783691406e+01,3.290017366409301758e+00,-3.125584125518798828e+00,2.698271942138671875e+01,-3.340158462524414062e+00
4.123974752426147461e+01,1.646549463272094727e+00,2.270217514038085938e+01,4.069544792175292969e+00,-3.170554161071777344e+00,2.704612350463867188e+01,-3.216419458389282227e+00
4.125953030586242676e+01,1.277065038681030273e+00,2.281962585449218750e+01,3.338279962539672852e+00,-3.074278831481933594e+00,2.722619819641113281e+01,-2.749296903610229492e+00
4.128002715110778809e+01,1.625918626785278320e+00,2.297664070129394531e+01,4.272787570953369141e+00,-3.127022266387939453e+00,2.736770057678222656e+01,-2.722002506256103516e+00
4.130014300346374512e+01,1.451783061027526855e+00,2.313535118103027344e+01,3.965600013732910156e+00,-3.095859289169311523e+00,2.748273468017578125e+01,-2.554126024246215820e+00
4.132010793685913086e+01,1.208404064178466797e+00,2.336283683776855469e+01,3.100439786911010742e+00,-3.148264884948730469e+00,2.757102394104003906e+01,-3.390076637268066406e+00
4.134015393257141113e+01,1.555218935012817383e+00,2.352151489257812500e+01,4.117382526397705078e+00,-3.060883760452270508e+00,2.774155044555664062e+01,-2.798017263412475586e+00
4.136034059524536133e+01,1.238721489906311035e+00,2.380128288269042969e+01,3.069013357162475586e+00,-2.966178178787231445e+00,2.818319129943847656e+01,-2.802467823028564453e+00
4.138044452667236328e+01,1.708959698677062988e+00,2.405409431457519531e+01,4.349516868591308594e+00,-2.951560020446777344e+00,2.832259559631347656e+01,-2.837568044662475586e+00
4.140053367614746094e+01,1.639349341392517090e+00,2.438028144836425781e+01,3.985613346099853516e+00,-2.789154052734375000e+00,2.864729309082031250e+01,-2.857622146606445312e+00
4.142071366310119629e+01,1.616376638412475586e+00,2.474753761291503906e+01,3.471406936645507812e+00,-2.736265182495117188e+00,2.901046180725097656e+01,-3.206512451171875000e+00
4.144074225425720215e+01,1.824133157730102539e+00,2.499807167053222656e+01,4.206869125366210938e+00,-2.642489433288574219e+00,2.921812629699707031e+01,-2.747867584228515625e+00
4.146096920967102051e+01,1.926953554153442383e+00,2.531375122070312500e+01,4.021179199218750000e+00,-2.566757917404174805e+00,2.942375373840332031e+01,-3.263745546340942383e+00
4.148100161552429199e+01,2.402410745620727539e+00,2.556249237060546875e+01,4.949543476104736328e+00,-2.438247680664062500e+00,2.976598739624023438e+01,-2.668939828872680664e+00
4.150107192993164062e+01,1.972181200981140137e+00,2.593885421752929688e+01,3.578452110290527344e+00,-2.378695964813232422e+00,2.997510910034179688e+01,-3.319651126861572266e+00
4.152124547958374023e+01,2.424071073532104492e+00,2.619432449340820312e+01,4.412966251373291016e+00,-2.199859380722045898e+00,3.029814720153808594e+01,-2.737144708633422852e+00
4.154132080078125000e+01,2.425949811935424805e+00,2.655519485473632812e+01,4.206383228302001953e+00,-2.092373609542846680e+00,3.053203201293945312e+01,-3.112782239913940430e+00
4.156147718429565430e+01,2.562842845916748047e+00,2.693701171875000000e+01,4.152660369873046875e+00,-1.968506693840026855e+00,3.113964080810546875e+01,-2.853401660919189453e+00
4.158165335655212402e+01,2.970388412475585938e+00,2.723976325988769531e+01,5.004691600799560547e+00,-1.663644313812255859e+00,3.145474243164062500e+01,-2.816348314285278320e+00
4.160175728797912598e+01,2.841799974441528320e+00,2.762975120544433594e+01,4.118838787078857422e+00,-1.474720120429992676e+00,3.169970321655273438e+01,-3.059962272644042969e+00
4.162207603454589844e+01,2.704349994659423828e+00,2.802551269531250000e+01,3.064679622650146484e+00,-1.114026665687561035e+00,3.225251007080078125e+01,-2.948903799057006836e+00
4.164211130142211914e+01,3.102137804031372070e+00,2.848903846740722656e+01,3.650151014328002930e+00,-8.828430175781250000e-01,3.269036102294921875e+01,-2.970142602920532227e+00
4.166210317611694336e+01,3.602961778640747070e+00,2.897216606140136719e+01,4.458948612213134766e+00,-6.520766615867614746e-01,3.306139755249023438e+01,-2.994987249374389648e+00
4.168228006362915039e+01,4.093513011932373047e+00,2.946036911010742188e+01,5.077542781829833984e+00,-3.968387842178344727e-01,3.354304885864257812e+01,-3.000745058059692383e+00
4.170231676101684570e+01,3.599404335021972656e+00,2.995564842224121094e+01,3.037722587585449219e+00,-9.421417489647865295e-03,3.421727371215820312e+01,-3.007731199264526367e+00
4.172249603271484375e+01,4.810246467590332031e+00,3.035316467285156250e+01,5.760402679443359375e+00,1.893349438905715942e-01,3.443721389770507812e+01,-3.017933368682861328e+00
4.174252414703369141e+01,4.387416839599609375e+00,3.078605842590332031e+01,4.106553554534912109e+00,5.856856703758239746e-01,3.497977447509765625e+01,-3.047085523605346680e+00
4.176258850097656250e+01,4.736312389373779297e+00,3.118998527526855469e+01,4.330856323242187500e+00,8.519245386123657227e-01,3.544616317749023438e+01,-3.116969823837280273e+00
4.178355574607849121e+01,4.498179435729980469e+00,3.152562141418457031e+01,3.026748180389404297e+00,1.332287549972534180e+00,3.584120559692382812e+01,-3.226700544357299805e+00
4.180366921424865723e+01,5.146152496337890625e+00,3.183574676513671875e+01,4.404947280883789062e+00,1.364199042320251465e+00,3.604985046386718750e+01,-3.269743204116821289e+00
4.182380652427673340e+01,5.385486602783203125e+00,3.206717681884765625e+01,4.543906211853027344e+00,1.642333030700683594e+00,3.617557907104492188e+01,-3.338647603988647461e+00
4.184932899475097656e+01,5.602316379547119141e+00,3.227539825439453125e+01,4.548942089080810547e+00,1.822884082794189453e+00,3.633899688720703125e+01,-3.406878709793090820e+00
4.186420273780822754e+01,6.046936035156250000e+00,3.224859237670898438e+01,4.805967330932617188e+00,2.277339220046997070e+00,3.628463745117187500e+01,-3.471079587936401367e+00
4.188443422317504883e+01,5.461540699005126953e+00,3.257216644287109375e+01,3.010922193527221680e+00,2.249878644943237305e+00,3.681131362915039062e+01,-3.550628185272216797e+00
4.190454363822937012e+01,6.261856555938720703e+00,3.266794967651367188e+01,4.768580913543701172e+00,2.318472623825073242e+00,3.684067535400390625e+01,-3.621052503585815430e+00
4.192466998100280762e+01,6.392838478088378906e+00,3.274662780761718750e+01,5.216751575469970703e+00,2.811415195465087891e+00,3.688440704345703125e+01,-2.146860122680664062e+00
4.194475865364074707e+01,6.106323242187500000e+00,3.266929626464843750e+01,3.312869071960449219e+00,2.975295782089233398e+00,3.683687973022460938e+01,-3.480862617492675781e+00
4.196886587142944336e+01,6.713716983795166016e+00,3.279670715332031250e+01,4.708363533020019531e+00,3.079623699188232422e+00,3.731192016601562500e+01,-3.617465257644653320e+00
4.198543071746826172e+01,6.759527206420898438e+00,3.289496612548828125e+01,5.229922294616699219e+00,3.049235582351684570e+00,3.725283432006835938e+01,-3.683320760726928711e+00
4.200517892837524414e+01,6.346062660217285156e+00,3.284667968750000000e+01,3.642804145812988281e+00,3.310033321380615234e+00,3.719371032714843750e+01,-3.731100082397460938e+00
4.202557802200317383e+01,6.562567710876464844e+00,3.287500000000000000e+01,4.434527873992919922e+00,3.346921205520629883e+00,3.717638778686523438e+01,-2.254171133041381836e+00
4.204570865631103516e+01,6.566202640533447266e+00,3.281839752197265625e+01,4.549113273620605469e+00,3.345714569091796875e+00,3.722905731201171875e+01,-3.068490266799926758e+00
4.206580924987792969e+01,6.767641067504882812e+00,3.280614471435546875e+01,4.748878002166748047e+00,3.307551145553588867e+00,3.718474197387695312e+01,-3.529505014419555664e+00
4.208587145805358887e+01,6.848088741302490234e+00,3.278096771240234375e+01,4.777656078338623047e+00,3.351796388626098633e+00,3.714633560180664062e+01,-3.632918357849121094e+00
4.210597538948059082e+01,6.918610572814941406e+00,3.273820877075195312e+01,4.766810417175292969e+00,3.392438411712646484e+00,3.710393524169921875e+01,-3.663252830505371094e+00
4.212612342834472656e+01,6.968660354614257812e+00,3.268606948852539062e+01,4.750240802764892578e+00,3.516585350036621094e+00,3.705400848388671875e+01,-3.684814691543579102e+00
4.214628934860229492e+01,6.756264686584472656e+00,3.262192153930664062e+01,4.055286884307861328e+00,3.625641345977783203e+00,3.699537277221679688e+01,-3.702245950698852539e+00
4.216636967658996582e+01,6.934151649475097656e+00,3.253335571289062500e+01,4.434815406799316406e+00,3.757520675659179688e+00,3.683312988281250000e+01,-3.717542409896850586e+00
4.218639779090881348e+01,6.746871471405029297e+00,3.243875122070312500e+01,3.396013021469116211e+00,3.886502742767333984e+00,3.690084838867187500e+01,-3.744269847869873047e+00
4.220664858818054199e+01,7.288090229034423828e+00,3.234483337402343750e+01,5.094678401947021484e+00,3.859663724899291992e+00,3.679606628417968750e+01,-3.739984273910522461e+00
4.222678494453430176e+01,6.620464324951171875e+00,3.223479080200195312e+01,3.515583038330078125e+00,4.230339527130126953e+00,3.666917800903320312e+01,-2.283596754074096680e+00
4.224685430526733398e+01,6.882536411285400391e+00,3.211622238159179688e+01,3.903852462768554688e+00,4.044607162475585938e+00,3.671722793579101562e+01,-3.523291826248168945e+00
4.226708912849426270e+01,6.942285537719726562e+00,3.199456024169921875e+01,4.148447036743164062e+00,4.121708393096923828e+00,3.662711715698242188e+01,-3.630927085876464844e+00
4.228712368011474609e+01,6.477168083190917969e+00,3.179996490478515625e+01,2.863481044769287109e+00,4.240328311920166016e+00,3.647870635986328125e+01,-3.668020248413085938e+00
4.230721759796142578e+01,6.681016445159912109e+00,3.155533790588378906e+01,3.495166778564453125e+00,4.220828056335449219e+00,3.612882995605468750e+01,-3.678019762039184570e+00
4.232719349861145020e+01,6.606503963470458984e+00,3.130842399597167969e+01,3.451738834381103516e+00,4.197270870208740234e+00,3.587333679199218750e+01,-3.661441326141357422e+00
4.234728789329528809e+01,6.844198703765869141e+00,3.101615905761718750e+01,4.310980319976806641e+00,4.148287773132324219e+00,3.545405960083007812e+01,-3.639196634292602539e+00
4.236737012863159180e+01,6.849174976348876953e+00,3.072399711608886719e+01,4.534676074981689453e+00,4.062804222106933594e+00,3.515436553955078125e+01,-3.627968311309814453e+00
4.238709640502929688e+01,6.949601173400878906e+00,3.042375755310058594e+01,4.906914710998535156e+00,3.918175458908081055e+00,3.492502593994140625e+01,-3.623384714126586914e+00
4.240724349021911621e+01,6.426545619964599609e+00,3.010441017150878906e+01,3.862626075744628906e+00,3.822692155838012695e+00,3.469425201416015625e+01,-3.617592334747314453e+00
4.242742085456848145e+01,6.173856258392333984e+00,2.977038955688476562e+01,3.203922271728515625e+00,3.707596540451049805e+00,3.446170425415039062e+01,-3.614041328430175781e+00
4.244761991500854492e+01,6.196663379669189453e+00,2.948334312438964844e+01,3.555134296417236328e+00,3.611458539962768555e+00,3.417028427124023438e+01,-3.609210491180419922e+00
4.246771287918090820e+01,6.199364662170410156e+00,2.925988578796386719e+01,3.637616634368896484e+00,3.512953042984008789e+00,3.398247909545898438e+01,-3.598098993301391602e+00
4.248858428001403809e+01,6.249217033386230469e+00,2.904549598693847656e+01,4.077472686767578125e+00,3.405108451843261719e+00,3.368898391723632812e+01,-3.563884496688842773e+00
4.250912284851074219e+01,6.444836139678955078e+00,2.887515640258789062e+01,4.748203754425048828e+00,3.152160167694091797e+00,3.354774475097656250e+01,-3.496698379516601562e+00
4.252954816818237305e+01,5.819006919860839844e+00,2.867025947570800781e+01,3.199654579162597656e+00,3.104499101638793945e+00,3.340392303466796875e+01,-3.484652519226074219e+00
4.254963135719299316e+01,5.986333370208740234e+00,2.845155334472656250e+01,3.903625488281250000e+00,3.002444505691528320e+00,3.310538101196289062e+01,-3.447525739669799805e+00
4.256947660446166992e+01,5.663104057312011719e+00,2.830821609497070312e+01,3.097447633743286133e+00,2.834347486495971680e+00,3.311938476562500000e+01,-3.404891252517700195e+00
4.258963036537170410e+01,6.086408615112304688e+00,2.810784530639648438e+01,4.715236663818359375e+00,2.624059438705444336e+00,3.284974288940429688e+01,-3.346374750137329102e+00
4.260926103591918945e+01,5.585770130157470703e+00,2.796236610412597656e+01,3.680312395095825195e+00,2.500918626785278320e+00,3.278651809692382812e+01,-3.289506435394287109e+00
4.262935280799865723e+01,5.307531833648681641e+00,2.776820564270019531e+01,3.106602668762207031e+00,2.375436544418334961e+00,3.255950164794921875e+01,-3.242114782333374023e+00
4.264947676658630371e+01,5.205859184265136719e+00,2.758513450622558594e+01,2.920938491821289062e+00,2.262063741683959961e+00,3.244347000122070312e+01,-3.189687013626098633e+00
4.267001819610595703e+01,5.198628425598144531e+00,2.735842895507812500e+01,3.223331212997436523e+00,1.968666791915893555e+00,3.207664108276367188e+01,-3.377645254135131836e+00
4.269010972976684570e+01,5.535668373107910156e+00,2.705582809448242188e+01,4.534863948822021484e+00,1.783895969390869141e+00,3.185931587219238281e+01,-3.137787818908691406e+00
4.271029591560363770e+01,5.094185352325439453e+00,2.688133239746093750e+01,3.640096187591552734e+00,1.539952278137207031e+00,3.163809394836425781e+01,-3.765291929244995117e+00
4.273035264015197754e+01,4.617270946502685547e+00,2.662685966491699219e+01,2.619154453277587891e+00,1.481112837791442871e+00,3.156537055969238281e+01,-3.132131814956665039e+00
4.275049138069152832e+01,5.278109073638916016e+00,2.638962745666503906e+01,4.568528175354003906e+00,1.189260721206665039e+00,3.107590866088867188e+01,-3.929490566253662109e+00
4.277052807807922363e+01,4.810858249664306641e+00,2.622890472412109375e+01,3.593644142150878906e+00,1.111477136611938477e+00,3.108199882507324219e+01,-3.105300903320312500e+00
4.279066038131713867e+01,4.353829860687255859e+00,2.611970520019531250e+01,2.597294092178344727e+00,9.033656716346740723e-01,3.099338531494140625e+01,-3.667238235473632812e+00
4.281100702285766602e+01,4.738236904144287109e+00,2.592448234558105469e+01,3.929224967956542969e+00,7.832389473915100098e-01,3.077536773681640625e+01,-3.003830909729003906e+00
4.283091282844543457e+01,4.521168708801269531e+00,2.581271934509277344e+01,3.551176786422729492e+00,6.333624720573425293e-01,3.058115577697753906e+01,-3.120364427566528320e+00
4.285101866722106934e+01,4.183467864990234375e+00,2.575958442687988281e+01,2.600515365600585938e+00,4.467224478721618652e-01,3.059219551086425781e+01,-3.589438438415527344e+00
4.287109971046447754e+01,4.383881092071533203e+00,2.569305610656738281e+01,3.490238904953002930e+00,2.582670450210571289e-01,3.041705703735351562e+01,-3.802245855331420898e+00
4.289113140106201172e+01,4.644534587860107422e+00,2.561689376831054688e+01,4.467822074890136719e+00,1.730224639177322388e-01,3.046099472045898438e+01,-2.955638170242309570e+00
4.291124820709228516e+01,3.856271743774414062e+00,2.562852668762207031e+01,2.468519449234008789e+00,1.734789460897445679e-01,3.041462516784667969e+01,-3.079264640808105469e+00
4.293131351470947266e+01,4.110526561737060547e+00,2.565820884704589844e+01,3.160602331161499023e+00,-1.206164993345737457e-02,3.045226097106933594e+01,-3.275507688522338867e+00
4.295148372650146484e+01,3.848264694213867188e+00,2.564622879028320312e+01,2.601300001144409180e+00,7.521576434373855591e-02,3.043321990966796875e+01,-2.976960659027099609e+00
4.297149133682250977e+01,4.647910594940185547e+00,2.564929580688476562e+01,4.425301074981689453e+00,-1.719913780689239502e-01,3.026836013793945312e+01,-3.554199457168579102e+00
4.299167180061340332e+01,4.047281742095947266e+00,2.569427490234375000e+01,3.067429065704345703e+00,-4.329638183116912842e-02,3.047540664672851562e+01,-3.070239543914794922e+00
4.301181674003601074e+01,4.222146511077880859e+00,2.572775459289550781e+01,3.738312482833862305e+00,-1.353447586297988892e-01,3.031967163085937500e+01,-3.777887582778930664e+00
4.303191208839416504e+01,4.255151748657226562e+00,2.578955650329589844e+01,3.671689510345458984e+00,-1.669046282768249512e-01,3.055439376831054688e+01,-3.261680841445922852e+00
4.305212450027465820e+01,3.742614030838012695e+00,2.582342720031738281e+01,2.744021892547607422e+00,-1.639479026198387146e-02,3.062888526916503906e+01,-2.975776195526123047e+00
4.307214665412902832e+01,4.180995464324951172e+00,2.581798171997070312e+01,3.735553503036499023e+00,-2.195977568626403809e-01,3.031681442260742188e+01,-3.563313245773315430e+00
4.309237360954284668e+01,3.982486486434936523e+00,2.591078376770019531e+01,3.038602590560913086e+00,-1.281259506940841675e-01,3.069409179687500000e+01,-2.968664169311523438e+00
4.311250758171081543e+01,3.871466636657714844e+00,2.596645545959472656e+01,3.028491735458374023e+00,-1.712633222341537476e-01,3.056882667541503906e+01,-3.090308189392089844e+00
4.313262391090393066e+01,4.161880016326904297e+00,2.613090896606445312e+01,3.541267871856689453e+00,-1.844931840896606445e-01,3.080409812927246094e+01,-3.278486490249633789e+00
4.315439152717590332e+01,4.468954563140869141e+00,2.623410606384277344e+01,4.513324737548828125e+00,-2.473825961351394653e-01,3.084382057189941406e+01,-3.600475549697875977e+00
4.317373013496398926e+01,4.129591464996337891e+00,2.636565971374511719e+01,3.617905855178833008e+00,-1.334939748048782349e-01,3.113505363464355469e+01,-2.963344573974609375e+00
4.319382739067077637e+01,3.997776031494140625e+00,2.651553344726562500e+01,3.092189311981201172e+00,-1.282103061676025391e-01,3.112085533142089844e+01,-3.140087127685546875e+00
4.321386432647705078e+01,4.393062591552734375e+00,2.668040275573730469e+01,3.978717088699340820e+00,-1.298660337924957275e-01,3.124063682556152344e+01,-3.356271743774414062e+00
4.323416066169738770e+01,4.622288227081298828e+00,2.683720207214355469e+01,4.536483764648437500e+00,-1.441031694412231445e-01,3.131940841674804688e+01,-3.867313861846923828e+00
4.325480794906616211e+01,4.314436435699462891e+00,2.701799392700195312e+01,3.651741981506347656e+00,-2.281485125422477722e-03,3.167581176757812500e+01,-3.099223375320434570e+00
4.327494287490844727e+01,4.211085319519042969e+00,2.722623443603515625e+01,3.091361045837402344e+00,1.135673522949218750e-01,3.176561164855957031e+01,-3.708058118820190430e+00
4.329468369483947754e+01,4.547363758087158203e+00,2.742320251464843750e+01,3.785974979400634766e+00,1.906882971525192261e-01,3.211599349975585938e+01,-3.088121652603149414e+00
4.331509351730346680e+01,4.663091659545898438e+00,2.742127418518066406e+01,3.859423398971557617e+00,1.485321670770645142e-01,3.191722869873046875e+01,-3.947436094284057617e+00
4.333533978462219238e+01,4.550628185272216797e+00,2.770423698425292969e+01,3.603391647338867188e+00,3.634298145771026611e-01,3.248423004150390625e+01,-3.290366649627685547e+00
4.335550904273986816e+01,4.753482818603515625e+00,2.796737480163574219e+01,4.216095924377441406e+00,3.351459503173828125e-01,3.260948944091796875e+01,-3.160458803176879883e+00
4.337549042701721191e+01,4.401156425476074219e+00,2.813722991943359375e+01,3.069433927536010742e+00,5.229861140251159668e-01,3.281738281250000000e+01,-3.145093917846679688e+00
4.339563989639282227e+01,4.754941940307617188e+00,2.826677322387695312e+01,3.860706329345703125e+00,4.839978814125061035e-01,3.264604187011718750e+01,-4.035485744476318359e+00
4.341558909416198730e+01,4.931311130523681641e+00,2.835424423217773438e+01,3.867763757705688477e+00,5.210993885993957520e-01,3.295916366577148438e+01,-3.280905008316040039e+00
4.343599414825439453e+01,5.264944553375244141e+00,2.847821426391601562e+01,4.660314083099365234e+00,6.755213737487792969e-01,3.315085601806640625e+01,-3.203031539916992188e+00
4.345585083961486816e+01,4.982413768768310547e+00,2.869986534118652344e+01,3.681760549545288086e+00,8.411476016044616699e-01,3.321757125854492188e+01,-4.087648868560791016e+00
4.347588205337524414e+01,5.102334499359130859e+00,2.885137367248535156e+01,3.768927097320556641e+00,7.940382361412048340e-01,3.346232223510742188e+01,-3.614885807037353516e+00
4.349609398841857910e+01,4.678846359252929688e+00,2.891741180419921875e+01,2.836655139923095703e+00,9.906955361366271973e-01,3.351351928710937500e+01,-3.364243507385253906e+00
4.351616477966308594e+01,5.489269733428955078e+00,2.902684211730957031e+01,4.642032146453857422e+00,9.418643116950988770e-01,3.367892456054687500e+01,-3.302283763885498047e+00
4.353631520271301270e+01,4.955049514770507812e+00,2.916464996337890625e+01,3.181708812713623047e+00,1.122307896614074707e+00,3.386898803710937500e+01,-3.301007270812988281e+00
4.355636930465698242e+01,5.248098850250244141e+00,2.926029777526855469e+01,3.915697336196899414e+00,1.158256769180297852e+00,3.386281204223632812e+01,-3.295535087585449219e+00
4.357646703720092773e+01,5.371375560760498047e+00,2.941025924682617188e+01,3.807092189788818359e+00,1.204858660697937012e+00,3.414795303344726562e+01,-3.295294761657714844e+00
4.359663414955139160e+01,4.951161861419677734e+00,2.949177932739257812e+01,2.828808069229125977e+00,1.365279436111450195e+00,3.416389083862304688e+01,-3.300194025039672852e+00
4.361640357971191406e+01,5.768043041229248047e+00,2.958929061889648438e+01,4.659086704254150391e+00,1.300275564193725586e+00,3.426880264282226562e+01,-3.302646875381469727e+00
4.363625383377075195e+01,5.505909442901611328e+00,2.967844200134277344e+01,3.722702503204345703e+00,1.522296786308288574e+00,3.427421188354492188e+01,-3.725967407226562500e+00
4.365641760826110840e+01,5.273450374603271484e+00,2.962725257873535156e+01,2.644993543624877930e+00,1.624363541603088379e+00,3.434223937988281250e+01,-3.443116426467895508e+00
4.367652559280395508e+01,5.546209812164306641e+00,2.965695953369140625e+01,3.223291158676147461e+00,1.697895884513854980e+00,3.435144042968750000e+01,-3.429305553436279297e+00
4.369667172431945801e+01,6.126922130584716797e+00,2.973889923095703125e+01,4.755207061767578125e+00,1.661280274391174316e+00,3.434785079956054688e+01,-3.415780782699584961e+00
4.371698379516601562e+01,5.761817932128906250e+00,2.985695457458496094e+01,3.456346750259399414e+00,1.848891735076904297e+00,3.451837158203125000e+01,-3.406738519668579102e+00
4.373690724372863770e+01,5.951117038726806641e+00,2.996405601501464844e+01,3.834662914276123047e+00,1.962066292762756348e+00,3.468716812133789062e+01,-3.414440155029296875e+00
4.375709867477416992e+01,5.561238288879394531e+00,3.003761672973632812e+01,2.616177797317504883e+00,2.122738599777221680e+00,3.486043930053710938e+01,-3.418549060821533203e+00
4.377714276313781738e+01,5.824716091156005859e+00,3.008374595642089844e+01,3.235735177993774414e+00,2.211581945419311523e+00,3.485000610351562500e+01,-3.418080329895019531e+00
4.379724740982055664e+01,6.161617279052734375e+00,3.011241531372070312e+01,4.056797504425048828e+00,2.284090995788574219e+00,3.477089309692382812e+01,-3.415531873703002930e+00
4.381741666793823242e+01,6.091222286224365234e+00,3.013269042968750000e+01,3.802154779434204102e+00,2.380234241485595703e+00,3.479922866821289062e+01,-3.413057565689086914e+00
4.383872342109680176e+01,6.240954875946044922e+00,3.016506958007812500e+01,3.864767789840698242e+00,2.413245439529418945e+00,3.496031188964843750e+01,-3.411081552505493164e+00
4.388637733459472656e+01,5.916043281555175781e+00,3.017959213256835938e+01,3.051825523376464844e+00,2.489127635955810547e+00,3.508624267578125000e+01,-3.410847187042236328e+00
4.388967108726501465e+01,6.286562442779541016e+00,3.017083740234375000e+01,3.768416166305541992e+00,2.541991710662841797e+00,3.508171463012695312e+01,-3.409686088562011719e+00
4.390977478027343750e+01,6.528446197509765625e+00,3.009858131408691406e+01,4.677725791931152344e+00,2.591710567474365234e+00,3.487562179565429688e+01,-3.407285451889038086e+00
4.393012690544128418e+01,6.195769786834716797e+00,3.006466484069824219e+01,3.659937620162963867e+00,2.677841186523437500e+00,3.490568161010742188e+01,-3.404459238052368164e+00
4.395016646385192871e+01,6.026304244995117188e+00,3.000397682189941406e+01,3.033630132675170898e+00,2.725152254104614258e+00,3.494094085693359375e+01,-3.403090953826904297e+00
4.397036409378051758e+01,6.336424350738525391e+00,2.990417480468750000e+01,4.016626834869384766e+00,2.740104436874389648e+00,3.471305465698242188e+01,-3.400672435760498047e+00
4.399057674407958984e+01,6.586280822753906250e+00,2.974188232421875000e+01,4.618014335632324219e+00,2.716421604156494141e+00,3.437220382690429688e+01,-3.648644924163818359e+00
4.400973296165466309e+01,6.402020454406738281e+00,2.955282211303710938e+01,4.122762203216552734e+00,2.723690509796142578e+00,3.435095977783203125e+01,-3.509790182113647461e+00
4.402988672256469727e+01,6.101184844970703125e+00,2.941792869567871094e+01,3.378898382186889648e+00,2.732762098312377930e+00,3.428107452392578125e+01,-3.480326175689697266e+00
4.405007481575012207e+01,6.206434249877929688e+00,2.932216453552246094e+01,3.744258165359497070e+00,2.679850101470947266e+00,3.429043960571289062e+01,-3.444847345352172852e+00
4.407019996643066406e+01,5.866111755371093750e+00,2.921346664428710938e+01,2.989236116409301758e+00,2.680683374404907227e+00,3.415889739990234375e+01,-3.413258075714111328e+00
4.409017610549926758e+01,5.996623516082763672e+00,2.913258361816406250e+01,3.318872213363647461e+00,2.651933670043945312e+00,3.411587524414062500e+01,-3.393019199371337891e+00
4.411040759086608887e+01,6.082163333892822266e+00,2.906996345520019531e+01,3.713697671890258789e+00,2.593195915222167969e+00,3.412482833862304688e+01,-3.360292434692382812e+00
4.413105988502502441e+01,5.798839569091796875e+00,2.890560722351074219e+01,2.996264696121215820e+00,2.561948537826538086e+00,3.372108840942382812e+01,-3.608156919479370117e+00
4.415106749534606934e+01,6.027494907379150391e+00,2.870896720886230469e+01,3.683786869049072266e+00,2.492771625518798828e+00,3.368120574951171875e+01,-3.414147138595581055e+00
4.417130374908447266e+01,5.552826881408691406e+00,2.859443092346191406e+01,2.499583959579467773e+00,2.486858606338500977e+00,3.371517562866210938e+01,-3.379067182540893555e+00
4.419144558906555176e+01,5.680684089660644531e+00,2.849906730651855469e+01,3.075098991394042969e+00,2.413273096084594727e+00,3.360473632812500000e+01,-3.322880268096923828e+00
4.421148252487182617e+01,5.854305267333984375e+00,2.827736663818359375e+01,4.105161666870117188e+00,2.098794698715209961e+00,3.313411331176757812e+01,-3.520529985427856445e+00
4.423169398307800293e+01,5.201272487640380859e+00,2.778079795837402344e+01,2.839183807373046875e+00,2.005388021469116211e+00,3.278138351440429688e+01,-3.358791351318359375e+00
4.425170850753784180e+01,5.102726459503173828e+00,2.727704238891601562e+01,3.345955848693847656e+00,1.531646132469177246e+00,3.243801879882812500e+01,-3.237201452255249023e+00
4.427189469337463379e+01,4.871932506561279297e+00,2.656115913391113281e+01,3.945670604705810547e+00,9.323420524597167969e-01,3.171162605285644531e+01,-3.553913831710815430e+00
4.429196119308471680e+01,4.394439220428466797e+00,2.555631446838378906e+01,3.508156538009643555e+00,5.677021741867065430e-01,3.091402626037597656e+01,-3.126392841339111328e+00
4.431200528144836426e+01,3.868632793426513672e+00,2.457129669189453125e+01,2.602554798126220703e+00,2.202854007482528687e-01,2.986898422241210938e+01,-3.915886402130126953e+00
4.433225536346435547e+01,3.927531719207763672e+00,2.367097091674804688e+01,3.468225002288818359e+00,-4.328311383724212646e-01,2.921501922607421875e+01,-3.073771953582763672e+00
4.435255193710327148e+01,3.082919836044311523e+00,2.273906898498535156e+01,2.234530210494995117e+00,-1.187477350234985352e+00,2.817909812927246094e+01,-4.298607826232910156e+00
4.437196326255798340e+01,3.612852573394775391e+00,2.160535240173339844e+01,3.910054922103881836e+00,-1.615863204002380371e+00,2.727145767211914062e+01,-3.248836994171142578e+00
4.439207530021667480e+01,2.414493083953857422e+00,2.069893646240234375e+01,2.162942647933959961e+00,-2.579329490661621094e+00,2.641156959533691406e+01,-4.030884265899658203e+00
4.441215419769287109e+01,2.208103179931640625e+00,1.942602920532226562e+01,2.835411548614501953e+00,-3.478796482086181641e+00,2.532530403137207031e+01,-3.321664094924926758e+00
4.443230962753295898e+01,1.530760049819946289e+00,1.798218154907226562e+01,2.261281251907348633e+00,-4.205205440521240234e+00,2.385054969787597656e+01,-3.417100429534912109e+00
4.445241880416870117e+01,1.118490099906921387e+00,1.659226226806640625e+01,2.480071067810058594e+00,-5.172543525695800781e+00,2.271374130249023438e+01,-3.098149299621582031e+00
4.447267818450927734e+01,4.714407026767730713e-01,1.506371021270751953e+01,2.547289371490478516e+00,-6.273243427276611328e+00,2.121223449707031250e+01,-3.086257457733154297e+00
4.449264121055603027e+01,-7.587515749037265778e-03,1.338992786407470703e+01,2.800488710403442383e+00,-7.290594577789306641e+00,1.940082740783691406e+01,-3.664319276809692383e+00
4.451280450820922852e+01,-5.583019852638244629e-01,1.175954437255859375e+01,2.518390655517578125e+00,-7.824800968170166016e+00,1.779809379577636719e+01,-3.247014284133911133e+00
4.453380322456359863e+01,-1.303687453269958496e+00,1.031218433380126953e+01,2.196287870407104492e+00,-8.967284202575683594e+00,1.633393859863281250e+01,-3.369637727737426758e+00
4.455381917953491211e+01,-1.489588499069213867e+00,8.875227928161621094e+00,3.070977210998535156e+00,-9.842334747314453125e+00,1.457620811462402344e+01,-3.271896123886108398e+00
4.457365250587463379e+01,-2.512595653533935547e+00,7.745787620544433594e+00,2.498552083969116211e+00,-1.108274173736572266e+01,1.308358383178710938e+01,-3.443737745285034180e+00
4.459386396408081055e+01,-3.345591068267822266e+00,6.289484977722167969e+00,2.166282653808593750e+00,-1.249161720275878906e+01,1.131144046783447266e+01,-3.558132171630859375e+00
4.461491894721984863e+01,-3.568198204040527344e+00,4.884794712066650391e+00,2.749242782592773438e+00,-1.362231540679931641e+01,9.269051551818847656e+00,-3.886648654937744141e+00
4.463457369804382324e+01,-4.503148078918457031e+00,3.883558988571166992e+00,2.786063432693481445e+00,-1.521129035949707031e+01,7.555303096771240234e+00,-3.765196323394775391e+00
4.465436244010925293e+01,-5.350082874298095703e+00,2.124431610107421875e+00,3.040380001068115234e+00,-1.708063888549804688e+01,5.484258651733398438e+00,-2.866050958633422852e+00
4.467479610443115234e+01,-6.661530494689941406e+00,1.600337386131286621e+00,3.451222181320190430e+00,-1.699315071105957031e+01,1.632347941398620605e+00,-4.389183521270751953e+00
4.469489216804504395e+01,-6.844253540039062500e+00,1.738428324460983276e-01,2.009087324142456055e+00,-1.969354820251464844e+01,1.430254817008972168e+00,-1.181621432304382324e+00
4.471488642692565918e+01,-6.635640621185302734e+00,-2.263296842575073242e-01,2.668053865432739258e+00,-2.127661514282226562e+01,4.911339282989501953e-01,-4.270835399627685547e+00
4.473465418815612793e+01,-8.459707260131835938e+00,-8.875522613525390625e-01,3.562160968780517578e+00,-2.460851478576660156e+01,-1.463309764862060547e+00,-3.588424444198608398e+00
4.475540018081665039e+01,-9.156004905700683594e+00,-2.045104980468750000e+00,2.145318031311035156e+00,-2.615830230712890625e+01,-2.854614973068237305e+00,-4.417134284973144531e+00
4.477554583549499512e+01,-9.941569328308105469e+00,-2.905629634857177734e+00,2.098081588745117188e+00,-2.575742530822753906e+01,-5.635966300964355469e+00,-5.281738281250000000e+00
4.479570341110229492e+01,-9.213122367858886719e+00,-4.497300624847412109e+00,3.575494527816772461e+00,-2.993086051940917969e+01,-5.703624248504638672e+00,-3.226269483566284180e+00
4.481574440002441406e+01,-1.079928112030029297e+01,-4.292311668395996094e+00,3.601227045059204102e+00,-3.045902442932128906e+01,-7.834070205688476562e+00,-5.435674667358398438e+00
4.483581566810607910e+01,-9.987748146057128906e+00,-5.982682228088378906e+00,2.733587026596069336e+00,-3.360869979858398438e+01,-7.933156490325927734e+00,-4.768484592437744141e+00
4.485595893859863281e+01,-1.289890003204345703e+01,-5.691253662109375000e+00,4.036226749420166016e+00,-3.282710266113281250e+01,-1.031792449951171875e+01,-6.111870288848876953e+00
4.487604665756225586e+01,-1.288820171356201172e+01,-7.416814804077148438e+00,2.721026420593261719e+00,-3.508673858642578125e+01,-9.893269538879394531e+00,-5.570452690124511719e+00
4.489610219001770020e+01,-1.501038074493408203e+01,-7.435508728027343750e+00,3.355941057205200195e+00,-3.632320785522460938e+01,-1.065935325622558594e+01,-4.118667125701904297e+00
4.491622018814086914e+01,-1.449727153778076172e+01,-8.014475822448730469e+00,4.983695030212402344e+00,-3.618938827514648438e+01,-1.183800601959228516e+01,-6.033316612243652344e+00
4.493639564514160156e+01,-1.612038421630859375e+01,-8.064001083374023438e+00,4.844093322753906250e+00,-3.772830200195312500e+01,-1.133047199249267578e+01,-4.259672641754150391e+00
4.495651865005493164e+01,-1.628561592102050781e+01,-8.099451065063476562e+00,3.905901670455932617e+00,-3.699731063842773438e+01,-1.135675239562988281e+01,-5.329893112182617188e+00
4.497648787498474121e+01,-1.542409133911132812e+01,-9.590942382812500000e+00,1.759201884269714355e+00,-3.713090133666992188e+01,-1.215853691101074219e+01,-6.258856296539306641e+00
4.499661827087402344e+01,-1.642573547363281250e+01,-9.240941047668457031e+00,4.799337863922119141e+00,-3.750970840454101562e+01,-1.217252159118652344e+01,-7.542199134826660156e+00
4.501673769950866699e+01,-1.764829254150390625e+01,-9.038127899169921875e+00,5.364418506622314453e+00,-3.723386001586914062e+01,-1.278310203552246094e+01,-3.351007223129272461e+00
4.503695130348205566e+01,-1.713228034973144531e+01,-8.272424697875976562e+00,1.894111275672912598e+00,-3.896866607666015625e+01,-1.149098873138427734e+01,-3.106858730316162109e+00
4.505710864067077637e+01,-1.858423614501953125e+01,-8.120930671691894531e+00,5.424296379089355469e+00,-3.966572952270507812e+01,-1.219301986694335938e+01,-7.040715217590332031e+00
4.507728767395019531e+01,-1.811387825012207031e+01,-9.006630897521972656e+00,3.982658624649047852e+00,-4.213926696777343750e+01,-1.150546836853027344e+01,-5.923342704772949219e+00
4.509740376472473145e+01,-1.965650177001953125e+01,-8.047457695007324219e+00,5.010580539703369141e+00,-4.065666580200195312e+01,-1.243143749237060547e+01,-6.079014301300048828e+00
4.511751651763916016e+01,-1.951711463928222656e+01,-8.037482261657714844e+00,1.895432233810424805e+00,-4.077849197387695312e+01,-1.130758953094482422e+01,-4.002725601196289062e+00
4.513765501976013184e+01,-1.965820693969726562e+01,-8.158939361572265625e+00,5.501358032226562500e+00,-4.047417068481445312e+01,-1.157555389404296875e+01,-6.411811351776123047e+00
4.515767407417297363e+01,-2.183246994018554688e+01,-7.489905834197998047e+00,3.548871278762817383e+00,-4.151394271850585938e+01,-1.078293418884277344e+01,-6.561338901519775391e+00
4.517770123481750488e+01,-2.060169410705566406e+01,-7.394885540008544922e+00,6.002867698669433594e+00,-4.153506088256835938e+01,-9.762684822082519531e+00,-3.968825340270996094e+00
4.519875359535217285e+01,-2.141047286987304688e+01,-6.058993339538574219e+00,2.048221349716186523e+00,-4.121774291992187500e+01,-9.855251312255859375e+00,-5.740321159362792969e+00
4.521885585784912109e+01,-2.137485313415527344e+01,-5.812653541564941406e+00,5.779840946197509766e+00,-4.118531799316406250e+01,-8.754736900329589844e+00,-6.770591259002685547e+00
4.523880457878112793e+01,-2.310136985778808594e+01,-5.126080989837646484e+00,4.116539955139160156e+00,-4.068645858764648438e+01,-8.467473030090332031e+00,-6.395820617675781250e+00
4.525881910324096680e+01,-2.093927764892578125e+01,-5.522597312927246094e+00,4.598018169403076172e+00,-4.144820022583007812e+01,-7.268676280975341797e+00,-5.550367355346679688e+00
4.527932858467102051e+01,-2.260910606384277344e+01,-3.865411996841430664e+00,5.354060649871826172e+00,-4.006131362915039062e+01,-6.215590476989746094e+00,-2.802614212036132812e+00
4.529900646209716797e+01,-2.381689453125000000e+01,-2.720423221588134766e+00,3.545688152313232422e+00,-3.843195724487304688e+01,-5.688019752502441406e+00,-6.533586502075195312e+00
4.531945848464965820e+01,-2.142761421203613281e+01,-3.253472805023193359e+00,5.787726402282714844e+00,-3.917120361328125000e+01,-3.981620311737060547e+00,-5.128576278686523438e+00
4.533923292160034180e+01,-2.266918945312500000e+01,-1.374954104423522949e+00,4.788745880126953125e+00,-3.834740829467773438e+01,-3.041532039642333984e+00,-4.063196182250976562e+00
4.535960769653320312e+01,-2.273677635192871094e+01,-4.749692380428314209e-01,3.439232587814331055e+00,-3.713264083862304688e+01,-1.301847338676452637e+00,-6.311692237854003906e+00
4.537941169738769531e+01,-2.172745513916015625e+01,-6.406796574592590332e-01,5.382381916046142578e+00,-3.708863449096679688e+01,-1.935727745294570923e-01,-2.873823642730712891e+00
4.539956355094909668e+01,-2.202977752685546875e+01,8.370677828788757324e-01,4.794515132904052734e+00,-3.573041534423828125e+01,7.072864770889282227e-01,-6.537507534027099609e+00
4.541950631141662598e+01,-2.257791900634765625e+01,1.712705135345458984e+00,3.439073324203491211e+00,-3.482857131958007812e+01,2.484069347381591797e+00,-2.527779817581176758e+00
4.544000101089477539e+01,-1.900784873962402344e+01,1.025562763214111328e+00,3.272051572799682617e+00,-3.374333572387695312e+01,4.030726909637451172e+00,-7.149298191070556641e+00
4.546001577377319336e+01,-2.153622245788574219e+01,2.485013484954833984e+00,5.309803485870361328e+00,-3.340639114379882812e+01,4.138121128082275391e+00,-2.207706212997436523e+00
4.548010063171386719e+01,-2.123903274536132812e+01,4.040008068084716797e+00,4.255748748779296875e+00,-3.279688262939453125e+01,6.004203319549560547e+00,-4.793356895446777344e+00
4.550031614303588867e+01,-2.099666213989257812e+01,5.095903873443603516e+00,4.252019882202148438e+00,-3.137107849121093750e+01,7.319008350372314453e+00,-5.182388305664062500e+00
4.552034997940063477e+01,-1.968620872497558594e+01,5.263675212860107422e+00,5.270313739776611328e+00,-3.044263458251953125e+01,8.591088294982910156e+00,-5.231803417205810547e+00
4.554052829742431641e+01,-2.033341026306152344e+01,6.380925655364990234e+00,4.502215862274169922e+00,-2.904448127746582031e+01,9.280953407287597656e+00,-5.020974636077880859e+00
4.556049513816833496e+01,-1.962996101379394531e+01,7.467309951782226562e+00,4.587261676788330078e+00,-2.767434501647949219e+01,1.055875015258789062e+01,-4.187441825866699219e+00
4.558064985275268555e+01,-1.887281990051269531e+01,7.648700237274169922e+00,4.050647258758544922e+00,-2.685107040405273438e+01,1.105363368988037109e+01,-4.152114868164062500e+00
4.560078310966491699e+01,-1.829964256286621094e+01,7.603655338287353516e+00,4.319495201110839844e+00,-2.755703163146972656e+01,1.125334453582763672e+01,-4.332879066467285156e+00
4.562088608741760254e+01,-1.749730110168457031e+01,8.427921295166015625e+00,5.755203723907470703e+00,-2.772306823730468750e+01,1.171208381652832031e+01,-4.638083934783935547e+00
4.564146399497985840e+01,-1.760939788818359375e+01,9.650433540344238281e+00,4.544083595275878906e+00,-2.745185470581054688e+01,1.312033367156982422e+01,-4.408632278442382812e+00
4.566164660453796387e+01,-1.648343849182128906e+01,1.068534088134765625e+01,5.795261859893798828e+00,-2.661539268493652344e+01,1.398860263824462891e+01,-4.695979595184326172e+00
4.568180847167968750e+01,-1.621911048889160156e+01,1.173570060729980469e+01,5.351308822631835938e+00,-2.567921257019042969e+01,1.527012634277343750e+01,-3.951786518096923828e+00
4.570185542106628418e+01,-1.584178066253662109e+01,1.300302600860595703e+01,5.457332611083984375e+00,-2.550839424133300781e+01,1.639668846130371094e+01,-4.712231636047363281e+00
4.572199440002441406e+01,-1.565611076354980469e+01,1.372455406188964844e+01,4.565164566040039062e+00,-2.426212692260742188e+01,1.707589530944824219e+01,-3.990340471267700195e+00
4.574202966690063477e+01,-1.439257431030273438e+01,1.441551303863525391e+01,4.414971828460693359e+00,-2.298070907592773438e+01,1.778182601928710938e+01,-4.471997261047363281e+00
4.576217269897460938e+01,-1.299948692321777344e+01,1.551446723937988281e+01,5.242326259613037109e+00,-2.157257843017578125e+01,1.868511581420898438e+01,-4.192918300628662109e+00
4.578221726417541504e+01,-1.205880832672119141e+01,1.657318115234375000e+01,4.961998462677001953e+00,-2.005480003356933594e+01,1.960023117065429688e+01,-3.797479152679443359e+00
4.580233120918273926e+01,-1.149945640563964844e+01,1.748537063598632812e+01,5.189479827880859375e+00,-1.929075050354003906e+01,2.022916603088378906e+01,-3.908859252929687500e+00
4.582257795333862305e+01,-1.113933849334716797e+01,1.857423019409179688e+01,4.579526424407958984e+00,-1.813800621032714844e+01,2.122912597656250000e+01,-3.800972223281860352e+00
4.584259557723999023e+01,-9.948359489440917969e+00,1.907801246643066406e+01,5.795950412750244141e+00,-1.678518676757812500e+01,2.144175148010253906e+01,-3.713405370712280273e+00
4.586222743988037109e+01,-9.687042236328125000e+00,1.964551544189453125e+01,4.956262111663818359e+00,-1.563057231903076172e+01,2.175834846496582031e+01,-3.848446130752563477e+00
4.588234543800354004e+01,-9.573982238769531250e+00,1.960169792175292969e+01,4.449584960937500000e+00,-1.481026363372802734e+01,2.157737731933593750e+01,-3.169743537902832031e+00
4.590249085426330566e+01,-9.619132995605468750e+00,1.949957275390625000e+01,4.909298896789550781e+00,-1.466737174987792969e+01,2.127357673645019531e+01,-3.953802824020385742e+00
4.592379307746887207e+01,-1.009341526031494141e+01,1.785718154907226562e+01,6.161264896392822266e+00,-1.552439975738525391e+01,1.952967262268066406e+01,-4.379470348358154297e+00
4.594357442855834961e+01,-1.046994304656982422e+01,1.582720851898193359e+01,5.588918685913085938e+00,-1.603880119323730469e+01,1.810546302795410156e+01,-4.603087425231933594e+00
4.596384882926940918e+01,-1.042117595672607422e+01,1.377588272094726562e+01,5.913210391998291016e+00,-1.679291915893554688e+01,1.660370254516601562e+01,-4.875413894653320312e+00
4.598375391960144043e+01,-1.077603244781494141e+01,1.240090751647949219e+01,5.832152843475341797e+00,-1.715661239624023438e+01,1.558794975280761719e+01,-5.163034439086914062e+00
4.600362801551818848e+01,-1.126537990570068359e+01,1.148097896575927734e+01,4.869772434234619141e+00,-1.760935401916503906e+01,1.490546131134033203e+01,-5.249813556671142578e+00
4.602381420135498047e+01,-1.147489166259765625e+01,1.083762741088867188e+01,5.486137866973876953e+00,-1.816251564025878906e+01,1.456691837310791016e+01,-4.985600948333740234e+00
4.604442882537841797e+01,-1.150391483306884766e+01,1.039379787445068359e+01,5.808517932891845703e+00,-1.861643409729003906e+01,1.422237014770507812e+01,-4.956690788269042969e+00
4.606479191780090332e+01,-1.164779472351074219e+01,1.011418628692626953e+01,5.432200431823730469e+00,-1.878934288024902344e+01,1.421729373931884766e+01,-4.487632751464843750e+00
4.608420586585998535e+01,-1.202632427215576172e+01,9.960493087768554688e+00,4.173737049102783203e+00,-1.902385139465332031e+01,1.394279956817626953e+01,-5.153240680694580078e+00
4.610467290878295898e+01,-1.179202175140380859e+01,9.726710319519042969e+00,4.073989868164062500e+00,-1.899048233032226562e+01,1.392893600463867188e+01,-4.943626880645751953e+00
4.612488150596618652e+01,-1.126340293884277344e+01,9.590929985046386719e+00,5.303545475006103516e+00,-1.888143539428710938e+01,1.386397266387939453e+01,-4.501792430877685547e+00
4.614489126205444336e+01,-1.172193908691406250e+01,9.397198677062988281e+00,3.888609409332275391e+00,-1.870761108398437500e+01,1.378938484191894531e+01,-3.981980085372924805e+00
4.616463780403137207e+01,-1.156566619873046875e+01,9.342698097229003906e+00,3.944921016693115234e+00,-1.883098983764648438e+01,1.360153198242187500e+01,-4.377682685852050781e+00
4.618475270271301270e+01,-1.110875415802001953e+01,8.307770729064941406e+00,3.945194721221923828e+00,-1.925304985046386719e+01,1.343774414062500000e+01,-4.176659584045410156e+00
4.620484232902526855e+01,-1.180512619018554688e+01,7.900585174560546875e+00,4.361431121826171875e+00,-1.939263153076171875e+01,1.213006782531738281e+01,-4.620297431945800781e+00
4.622496581077575684e+01,-1.192302036285400391e+01,7.840752124786376953e+00,3.873336553573608398e+00,-1.930606079101562500e+01,1.169760417938232422e+01,-4.343539714813232422e+00
4.624504089355468750e+01,-1.179672431945800781e+01,7.803907871246337891e+00,3.944549322128295898e+00,-1.924253845214843750e+01,1.158336925506591797e+01,-4.025088787078857422e+00
4.626510310173034668e+01,-1.162214565277099609e+01,7.536634922027587891e+00,4.180299758911132812e+00,-1.949680328369140625e+01,1.155763721466064453e+01,-4.124218940734863281e+00
4.628514671325683594e+01,-1.216435718536376953e+01,7.292226791381835938e+00,3.317389249801635742e+00,-1.994841003417968750e+01,1.123890399932861328e+01,-4.668741226196289062e+00
4.630540990829467773e+01,-1.234505653381347656e+01,6.799488067626953125e+00,3.420380592346191406e+00,-2.023408508300781250e+01,1.063515472412109375e+01,-4.367785453796386719e+00
4.632539129257202148e+01,-1.152949333190917969e+01,6.278688430786132812e+00,1.953832507133483887e+00,-2.053977775573730469e+01,1.018087577819824219e+01,-3.505514383316040039e+00
4.634556221961975098e+01,-1.132543563842773438e+01,5.376644134521484375e+00,5.616578578948974609e+00,-2.172674560546875000e+01,9.841332435607910156e+00,-4.075557231903076172e+00
4.636570596694946289e+01,-1.352577590942382812e+01,5.342246055603027344e+00,4.020305156707763672e+00,-2.181327629089355469e+01,8.491118431091308594e+00,-4.342995166778564453e+00
4.638593244552612305e+01,-1.364953422546386719e+01,5.004144668579101562e+00,3.115411996841430664e+00,-2.182043075561523438e+01,7.908875465393066406e+00,-4.216424465179443359e+00
4.640594649314880371e+01,-1.344596481323242188e+01,4.743482589721679688e+00,3.379362821578979492e+00,-2.192327690124511719e+01,7.414493560791015625e+00,-4.633096218109130859e+00
4.642599606513977051e+01,-1.307045555114746094e+01,4.720703125000000000e+00,3.986483097076416016e+00,-2.214729118347167969e+01,7.355412006378173828e+00,-4.422482013702392578e+00
4.644615912437438965e+01,-1.331431579589843750e+01,3.700993299484252930e+00,4.267948150634765625e+00,-2.330046463012695312e+01,6.643921375274658203e+00,-4.499875068664550781e+00
4.646623730659484863e+01,-1.372985172271728516e+01,3.740154266357421875e+00,4.047247886657714844e+00,-2.341861534118652344e+01,6.058606147766113281e+00,-3.991507053375244141e+00
4.648630475997924805e+01,-1.402464962005615234e+01,3.712835788726806641e+00,3.232518672943115234e+00,-2.383473396301269531e+01,5.811982154846191406e+00,-4.752193927764892578e+00
4.650652456283569336e+01,-1.376560020446777344e+01,3.604635238647460938e+00,1.495493888854980469e+00,-2.333232116699218750e+01,5.788274288177490234e+00,-5.820538520812988281e+00
4.652718114852905273e+01,-1.363657665252685547e+01,2.361851930618286133e+00,6.049017906188964844e+00,-2.490697669982910156e+01,5.303281784057617188e+00,-1.026879787445068359e+00
4.654731178283691406e+01,-1.440453529357910156e+01,2.739608287811279297e+00,4.622693538665771484e+00,-2.535319519042968750e+01,5.294341087341308594e+00,-2.475512504577636719e+00
4.656741333007812500e+01,-1.508353042602539062e+01,2.983714818954467773e+00,3.333817720413208008e+00,-2.611632156372070312e+01,4.721887111663818359e+00,-4.985409736633300781e+00
4.658753585815429688e+01,-1.535042190551757812e+01,2.766383409500122070e+00,3.125720739364624023e+00,-2.606159400939941406e+01,4.354084014892578125e+00,-5.075310230255126953e+00
4.660724139213562012e+01,-1.525935077667236328e+01,2.558087110519409180e+00,3.364255428314208984e+00,-2.604931831359863281e+01,4.103229045867919922e+00,-5.087060928344726562e+00
4.662725305557250977e+01,-1.354057407379150391e+01,1.099775433540344238e+00,4.479588031768798828e+00,-2.662041664123535156e+01,3.486331701278686523e+00,-5.192949771881103516e+00
4.664739561080932617e+01,-1.533520793914794922e+01,2.194995641708374023e+00,4.193710327148437500e+00,-2.619043350219726562e+01,3.441986083984375000e+00,-6.111025810241699219e+00
4.666750884056091309e+01,-1.611997604370117188e+01,2.050742864608764648e+00,3.639450311660766602e+00,-2.655001640319824219e+01,3.291022062301635742e+00,-1.681086778640747070e+00
4.668758845329284668e+01,-1.576140499114990234e+01,2.519356250762939453e+00,3.221371173858642578e+00,-2.689316368103027344e+01,4.151170253753662109e+00,-5.197033405303955078e+00
4.670767760276794434e+01,-1.391427898406982422e+01,9.477338194847106934e-01,2.978065252304077148e+00,-2.598336219787597656e+01,2.470794916152954102e+00,-5.782777786254882812e+00
4.672865986824035645e+01,-1.585733795166015625e+01,1.167074561119079590e+00,5.115582466125488281e+00,-2.844931602478027344e+01,2.910626173019409180e+00,-2.298484086990356445e+00
4.674875569343566895e+01,-1.610373115539550781e+01,1.886999726295471191e+00,4.329703807830810547e+00,-2.881982421875000000e+01,3.250071525573730469e+00,-3.683702707290649414e+00
4.676864147186279297e+01,-1.669681549072265625e+01,2.462653875350952148e+00,3.652364969253540039e+00,-2.783024406433105469e+01,3.487829446792602539e+00,-6.549888610839843750e+00
4.679178047180175781e+01,-1.744612121582031250e+01,2.517869234085083008e+00,3.436577320098876953e+00,-2.795456886291503906e+01,3.497936725616455078e+00,-3.034608602523803711e+00
4.680941390991210938e+01,-1.597789859771728516e+01,1.795143127441406250e+00,4.240715980529785156e+00,-2.868156623840332031e+01,4.124028682708740234e+00,-5.062635898590087891e+00
4.682955813407897949e+01,-1.723348236083984375e+01,2.330403089523315430e+00,4.426205158233642578e+00,-2.768358039855957031e+01,2.678698301315307617e+00,-4.313689708709716797e+00
4.684973287582397461e+01,-1.651475715637207031e+01,2.126055002212524414e+00,3.916331529617309570e+00,-2.909788894653320312e+01,3.713556766510009766e+00,-3.480942726135253906e+00
4.687014698982238770e+01,-1.598445510864257812e+01,2.383008718490600586e+00,5.490224838256835938e+00,-2.814416122436523438e+01,4.060954093933105469e+00,-6.762734889984130859e+00
4.689018392562866211e+01,-1.746837043762207031e+01,2.755641937255859375e+00,4.237701416015625000e+00,-2.809000778198242188e+01,4.022804737091064453e+00,-1.975705742835998535e+00
4.690991854667663574e+01,-1.548003768920898438e+01,1.620479583740234375e+00,4.772968769073486328e+00,-2.957382965087890625e+01,4.819270133972167969e+00,-3.477541446685791016e+00
4.693009114265441895e+01,-1.670524024963378906e+01,2.423071146011352539e+00,4.221847534179687500e+00,-2.980185127258300781e+01,4.106337070465087891e+00,-5.285018920898437500e+00
4.695026564598083496e+01,-1.693641853332519531e+01,2.596157550811767578e+00,3.788447618484497070e+00,-2.942779541015625000e+01,4.011897563934326172e+00,-5.431400299072265625e+00
4.697013807296752930e+01,-1.544470882415771484e+01,1.207268476486206055e+00,4.063518047332763672e+00,-2.904422950744628906e+01,4.600678443908691406e+00,-4.480600833892822266e+00
4.699013614654541016e+01,-1.788885879516601562e+01,2.790850639343261719e+00,4.567275524139404297e+00,-2.764426612854003906e+01,3.629960298538208008e+00,-3.566558361053466797e+00
4.701026535034179688e+01,-1.755316925048828125e+01,3.013708829879760742e+00,4.500373363494873047e+00,-2.870470809936523438e+01,4.961440563201904297e+00,-2.277127504348754883e+00
4.703040885925292969e+01,-1.737367439270019531e+01,3.526787757873535156e+00,3.571049213409423828e+00,-2.886287498474121094e+01,5.570251941680908203e+00,-4.748121738433837891e+00
4.705057239532470703e+01,-1.547706985473632812e+01,2.228267908096313477e+00,4.253420829772949219e+00,-2.899448585510253906e+01,5.776406288146972656e+00,-5.320487976074218750e+00
4.707060837745666504e+01,-1.741468620300292969e+01,3.299227714538574219e+00,4.502175807952880859e+00,-2.858014297485351562e+01,5.652545928955078125e+00,-4.368477344512939453e+00
4.709083628654479980e+01,-1.774312973022460938e+01,3.879403114318847656e+00,4.476980209350585938e+00,-2.769552803039550781e+01,5.725319385528564453e+00,-6.252697467803955078e+00
4.711080479621887207e+01,-1.852445030212402344e+01,4.312329769134521484e+00,3.957818031311035156e+00,-2.570639228820800781e+01,4.663406372070312500e+00,-5.373482227325439453e+00
4.713097810745239258e+01,-1.601691436767578125e+01,2.438774347305297852e+00,4.411118984222412109e+00,-2.767918014526367188e+01,6.650625228881835938e+00,-1.720149278640747070e+00
4.715103101730346680e+01,-1.703736686706542969e+01,4.132648944854736328e+00,4.583143711090087891e+00,-2.826714897155761719e+01,7.021883487701416016e+00,-4.884718894958496094e+00
4.717114162445068359e+01,-1.738582611083984375e+01,4.655832290649414062e+00,4.503364562988281250e+00,-2.801384353637695312e+01,6.976921081542968750e+00,-5.329483509063720703e+00
4.719122099876403809e+01,-1.771187210083007812e+01,4.830765724182128906e+00,4.145048618316650391e+00,-2.725520515441894531e+01,7.462193965911865234e+00,-4.331199645996093750e+00
4.721138978004455566e+01,-1.626788520812988281e+01,3.911735296249389648e+00,4.569404125213623047e+00,-2.752095985412597656e+01,7.838758945465087891e+00,-5.203412532806396484e+00
4.723160290718078613e+01,-1.770055007934570312e+01,4.632311820983886719e+00,4.381438255310058594e+00,-2.715530204772949219e+01,7.407382488250732422e+00,-4.601964473724365234e+00
4.725167870521545410e+01,-1.732007980346679688e+01,5.169519901275634766e+00,4.517094612121582031e+00,-2.669096183776855469e+01,7.795691490173339844e+00,-4.234853744506835938e+00
4.727184343338012695e+01,-1.720178794860839844e+01,5.833353042602539062e+00,4.609509944915771484e+00,-2.651020050048828125e+01,8.476498603820800781e+00,-4.897153854370117188e+00
4.729198050498962402e+01,-1.610560226440429688e+01,5.195603847503662109e+00,5.954044818878173828e+00,-2.666829681396484375e+01,8.952877998352050781e+00,-4.721669673919677734e+00
4.731206679344177246e+01,-1.753437042236328125e+01,5.699897766113281250e+00,4.538106441497802734e+00,-2.625599288940429688e+01,8.786355018615722656e+00,-3.752272844314575195e+00
4.733222913742065430e+01,-1.794013977050781250e+01,6.283451080322265625e+00,4.207753181457519531e+00,-2.436632156372070312e+01,8.037686347961425781e+00,-3.431355476379394531e+00
4.735234689712524414e+01,-1.710557365417480469e+01,6.172251701354980469e+00,4.404347896575927734e+00,-2.556274795532226562e+01,9.513632774353027344e+00,-2.448860168457031250e+00
4.737250351905822754e+01,-1.454687881469726562e+01,5.539572238922119141e+00,5.606700897216796875e+00,-2.636561393737792969e+01,1.031947994232177734e+01,-4.903013706207275391e+00
4.739273500442504883e+01,-1.684603691101074219e+01,6.353392601013183594e+00,4.930259704589843750e+00,-2.619618797302246094e+01,9.716958999633789062e+00,-5.487342834472656250e+00
4.741421031951904297e+01,-1.709468269348144531e+01,6.692836761474609375e+00,4.499130249023437500e+00,-2.547163772583007812e+01,9.789724349975585938e+00,-5.151885509490966797e+00
4.743457460403442383e+01,-1.690583992004394531e+01,6.874680995941162109e+00,4.172730922698974609e+00,-2.477934265136718750e+01,1.004821300506591797e+01,-4.807525157928466797e+00
4.745464086532592773e+01,-1.450377273559570312e+01,5.535752773284912109e+00,4.490563869476318359e+00,-2.479829406738281250e+01,1.061548423767089844e+01,-4.285121917724609375e+00
4.747381138801574707e+01,-1.635251808166503906e+01,6.661281108856201172e+00,4.475929737091064453e+00,-2.483473968505859375e+01,1.031305694580078125e+01,-4.592073440551757812e+00
4.749379014968872070e+01,-1.627367782592773438e+01,7.027550697326660156e+00,4.515870571136474609e+00,-2.452062034606933594e+01,1.018722534179687500e+01,-4.525822162628173828e+00
4.751396465301513672e+01,-1.599913692474365234e+01,7.425400257110595703e+00,4.552698612213134766e+00,-2.425692176818847656e+01,1.054237937927246094e+01,-4.682427406311035156e+00
4.753436803817749023e+01,-1.542282962799072266e+01,7.438360691070556641e+00,5.681540489196777344e+00,-2.405561637878417969e+01,1.101556110382080078e+01,-4.000215053558349609e+00
4.755449080467224121e+01,-1.567201519012451172e+01,7.586399555206298828e+00,4.872465133666992188e+00,-2.412140655517578125e+01,1.120899868011474609e+01,-4.297334194183349609e+00
4.757493400573730469e+01,-1.609149169921875000e+01,7.653799533843994141e+00,3.592622518539428711e+00,-2.334671401977539062e+01,1.132537364959716797e+01,-6.111166477203369141e+00
4.759449958801269531e+01,-1.630233764648437500e+01,7.793812751770019531e+00,5.011729240417480469e+00,-2.301313591003417969e+01,1.062249946594238281e+01,-1.596349120140075684e+00
4.761459231376647949e+01,-1.521094608306884766e+01,7.326113224029541016e+00,4.823553085327148438e+00,-2.413246726989746094e+01,1.128185462951660156e+01,-3.021627187728881836e+00
4.763472461700439453e+01,-1.233519744873046875e+01,5.636626243591308594e+00,5.227081298828125000e+00,-2.495812797546386719e+01,1.149787235260009766e+01,-4.966182708740234375e+00
4.765481591224670410e+01,-1.570544528961181641e+01,6.672458648681640625e+00,4.392373085021972656e+00,-2.469276428222656250e+01,1.069219875335693359e+01,-4.841886043548583984e+00
4.767497944831848145e+01,-1.586783599853515625e+01,6.713027000427246094e+00,4.403913021087646484e+00,-2.455163002014160156e+01,1.013548278808593750e+01,-5.078850269317626953e+00
4.769524216651916504e+01,-1.566365337371826172e+01,7.040238857269287109e+00,4.436738967895507812e+00,-2.394932365417480469e+01,1.032516288757324219e+01,-4.838332176208496094e+00
4.771530103683471680e+01,-1.552210998535156250e+01,7.191798210144042969e+00,3.921347618103027344e+00,-2.363554000854492188e+01,1.053704452514648438e+01,-4.728043556213378906e+00
4.773531174659729004e+01,-1.479768753051757812e+01,7.227201461791992188e+00,5.465167522430419922e+00,-2.364809036254882812e+01,1.070446968078613281e+01,-4.449811458587646484e+00
4.775556898117065430e+01,-1.503969001770019531e+01,7.323949337005615234e+00,4.617383956909179688e+00,-2.349725723266601562e+01,1.104945182800292969e+01,-3.741836786270141602e+00
4.777566742897033691e+01,-1.525506973266601562e+01,7.504906177520751953e+00,4.465776443481445312e+00,-2.295372581481933594e+01,1.089880466461181641e+01,-6.025902271270751953e+00
4.779578804969787598e+01,-1.446634101867675781e+01,5.707523345947265625e+00,5.198434829711914062e+00,-2.169582366943359375e+01,8.230016708374023438e+00,-5.222541809082031250e+00
4.781579136848449707e+01,-1.560852336883544922e+01,5.839293956756591797e+00,4.434699535369873047e+00,-2.409356117248535156e+01,9.345914840698242188e+00,-1.125356197357177734e+00
4.783592844009399414e+01,-1.487473106384277344e+01,6.412140369415283203e+00,4.425799369812011719e+00,-2.416007041931152344e+01,1.019334793090820312e+01,-2.926744699478149414e+00
4.785603404045104980e+01,-1.494848251342773438e+01,6.998347282409667969e+00,4.390143871307373047e+00,-2.447197914123535156e+01,1.056817054748535156e+01,-4.498783111572265625e+00
4.787608551979064941e+01,-1.469614791870117188e+01,6.623339653015136719e+00,3.973746776580810547e+00,-2.436107063293457031e+01,9.989471435546875000e+00,-5.193273544311523438e+00
4.789628505706787109e+01,-1.476001071929931641e+01,5.720032691955566406e+00,4.445942401885986328e+00,-2.549166679382324219e+01,9.092300415039062500e+00,-4.962901592254638672e+00
4.791635894775390625e+01,-1.480209255218505859e+01,5.605711460113525391e+00,4.273407459259033203e+00,-2.590161895751953125e+01,8.794969558715820312e+00,-4.778331279754638672e+00
4.793646335601806641e+01,-1.362201881408691406e+01,5.959944248199462891e+00,4.029183387756347656e+00,-2.618780326843261719e+01,9.196805000305175781e+00,-4.565786838531494141e+00
4.795654869079589844e+01,-1.261113071441650391e+01,5.416872024536132812e+00,6.070828914642333984e+00,-2.683493614196777344e+01,9.817069053649902344e+00,-5.363289356231689453e+00
4.797662734985351562e+01,-1.532754039764404297e+01,6.412249565124511719e+00,4.703318119049072266e+00,-2.618749046325683594e+01,9.450990676879882812e+00,-5.240689277648925781e+00
4.799674963951110840e+01,-1.509672737121582031e+01,6.840795993804931641e+00,4.799249649047851562e+00,-2.550273323059082031e+01,9.600024223327636719e+00,-5.097354412078857422e+00
4.801684021949768066e+01,-1.511293697357177734e+01,7.244231700897216797e+00,3.798318147659301758e+00,-2.470458221435546875e+01,1.032154846191406250e+01,-5.003181457519531250e+00
4.803695249557495117e+01,-1.389947223663330078e+01,7.417123317718505859e+00,2.538383722305297852e+00,-2.448399543762207031e+01,1.062383937835693359e+01,-5.011863231658935547e+00
4.805710339546203613e+01,-1.273618984222412109e+01,6.502943038940429688e+00,6.339766979217529297e+00,-2.464071273803710938e+01,1.130134201049804688e+01,-4.586138725280761719e+00
4.807714915275573730e+01,-1.563864421844482422e+01,7.394280910491943359e+00,4.605118274688720703e+00,-2.379981422424316406e+01,1.074237155914306641e+01,-4.776938915252685547e+00
4.809716796875000000e+01,-1.533920860290527344e+01,7.572999954223632812e+00,4.856350898742675781e+00,-2.312862777709960938e+01,1.042335987091064453e+01,-4.872140407562255859e+00
4.811737704277038574e+01,-1.530755996704101562e+01,7.973093032836914062e+00,3.759341478347778320e+00,-2.197751617431640625e+01,1.110648918151855469e+01,-4.785288333892822266e+00
4.813915705680847168e+01,-1.485457229614257812e+01,8.137793540954589844e+00,5.334698677062988281e+00,-2.175472831726074219e+01,1.121751117706298828e+01,-5.049489498138427734e+00
4.815767407417297363e+01,-1.393419933319091797e+01,8.138896942138671875e+00,6.025705337524414062e+00,-2.139763832092285156e+01,1.174180984497070312e+01,-4.344444751739501953e+00
4.817884755134582520e+01,-1.561832904815673828e+01,7.281065464019775391e+00,5.110514640808105469e+00,-2.138168525695800781e+01,1.135200691223144531e+01,-4.726783752441406250e+00
4.819893693923950195e+01,-1.617181205749511719e+01,7.524626731872558594e+00,4.628324508666992188e+00,-2.108685111999511719e+01,1.076216697692871094e+01,-5.116385936737060547e+00
4.821877050399780273e+01,-1.576293659210205078e+01,6.289024353027343750e+00,4.850584506988525391e+00,-2.254581642150878906e+01,9.295312881469726562e+00,-5.311663627624511719e+00
4.823835110664367676e+01,-1.567543315887451172e+01,4.661175727844238281e+00,5.025032043457031250e+00,-2.427610588073730469e+01,7.548633575439453125e+00,-5.118205547332763672e+00
4.825892734527587891e+01,-1.511236953735351562e+01,2.268084287643432617e+00,5.943827629089355469e+00,-2.683194160461425781e+01,5.453961372375488281e+00,-5.815847396850585938e+00
4.827923727035522461e+01,-1.621195602416992188e+01,1.494144678115844727e+00,5.076268196105957031e+00,-2.802179718017578125e+01,3.180630445480346680e+00,-5.800307750701904297e+00
4.829945683479309082e+01,-1.622618293762207031e+01,1.537984848022460938e+00,5.425669193267822266e+00,-2.684501075744628906e+01,8.129453063011169434e-01,-6.702905178070068359e+00
4.831944060325622559e+01,-1.608130645751953125e+01,1.244322180747985840e+00,4.701160907745361328e+00,-2.885692024230957031e+01,2.227542638778686523e+00,-2.936198711395263672e+00
4.833961772918701172e+01,-1.518517112731933594e+01,1.323059082031250000e+00,5.503150463104248047e+00,-3.043767166137695312e+01,2.597588777542114258e+00,-6.595158576965332031e+00
4.835977196693420410e+01,-1.678590965270996094e+01,2.195242404937744141e+00,5.001864910125732422e+00,-2.918162155151367188e+01,9.707266688346862793e-01,-6.834174633026123047e+00
4.837992024421691895e+01,-1.687919235229492188e+01,1.951020359992980957e+00,4.041707992553710938e+00,-3.068095397949218750e+01,2.876911163330078125e+00,-3.359848499298095703e+00
4.840003204345703125e+01,-1.616225624084472656e+01,2.340371847152709961e+00,4.789586067199707031e+00,-3.089713859558105469e+01,3.538009405136108398e+00,-5.095830440521240234e+00
4.842012238502502441e+01,-1.436111259460449219e+01,1.267932653427124023e+00,4.682387828826904297e+00,-3.146061897277832031e+01,4.080601692199707031e+00,-5.859427928924560547e+00
4.844024586677551270e+01,-1.591225624084472656e+01,1.804596781730651855e+00,4.378747463226318359e+00,-3.144640922546386719e+01,3.602420091629028320e+00,-6.045120716094970703e+00
4.846027779579162598e+01,-1.644312477111816406e+01,2.131619215011596680e+00,4.428540229797363281e+00,-3.117431640625000000e+01,3.383502006530761719e+00,-6.047414302825927734e+00
4.848047089576721191e+01,-1.658938026428222656e+01,2.516879558563232422e+00,4.519359111785888672e+00,-3.070162200927734375e+01,3.617269277572631836e+00,-5.987315654754638672e+00
4.850055384635925293e+01,-1.675520324707031250e+01,2.941003084182739258e+00,4.583602905273437500e+00,-3.024576377868652344e+01,4.123950004577636719e+00,-5.920565128326416016e+00
4.852066588401794434e+01,-1.638997268676757812e+01,3.159695863723754883e+00,1.887585997581481934e+00,-2.972056579589843750e+01,5.043455600738525391e+00,-5.057182788848876953e+00
4.854074978828430176e+01,-1.707127571105957031e+01,2.850262165069580078e+00,6.474612236022949219e+00,-2.865941429138183594e+01,4.184155464172363281e+00,-4.094556331634521484e+00
4.856091666221618652e+01,-1.760902976989746094e+01,3.313956499099731445e+00,5.250281333923339844e+00,-2.981758117675781250e+01,5.552521705627441406e+00,-2.978224992752075195e+00
4.858092236518859863e+01,-1.786827659606933594e+01,3.949959993362426758e+00,4.054414749145507812e+00,-2.964590454101562500e+01,6.520292282104492188e+00,-4.246735572814941406e+00
4.860102939605712891e+01,-1.836880111694335938e+01,4.196168422698974609e+00,3.873224020004272461e+00,-2.859995269775390625e+01,6.664449691772460938e+00,-6.471224784851074219e+00
4.862125945091247559e+01,-1.833146095275878906e+01,4.390379905700683594e+00,4.672903060913085938e+00,-2.827100372314453125e+01,6.718418121337890625e+00,-7.073729515075683594e+00
4.864128184318542480e+01,-1.851737785339355469e+01,3.900070428848266602e+00,4.482018947601318359e+00,-2.748763084411621094e+01,5.201120853424072266e+00,-4.590279579162597656e+00
4.866143679618835449e+01,-1.523188400268554688e+01,2.110840320587158203e+00,5.641503334045410156e+00,-2.934891510009765625e+01,6.956651687622070312e+00,-3.105131387710571289e+00
4.868165850639343262e+01,-1.712035369873046875e+01,3.689865112304687500e+00,5.603065013885498047e+00,-2.928355979919433594e+01,6.877812862396240234e+00,-6.271368980407714844e+00
4.870173525810241699e+01,-1.852594375610351562e+01,4.398414134979248047e+00,4.935452938079833984e+00,-2.841533470153808594e+01,6.672512054443359375e+00,-7.463794708251953125e+00
4.872186017036437988e+01,-1.890473556518554688e+01,3.961214542388916016e+00,4.278022766113281250e+00,-2.814856910705566406e+01,6.226962566375732422e+00,-2.323899507522583008e+00
4.874198031425476074e+01,-1.788571357727050781e+01,4.530816078186035156e+00,4.338617324829101562e+00,-2.837775802612304688e+01,7.513973712921142578e+00,-4.112981319427490234e+00
4.876203775405883789e+01,-1.724000358581542969e+01,4.034941673278808594e+00,5.472518920898437500e+00,-2.911314201354980469e+01,7.293992996215820312e+00,-5.780570983886718750e+00
4.878214550018310547e+01,-1.800988960266113281e+01,4.510202407836914062e+00,4.768751621246337891e+00,-2.881712532043457031e+01,6.978514194488525391e+00,-5.877061843872070312e+00
4.880239009857177734e+01,-1.821744537353515625e+01,4.689367294311523438e+00,3.975076913833618164e+00,-2.820123863220214844e+01,7.387803077697753906e+00,-5.318859100341796875e+00
4.882261872291564941e+01,-1.594677448272705078e+01,3.513757705688476562e+00,4.899410247802734375e+00,-2.827137184143066406e+01,7.952101230621337891e+00,-5.768254756927490234e+00
4.884265565872192383e+01,-1.805150222778320312e+01,4.673412799835205078e+00,4.726435184478759766e+00,-2.791718864440917969e+01,7.689974784851074219e+00,-5.315482616424560547e+00
4.886270332336425781e+01,-1.795248031616210938e+01,5.186332702636718750e+00,4.890006065368652344e+00,-2.754438400268554688e+01,7.955757141113281250e+00,-4.711557388305664062e+00
4.888369011878967285e+01,-1.775684738159179688e+01,5.769404888153076172e+00,4.936260223388671875e+00,-2.740043640136718750e+01,8.505659103393554688e+00,-5.499341487884521484e+00
4.890438723564147949e+01,-1.659642219543457031e+01,5.264536857604980469e+00,6.161351680755615234e+00,-2.782307243347167969e+01,9.254252433776855469e+00,-5.404830455780029297e+00
4.892440986633300781e+01,-1.836172294616699219e+01,5.701186656951904297e+00,5.404919624328613281e+00,-2.696656036376953125e+01,8.859585762023925781e+00,-5.421502590179443359e+00
4.894420385360717773e+01,-1.895859146118164062e+01,6.374542236328125000e+00,5.232628345489501953e+00,-2.540198326110839844e+01,8.094367980957031250e+00,-3.815281391143798828e+00
4.896456575393676758e+01,-1.822749137878417969e+01,6.118406295776367188e+00,4.611858844757080078e+00,-2.649697113037109375e+01,9.577106475830078125e+00,-2.885033845901489258e+00
4.898468422889709473e+01,-1.733103561401367188e+01,5.915050506591796875e+00,5.382298469543457031e+00,-2.681495857238769531e+01,9.336167335510253906e+00,-5.059400558471679688e+00
4.900489401817321777e+01,-1.492365741729736328e+01,4.724080085754394531e+00,5.823860645294189453e+00,-2.716139221191406250e+01,1.034044933319091797e+01,-4.854528427124023438e+00
4.902458691596984863e+01,-1.809948158264160156e+01,5.920205593109130859e+00,4.777301788330078125e+00,-2.714308738708496094e+01,9.588995933532714844e+00,-5.885670661926269531e+00
4.904506087303161621e+01,-1.801900863647460938e+01,6.150105953216552734e+00,4.902311325073242188e+00,-2.652260017395019531e+01,9.226493835449218750e+00,-5.368536472320556641e+00
4.906519556045532227e+01,-1.753128242492675781e+01,6.694390773773193359e+00,4.983695983886718750e+00,-2.592105293273925781e+01,9.811658859252929688e+00,-5.006677150726318359e+00
4.908506011962890625e+01,-1.690957641601562500e+01,6.984456062316894531e+00,5.906366825103759766e+00,-2.561606407165527344e+01,1.046939182281494141e+01,-4.704030513763427734e+00
4.910488128662109375e+01,-1.691489601135253906e+01,7.160628318786621094e+00,5.630220413208007812e+00,-2.564758300781250000e+01,1.069581222534179688e+01,-5.002985477447509766e+00
4.912507009506225586e+01,-1.699476432800292969e+01,7.161184787750244141e+00,5.360493183135986328e+00,-2.560661888122558594e+01,1.067274093627929688e+01,-4.994818687438964844e+00
4.914522218704223633e+01,-1.692943763732910156e+01,7.126744270324707031e+00,5.301951408386230469e+00,-2.556847763061523438e+01,1.068835449218750000e+01,-4.933935642242431641e+00
4.916527152061462402e+01,-1.652544021606445312e+01,7.115166664123535156e+00,6.016602039337158203e+00,-2.555588150024414062e+01,1.074389076232910156e+01,-4.943529605865478516e+00
4.918541979789733887e+01,-1.678689002990722656e+01,7.056128025054931641e+00,5.052400112152099609e+00,-2.543221664428710938e+01,1.086336612701416016e+01,-4.731892108917236328e+00
4.920572710037231445e+01,-1.688361549377441406e+01,7.248211383819580078e+00,4.622758865356445312e+00,-2.500168609619140625e+01,1.107836914062500000e+01,-5.788226604461669922e+00
4.922581362724304199e+01,-1.755495834350585938e+01,7.341807842254638672e+00,5.150914192199707031e+00,-2.321459388732910156e+01,9.434075355529785156e+00,-2.844470739364624023e+00
4.924592542648315430e+01,-1.665108489990234375e+01,6.442315578460693359e+00,5.162304878234863281e+00,-2.543024826049804688e+01,1.047798061370849609e+01,-2.319057226181030273e+00
4.926592898368835449e+01,-1.575648593902587891e+01,6.745279312133789062e+00,5.898941040039062500e+00,-2.571462249755859375e+01,1.083369255065917969e+01,-5.023381710052490234e+00
4.928610897064208984e+01,-1.613194274902343750e+01,6.972370147705078125e+00,4.770425796508789062e+00,-2.583280181884765625e+01,1.088010501861572266e+01,-5.831639766693115234e+00
4.930610418319702148e+01,-1.655589294433593750e+01,6.863075256347656250e+00,4.353641033172607422e+00,-2.560179519653320312e+01,1.067630100250244141e+01,-5.395124912261962891e+00
4.932617950439453125e+01,-1.655908584594726562e+01,6.760544300079345703e+00,4.194914340972900391e+00,-2.540718460083007812e+01,1.060606288909912109e+01,-5.107966899871826172e+00
4.934640526771545410e+01,-1.611856651306152344e+01,6.770304679870605469e+00,5.097324848175048828e+00,-2.537519836425781250e+01,1.060294151306152344e+01,-5.043670177459716797e+00
4.936645030975341797e+01,-1.610234451293945312e+01,6.796150207519531250e+00,5.033097743988037109e+00,-2.532596206665039062e+01,1.055634784698486328e+01,-4.986507892608642578e+00
4.938648700714111328e+01,-1.349197864532470703e+01,5.054219722747802734e+00,4.583639144897460938e+00,-2.602211761474609375e+01,1.061975383758544922e+01,-5.280905723571777344e+00
4.940664935111999512e+01,-1.648356437683105469e+01,5.983973979949951172e+00,5.224882602691650391e+00,-2.599478530883789062e+01,9.894650459289550781e+00,-4.708688735961914062e+00
4.942677640914916992e+01,-1.707820892333984375e+01,6.383084297180175781e+00,4.964241504669189453e+00,-2.483940124511718750e+01,9.479591369628906250e+00,-6.909387111663818359e+00
4.944695687294006348e+01,-1.742808532714843750e+01,6.046079635620117188e+00,4.564212322235107422e+00,-2.426911926269531250e+01,8.270417213439941406e+00,-1.568552494049072266e+00
4.946702647209167480e+01,-1.635798454284667969e+01,6.150808811187744141e+00,4.687055110931396484e+00,-2.533125114440917969e+01,9.807408332824707031e+00,-2.790857076644897461e+00
4.948717164993286133e+01,-1.432272720336914062e+01,5.126030921936035156e+00,4.373558998107910156e+00,-2.619706916809082031e+01,1.074869251251220703e+01,-4.322167396545410156e+00
4.950730371475219727e+01,-1.566467666625976562e+01,5.534884929656982422e+00,4.892404556274414062e+00,-2.681955528259277344e+01,9.971423149108886719e+00,-5.429953575134277344e+00
4.952738928794860840e+01,-1.668969917297363281e+01,5.819331645965576172e+00,4.578214168548583984e+00,-2.672863960266113281e+01,9.083409309387207031e+00,-5.838443756103515625e+00
4.954749107360839844e+01,-1.650028038024902344e+01,5.917058944702148438e+00,4.728517055511474609e+00,-2.644354438781738281e+01,8.928262710571289062e+00,-5.702836990356445312e+00
4.956766366958618164e+01,-1.634999275207519531e+01,6.340164661407470703e+00,4.796424388885498047e+00,-2.589478683471679688e+01,9.575740814208984375e+00,-5.002147674560546875e+00
4.958875751495361328e+01,-1.629864501953125000e+01,6.500877857208251953e+00,4.734445571899414062e+00,-2.585362815856933594e+01,9.673552513122558594e+00,-5.588063716888427734e+00
4.960881090164184570e+01,-1.563821411132812500e+01,5.308568954467773438e+00,5.137368202209472656e+00,-2.620001411437988281e+01,9.536499977111816406e+00,-5.313411712646484375e+00
4.962897896766662598e+01,-1.642218971252441406e+01,5.500024318695068359e+00,4.798110008239746094e+00,-2.613066482543945312e+01,9.102504730224609375e+00,-4.681296348571777344e+00
4.967737960815429688e+01,-1.644301414489746094e+01,5.877780914306640625e+00,4.789273262023925781e+00,-2.618733215332031250e+01,8.923014640808105469e+00,-5.366259098052978516e+00
4.968048596382141113e+01,-1.641647911071777344e+01,5.808372497558593750e+00,4.183040618896484375e+00,-2.587136650085449219e+01,9.066584587097167969e+00,-4.615548133850097656e+00
4.970086526870727539e+01,-1.605127906799316406e+01,6.062866687774658203e+00,5.254852771759033203e+00,-2.592293739318847656e+01,9.441532135009765625e+00,-5.074489116668701172e+00
4.972090339660644531e+01,-1.601501655578613281e+01,6.108208656311035156e+00,5.113096237182617188e+00,-2.600563812255859375e+01,9.725046157836914062e+00,-4.636206626892089844e+00
4.974121451377868652e+01,-1.656542968750000000e+01,5.967628002166748047e+00,4.372677326202392578e+00,-2.613744544982910156e+01,9.443707466125488281e+00,-5.154560089111328125e+00
4.976084947586059570e+01,-1.626052093505859375e+01,6.007746696472167969e+00,5.114035606384277344e+00,-2.608201599121093750e+01,9.438526153564453125e+00,-4.632334709167480469e+00
4.978062367439270020e+01,-1.645902252197265625e+01,6.030029773712158203e+00,4.353567123413085938e+00,-2.610020828247070312e+01,9.412209510803222656e+00,-5.179673194885253906e+00
4.980076789855957031e+01,-1.440324020385742188e+01,4.305696487426757812e+00,4.687602043151855469e+00,-2.648652458190917969e+01,9.343994140625000000e+00,-5.176277160644531250e+00
4.982095718383789062e+01,-1.637967681884765625e+01,5.293960571289062500e+00,4.957988262176513672e+00,-2.659285163879394531e+01,8.773147583007812500e+00,-5.386622905731201172e+00
4.984115791320800781e+01,-1.650759887695312500e+01,5.612030506134033203e+00,4.772265911102294922e+00,-2.647221183776855469e+01,8.583024024963378906e+00,-5.329096794128417969e+00
4.986123323440551758e+01,-1.649549293518066406e+01,5.845521926879882812e+00,4.295054912567138672e+00,-2.625052642822265625e+01,8.929658889770507812e+00,-5.292487621307373047e+00
4.988129544258117676e+01,-1.453744029998779297e+01,4.323441028594970703e+00,4.666694641113281250e+00,-2.644297027587890625e+01,9.158777236938476562e+00,-4.895129203796386719e+00
4.990138649940490723e+01,-1.651084327697753906e+01,5.273894309997558594e+00,4.728864192962646484e+00,-2.667847442626953125e+01,8.608016014099121094e+00,-5.193475723266601562e+00
4.992149567604064941e+01,-1.656181144714355469e+01,5.497226238250732422e+00,4.803421020507812500e+00,-2.653172874450683594e+01,8.386616706848144531e+00,-4.892376422882080078e+00
4.994148707389831543e+01,-1.649594306945800781e+01,5.719188213348388672e+00,4.349792003631591797e+00,-2.631779670715332031e+01,8.744499206542968750e+00,-4.830460071563720703e+00
4.996162796020507812e+01,-1.548538208007812500e+01,5.697303295135498047e+00,3.075410604476928711e+00,-2.637924194335937500e+01,9.062767982482910156e+00,-4.594805717468261719e+00
4.998180842399597168e+01,-1.580849361419677734e+01,4.838299751281738281e+00,6.438685417175292969e+00,-2.720485305786132812e+01,8.616899490356445312e+00,-4.927168369293212891e+00
5.000189638137817383e+01,-1.708311080932617188e+01,5.384297370910644531e+00,4.840246677398681641e+00,-2.703198051452636719e+01,8.280422210693359375e+00,-5.005494594573974609e+00
5.002197384834289551e+01,-1.688849449157714844e+01,5.740592002868652344e+00,4.943913459777832031e+00,-2.689215469360351562e+01,8.409543991088867188e+00,-5.419226169586181641e+00
5.004208731651306152e+01,-1.721077346801757812e+01,5.776515007019042969e+00,3.794549465179443359e+00,-2.644106292724609375e+01,8.887903213500976562e+00,-5.104022502899169922e+00
5.006216597557067871e+01,-1.633599472045898438e+01,5.812747478485107422e+00,5.777469635009765625e+00,-2.655721664428710938e+01,8.835918426513671875e+00,-5.365798473358154297e+00
5.008238148689270020e+01,-1.660160827636718750e+01,5.846691131591796875e+00,5.001931190490722656e+00,-2.634150314331054688e+01,9.208906173706054688e+00,-4.667995929718017578e+00
5.010261178016662598e+01,-1.656527328491210938e+01,5.800952434539794922e+00,5.271253585815429688e+00,-2.634463310241699219e+01,9.087467193603515625e+00,-4.608642578125000000e+00
5.012274169921875000e+01,-1.648122787475585938e+01,5.767226219177246094e+00,5.270081520080566406e+00,-2.647082519531250000e+01,9.018385887145996094e+00,-5.187484741210937500e+00
5.014373207092285156e+01,-1.645369148254394531e+01,5.698425769805908203e+00,5.372662544250488281e+00,-2.637787246704101562e+01,9.066206932067871094e+00,-4.612798213958740234e+00
5.016398835182189941e+01,-1.644867706298828125e+01,5.669476509094238281e+00,5.261485576629638672e+00,-2.651680183410644531e+01,8.975568771362304688e+00,-5.194603919982910156e+00
5.018387413024902344e+01,-1.669330406188964844e+01,5.669200897216796875e+00,4.468319416046142578e+00,-2.638105201721191406e+01,9.078958511352539062e+00,-4.631060600280761719e+00
5.020381188392639160e+01,-1.656556129455566406e+01,5.705776691436767578e+00,4.680644989013671875e+00,-2.643379592895507812e+01,9.169241905212402344e+00,-4.672352790832519531e+00
5.022421050071716309e+01,-1.669244766235351562e+01,5.687206745147705078e+00,4.587327957153320312e+00,-2.640108680725097656e+01,9.115694046020507812e+00,-4.640684127807617188e+00
5.024414706230163574e+01,-1.658966064453125000e+01,5.632835865020751953e+00,4.525590419769287109e+00,-2.645320320129394531e+01,9.149200439453125000e+00,-4.675089359283447266e+00
5.026469922065734863e+01,-1.577863025665283203e+01,5.563221931457519531e+00,2.584104299545288086e+00,-2.657726097106933594e+01,9.065090179443359375e+00,-4.642032623291015625e+00
5.028490424156188965e+01,-1.472028732299804688e+01,4.470505237579345703e+00,6.331033229827880859e+00,-2.729034805297851562e+01,9.195357322692871094e+00,-4.750223159790039062e+00
5.030462336540222168e+01,-1.733530235290527344e+01,5.122633934020996094e+00,4.720305919647216797e+00,-2.715625572204589844e+01,8.321947097778320312e+00,-5.037044525146484375e+00
5.032523536682128906e+01,-1.706057739257812500e+01,5.321341037750244141e+00,4.891969203948974609e+00,-2.708310317993164062e+01,7.993453025817871094e+00,-5.445697307586669922e+00
5.034494090080261230e+01,-1.641813468933105469e+01,5.152065753936767578e+00,4.216851234436035156e+00,-2.653619384765625000e+01,7.967211723327636719e+00,-5.363763809204101562e+00
5.036500120162963867e+01,-1.541063976287841797e+01,4.547364234924316406e+00,4.449126243591308594e+00,-2.830262947082519531e+01,7.391483783721923828e+00,-5.447685241699218750e+00
5.038502717018127441e+01,-1.567382526397705078e+01,3.568148612976074219e+00,6.947508811950683594e+00,-2.997932434082031250e+01,6.426836967468261719e+00,-5.512754917144775391e+00
5.040519499778747559e+01,-1.675262641906738281e+01,4.346054077148437500e+00,5.464754581451416016e+00,-3.036724662780761719e+01,6.329685688018798828e+00,-5.320818901062011719e+00
5.042529201507568359e+01,-1.747812461853027344e+01,5.272462368011474609e+00,4.895790100097656250e+00,-2.831422805786132812e+01,6.234250068664550781e+00,-4.201502799987792969e+00
5.044545698165893555e+01,-1.481169128417968750e+01,3.739079475402832031e+00,5.041366577148437500e+00,-2.967873001098632812e+01,8.243846893310546875e+00,-2.881764650344848633e+00
5.046553683280944824e+01,-1.569260787963867188e+01,4.918978214263916016e+00,5.596018314361572266e+00,-3.016116905212402344e+01,8.495824813842773438e+00,-5.073610305786132812e+00
5.048575830459594727e+01,-1.661020088195800781e+01,5.611910343170166016e+00,5.234886646270751953e+00,-3.011687469482421875e+01,8.313911437988281250e+00,-5.889027118682861328e+00
5.050590562820434570e+01,-1.676721382141113281e+01,6.041840553283691406e+00,5.221866130828857422e+00,-2.945967674255371094e+01,8.441807746887207031e+00,-5.929447650909423828e+00
5.052599525451660156e+01,-1.644828224182128906e+01,6.627683639526367188e+00,5.798361301422119141e+00,-2.836815643310546875e+01,9.242636680603027344e+00,-5.089632511138916016e+00
5.054614448547363281e+01,-1.682329177856445312e+01,7.069912433624267578e+00,4.870714187622070312e+00,-2.805076408386230469e+01,9.872653961181640625e+00,-5.547656059265136719e+00
5.056615686416625977e+01,-1.648720741271972656e+01,7.549476623535156250e+00,5.952089309692382812e+00,-2.736874389648437500e+01,1.032403755187988281e+01,-5.711771488189697266e+00
5.058627223968505859e+01,-1.551737785339355469e+01,8.118803024291992188e+00,6.389821529388427734e+00,-2.649075889587402344e+01,1.129134082794189453e+01,-5.267477989196777344e+00
5.060640215873718262e+01,-1.672244262695312500e+01,7.525369167327880859e+00,5.452424049377441406e+00,-2.600956535339355469e+01,1.123094177246093750e+01,-5.577210426330566406e+00
5.062646126747131348e+01,-1.719013404846191406e+01,8.275197029113769531e+00,5.032149314880371094e+00,-2.446781539916992188e+01,1.117071819305419922e+01,-4.650549888610839844e+00
5.064659786224365234e+01,-1.670237541198730469e+01,8.722285270690917969e+00,5.184915542602539062e+00,-2.377211570739746094e+01,1.116485404968261719e+01,-5.306499004364013672e+00
5.066670823097229004e+01,-1.668295669555664062e+01,9.165913581848144531e+00,5.169795513153076172e+00,-2.309069442749023438e+01,1.157820606231689453e+01,-5.098992824554443359e+00
5.068672084808349609e+01,-1.685948944091796875e+01,8.386546134948730469e+00,5.861857891082763672e+00,-2.339007568359375000e+01,1.081461334228515625e+01,-5.276134967803955078e+00
5.070686149597167969e+01,-1.695860099792480469e+01,6.846536636352539062e+00,6.387239456176757812e+00,-2.415670967102050781e+01,9.286114692687988281e+00,-6.056863784790039062e+00
5.072703289985656738e+01,-1.606420898437500000e+01,5.566265583038330078e+00,5.282433986663818359e+00,-2.530239486694335938e+01,8.186073303222656250e+00,-6.286684513092041016e+00
5.074709582328796387e+01,-1.504473018646240234e+01,3.341985464096069336e+00,7.307156085968017578e+00,-2.679799270629882812e+01,7.155464649200439453e+00,-6.548573017120361328e+00
5.076713562011718750e+01,-1.650081443786621094e+01,2.853214502334594727e+00,6.775174140930175781e+00,-2.767274284362792969e+01,5.268499851226806641e+00,-6.937148094177246094e+00
5.078739976882934570e+01,-1.681809806823730469e+01,2.831671714782714844e+00,6.068689346313476562e+00,-2.782897758483886719e+01,4.673561573028564453e+00,-6.265301704406738281e+00
5.080744338035583496e+01,-1.707342147827148438e+01,3.218480587005615234e+00,6.019510746002197266e+00,-2.733212471008300781e+01,4.450251579284667969e+00,-7.844007492065429688e+00
5.082766222953796387e+01,-1.743908119201660156e+01,3.113728761672973633e+00,6.072411537170410156e+00,-2.681128311157226562e+01,3.384482860565185547e+00,-4.656741619110107422e+00
5.084829044342041016e+01,-1.703817749023437500e+01,3.572576284408569336e+00,5.852337360382080078e+00,-2.785059928894042969e+01,5.158296585083007812e+00,-3.399387836456298828e+00
5.086777305603027344e+01,-1.507873153686523438e+01,2.398742437362670898e+00,5.727937698364257812e+00,-2.945262527465820312e+01,6.202831745147705078e+00,-5.619444370269775391e+00
5.088880777359008789e+01,-1.703201866149902344e+01,3.351949453353881836e+00,5.858779907226562500e+00,-3.010262489318847656e+01,5.666994094848632812e+00,-6.550715446472167969e+00
5.090880656242370605e+01,-1.757924842834472656e+01,3.542615890502929688e+00,5.419534683227539062e+00,-3.011874771118164062e+01,5.342546939849853516e+00,-6.588062286376953125e+00
5.092929196357727051e+01,-1.767537689208984375e+01,3.789684772491455078e+00,5.356067657470703125e+00,-2.986171150207519531e+01,5.424282550811767578e+00,-6.530752182006835938e+00
5.094905638694763184e+01,-1.738203620910644531e+01,4.100922107696533203e+00,6.032892227172851562e+00,-2.955960273742675781e+01,5.802321434020996094e+00,-6.469675064086914062e+00
5.096963739395141602e+01,-1.757334518432617188e+01,4.497887611389160156e+00,5.612799644470214844e+00,-2.899499511718750000e+01,6.608594417572021484e+00,-5.348473548889160156e+00
5.098974418640136719e+01,-1.797629356384277344e+01,4.731196880340576172e+00,5.436205863952636719e+00,-2.829129600524902344e+01,7.110347270965576172e+00,-7.663154125213623047e+00
5.101026344299316406e+01,-1.743906974792480469e+01,4.397288322448730469e+00,3.494496822357177734e+00,-2.803743362426757812e+01,6.380535602569580078e+00,-2.941991090774536133e+00
5.103052210807800293e+01,-1.656916427612304688e+01,4.849123954772949219e+00,6.406475543975830078e+00,-2.873287773132324219e+01,8.035142898559570312e+00,-3.075254201889038086e+00
5.105015277862548828e+01,-1.583868503570556641e+01,3.855207443237304688e+00,6.291808128356933594e+00,-2.971537590026855469e+01,8.380815505981445312e+00,-4.887454986572265625e+00
5.107021975517272949e+01,-1.793957901000976562e+01,4.691853046417236328e+00,5.308148384094238281e+00,-3.001301193237304688e+01,7.746024131774902344e+00,-6.354679584503173828e+00
5.109036326408386230e+01,-1.820730018615722656e+01,4.913833141326904297e+00,5.221302986145019531e+00,-2.944324302673339844e+01,7.317369461059570312e+00,-6.492497444152832031e+00
5.111055231094360352e+01,-1.792431259155273438e+01,5.170282363891601562e+00,5.289328098297119141e+00,-2.864508819580078125e+01,7.757820129394531250e+00,-5.623959064483642578e+00
5.113071560859680176e+01,-1.593259811401367188e+01,4.030304908752441406e+00,5.029144287109375000e+00,-2.870319366455078125e+01,8.456535339355468750e+00,-6.139210700988769531e+00
5.115081310272216797e+01,-1.699244880676269531e+01,4.588637351989746094e+00,5.578887462615966797e+00,-2.871611404418945312e+01,8.082160949707031250e+00,-6.313344001770019531e+00
5.117086338996887207e+01,-1.787991714477539062e+01,5.015789985656738281e+00,5.285473346710205078e+00,-2.833682060241699219e+01,7.970237255096435547e+00,-5.350729465484619141e+00
5.119109439849853516e+01,-1.755196762084960938e+01,5.464759349822998047e+00,5.923908233642578125e+00,-2.828679084777832031e+01,8.132155418395996094e+00,-6.045883178710937500e+00
5.121109008789062500e+01,-1.774685096740722656e+01,5.834423065185546875e+00,5.376282691955566406e+00,-2.792796325683593750e+01,8.620633125305175781e+00,-5.530150413513183594e+00
5.123111128807067871e+01,-1.662331390380859375e+01,5.353022575378417969e+00,6.724608421325683594e+00,-2.815673446655273438e+01,9.290485382080078125e+00,-5.316063880920410156e+00
5.125120592117309570e+01,-1.804003143310546875e+01,5.721667766571044922e+00,5.229142189025878906e+00,-2.812194442749023438e+01,8.657488822937011719e+00,-6.177676677703857422e+00
5.127132463455200195e+01,-1.780902290344238281e+01,5.960299015045166016e+00,5.346958637237548828e+00,-2.780658531188964844e+01,8.823347091674804688e+00,-5.971271038055419922e+00
5.129144668579101562e+01,-1.756269264221191406e+01,6.095501899719238281e+00,5.416741847991943359e+00,-2.747427940368652344e+01,9.165184974670410156e+00,-5.742416858673095703e+00
5.131160306930541992e+01,-1.715816497802734375e+01,6.174747943878173828e+00,6.505894184112548828e+00,-2.739554023742675781e+01,9.478089332580566406e+00,-5.509819984436035156e+00
5.133185672760009766e+01,-1.776700782775878906e+01,6.138637065887451172e+00,4.685717582702636719e+00,-2.742223739624023438e+01,9.555441856384277344e+00,-5.963451385498046875e+00
5.135191535949707031e+01,-1.744252204895019531e+01,6.285692691802978516e+00,5.783192634582519531e+00,-2.738973808288574219e+01,9.502406120300292969e+00,-5.775027275085449219e+00
5.137202382087707520e+01,-1.561685657501220703e+01,4.761047840118408203e+00,5.272525310516357422e+00,-2.762835502624511719e+01,9.720470428466796875e+00,-5.827596187591552734e+00
5.139235091209411621e+01,-1.700229263305664062e+01,5.524227619171142578e+00,6.109651088714599609e+00,-2.770320510864257812e+01,9.278708457946777344e+00,-5.602584362030029297e+00
5.141245651245117188e+01,-1.757152366638183594e+01,5.828674316406250000e+00,5.456288814544677734e+00,-2.770879554748535156e+01,8.989559173583984375e+00,-6.003754615783691406e+00
5.143232846260070801e+01,-1.765127182006835938e+01,6.262737274169921875e+00,5.368952751159667969e+00,-2.741217613220214844e+01,9.276103973388671875e+00,-5.769343376159667969e+00
5.145248389244079590e+01,-1.763138771057128906e+01,6.537110805511474609e+00,5.434737205505371094e+00,-2.729844665527343750e+01,9.446218490600585938e+00,-5.957350730895996094e+00
5.147272276878356934e+01,-1.758582305908203125e+01,6.768813133239746094e+00,5.371565341949462891e+00,-2.707409095764160156e+01,9.894702911376953125e+00,-5.731330394744873047e+00
5.149278712272644043e+01,-1.543355464935302734e+01,5.097589969635009766e+00,5.477329730987548828e+00,-2.753507232666015625e+01,1.009348201751708984e+01,-6.068912506103515625e+00
5.151252174377441406e+01,-1.766810035705566406e+01,5.952201843261718750e+00,5.509441852569580078e+00,-2.725779151916503906e+01,9.682249069213867188e+00,-5.222520351409912109e+00
5.153247570991516113e+01,-1.762450408935546875e+01,6.231954574584960938e+00,5.312387466430664062e+00,-2.730178833007812500e+01,9.246974945068359375e+00,-6.033897399902343750e+00
5.155371332168579102e+01,-1.719289588928222656e+01,6.598010540008544922e+00,5.942173957824707031e+00,-2.704005432128906250e+01,9.706130027770996094e+00,-5.738777637481689453e+00
5.157316613197326660e+01,-1.749457740783691406e+01,6.716901779174804688e+00,4.815041065216064453e+00,-2.682681083679199219e+01,9.996611595153808594e+00,-5.679388523101806641e+00
5.159298729896545410e+01,-1.734764671325683594e+01,6.542686939239501953e+00,4.960518360137939453e+00,-2.685658836364746094e+01,1.017470073699951172e+01,-5.509414196014404297e+00
5.161307120323181152e+01,-1.694312667846679688e+01,6.565432548522949219e+00,6.501681804656982422e+00,-2.691735839843750000e+01,1.002757740020751953e+01,-5.427305221557617188e+00
5.163353514671325684e+01,-1.729261589050292969e+01,6.671155929565429688e+00,4.924405097961425781e+00,-2.699138832092285156e+01,1.004710006713867188e+01,-6.030442237854003906e+00
5.165410900115966797e+01,-1.707484245300292969e+01,6.726481437683105469e+00,5.848244667053222656e+00,-2.679748725891113281e+01,1.021936988830566406e+01,-5.518525600433349609e+00
5.167425155639648438e+01,-1.706203651428222656e+01,6.752349376678466797e+00,5.469670772552490234e+00,-2.668460273742675781e+01,1.042182254791259766e+01,-5.152344226837158203e+00
5.169445919990539551e+01,-1.684758377075195312e+01,6.633595943450927734e+00,6.337811946868896484e+00,-2.686408233642578125e+01,1.012420845031738281e+01,-5.906433105468750000e+00
5.171443080902099609e+01,-1.695260810852050781e+01,6.749345779418945312e+00,5.573721408843994141e+00,-2.678592872619628906e+01,1.026055908203125000e+01,-5.950199127197265625e+00
5.173478174209594727e+01,-1.695702552795410156e+01,6.731369972229003906e+00,5.398786544799804688e+00,-2.673728752136230469e+01,1.034771633148193359e+01,-5.948422908782958984e+00
5.175515961647033691e+01,-1.714879989624023438e+01,6.698027610778808594e+00,4.932455062866210938e+00,-2.668245887756347656e+01,1.026229953765869141e+01,-5.920717716217041016e+00
5.177507376670837402e+01,-1.675152206420898438e+01,6.567038059234619141e+00,5.812983989715576172e+00,-2.649149513244628906e+01,1.034948158264160156e+01,-5.186251640319824219e+00
5.179530405998229980e+01,-1.704095268249511719e+01,6.453328132629394531e+00,4.613263130187988281e+00,-2.667964935302734375e+01,1.013760375976562500e+01,-5.899314880371093750e+00
5.181535458564758301e+01,-1.694260597229003906e+01,6.393257141113281250e+00,5.097653388977050781e+00,-2.666387939453125000e+01,9.962426185607910156e+00,-5.862495422363281250e+00
5.183547973632812500e+01,-1.675740242004394531e+01,6.456247329711914062e+00,5.740854263305664062e+00,-2.660929489135742188e+01,9.837713241577148438e+00,-5.830440044403076172e+00
5.185565495491027832e+01,-1.583192634582519531e+01,6.277951240539550781e+00,3.531292915344238281e+00,-2.674706840515136719e+01,9.824452400207519531e+00,-5.847735881805419922e+00
5.187565493583679199e+01,-1.620752525329589844e+01,5.290568828582763672e+00,6.875395298004150391e+00,-2.741623115539550781e+01,9.252089500427246094e+00,-5.887210369110107422e+00
5.189602041244506836e+01,-1.739929580688476562e+01,5.866077423095703125e+00,5.366939544677734375e+00,-2.737262725830078125e+01,8.922268867492675781e+00,-5.932994842529296875e+00
5.191624093055725098e+01,-1.748044776916503906e+01,6.094502449035644531e+00,4.734498977661132812e+00,-2.701414108276367188e+01,9.087596893310546875e+00,-5.785042762756347656e+00
5.193643116950988770e+01,-1.740519714355468750e+01,6.133787155151367188e+00,5.029968738555908203e+00,-2.654924774169921875e+01,9.205235481262207031e+00,-4.979417800903320312e+00
5.195664381980895996e+01,-1.495315647125244141e+01,5.035586833953857422e+00,5.350599288940429688e+00,-2.727560615539550781e+01,9.519185066223144531e+00,-5.413231372833251953e+00
5.197671747207641602e+01,-1.640963935852050781e+01,5.479444980621337891e+00,7.001189231872558594e+00,-2.753501510620117188e+01,8.921417236328125000e+00,-5.196063995361328125e+00
5.199690794944763184e+01,-1.757025718688964844e+01,5.966976165771484375e+00,5.214614868164062500e+00,-2.719514274597167969e+01,8.818700790405273438e+00,-5.114298343658447266e+00
5.201704406738281250e+01,-1.745623970031738281e+01,6.194437503814697266e+00,4.920954704284667969e+00,-2.710135650634765625e+01,9.013183593750000000e+00,-5.720521926879882812e+00
5.203713846206665039e+01,-1.708863067626953125e+01,6.209393501281738281e+00,5.556534290313720703e+00,-2.688662338256835938e+01,9.130539894104003906e+00,-5.500030517578125000e+00
5.205734777450561523e+01,-1.644807052612304688e+01,4.921313762664794922e+00,5.614138603210449219e+00,-2.732763290405273438e+01,8.820343017578125000e+00,-5.112596988677978516e+00
5.207737684249877930e+01,-1.701346015930175781e+01,5.227307319641113281e+00,5.239410400390625000e+00,-2.752453422546386719e+01,8.345060348510742188e+00,-5.658262729644775391e+00
5.209768271446228027e+01,-1.711381721496582031e+01,5.599336624145507812e+00,5.211700916290283203e+00,-2.736397361755371094e+01,8.260482788085937500e+00,-5.513808727264404297e+00
5.211763358116149902e+01,-1.677163505554199219e+01,5.985527992248535156e+00,5.823980331420898438e+00,-2.721322441101074219e+01,8.752723693847656250e+00,-5.241998672485351562e+00
5.213862252235412598e+01,-1.507895278930664062e+01,4.415723323822021484e+00,5.268097400665283203e+00,-2.747865867614746094e+01,9.298504829406738281e+00,-5.006034851074218750e+00
5.215856409072875977e+01,-1.726719284057617188e+01,5.363587379455566406e+00,5.359635829925537109e+00,-2.781873130798339844e+01,8.530855178833007812e+00,-5.898007392883300781e+00
5.217750406265258789e+01,-1.738982009887695312e+01,5.624499797821044922e+00,5.152433395385742188e+00,-2.769529914855957031e+01,8.374625205993652344e+00,-5.741593837738037109e+00
5.219774413108825684e+01,-1.686262321472167969e+01,5.941245555877685547e+00,5.900070190429687500e+00,-2.752962875366210938e+01,8.776825904846191406e+00,-5.724002838134765625e+00
5.221780157089233398e+01,-1.700611495971679688e+01,5.898544311523437500e+00,5.447573184967041016e+00,-2.751925086975097656e+01,9.087980270385742188e+00,-5.545570850372314453e+00
5.223855948448181152e+01,-1.733959388732910156e+01,5.775465488433837891e+00,4.382407665252685547e+00,-2.760658836364746094e+01,9.149227142333984375e+00,-5.368108749389648438e+00
5.225878572463989258e+01,-1.712516975402832031e+01,5.752367019653320312e+00,5.026196479797363281e+00,-2.758323287963867188e+01,9.068596839904785156e+00,-5.294861316680908203e+00
5.227937507629394531e+01,-1.704707908630371094e+01,5.809629440307617188e+00,5.101613998413085938e+00,-2.741120910644531250e+01,9.178995132446289062e+00,-5.001519203186035156e+00
5.229939031600952148e+01,-1.605591201782226562e+01,5.801883220672607422e+00,4.734110355377197266e+00,-2.756995773315429688e+01,9.372776985168457031e+00,-4.948299407958984375e+00
5.231899189949035645e+01,-1.519898891448974609e+01,4.828787803649902344e+00,6.361052513122558594e+00,-2.832220649719238281e+01,9.485678672790527344e+00,-5.797000408172607422e+00
5.233893346786499023e+01,-1.780241775512695312e+01,5.404814243316650391e+00,4.887172222137451172e+00,-2.809488296508789062e+01,8.660920143127441406e+00,-5.745341300964355469e+00
5.235907721519470215e+01,-1.743377685546875000e+01,5.565566539764404297e+00,5.060379981994628906e+00,-2.773866271972656250e+01,8.445231437683105469e+00,-5.560039043426513672e+00
5.237912583351135254e+01,-1.729565429687500000e+01,5.634213924407958984e+00,4.417130947113037109e+00,-2.729651451110839844e+01,8.617138862609863281e+00,-5.262684822082519531e+00
5.239918398857116699e+01,-1.568186855316162109e+01,4.513934612274169922e+00,5.093525886535644531e+00,-2.760018539428710938e+01,8.826173782348632812e+00,-5.008531570434570312e+00
5.241962361335754395e+01,-1.670026779174804688e+01,4.789530754089355469e+00,5.554870128631591797e+00,-2.791029167175292969e+01,7.913376331329345703e+00,-5.605968952178955078e+00
5.243991255760192871e+01,-1.716583061218261719e+01,5.110910415649414062e+00,5.069088459014892578e+00,-2.772523307800292969e+01,7.951756954193115234e+00,-5.307023525238037109e+00
5.245959568023681641e+01,-1.689871215820312500e+01,5.114254474639892578e+00,4.912638664245605469e+00,-2.763425827026367188e+01,7.963678359985351562e+00,-4.707323074340820312e+00
5.247988414764404297e+01,-1.731409072875976562e+01,5.263839721679687500e+00,4.074326038360595703e+00,-2.671974754333496094e+01,8.023283958435058594e+00,-7.028066158294677734e+00
5.249984240531921387e+01,-1.628008651733398438e+01,3.534600496292114258e+00,4.922405242919921875e+00,-2.755199050903320312e+01,7.266692638397216797e+00,-1.249112129211425781e+00
5.252000427246093750e+01,-1.672865867614746094e+01,4.062201976776123047e+00,5.278501033782958984e+00,-2.879642105102539062e+01,7.239937305450439453e+00,-4.216563224792480469e+00
5.254026961326599121e+01,-1.676200294494628906e+01,4.449787616729736328e+00,4.839682579040527344e+00,-2.924242782592773438e+01,6.954513072967529297e+00,-5.775537967681884766e+00
5.256030130386352539e+01,-1.697241973876953125e+01,4.543412208557128906e+00,4.842983245849609375e+00,-2.923261260986328125e+01,6.936890125274658203e+00,-5.773332118988037109e+00
5.258049082756042480e+01,-1.738003349304199219e+01,4.186669349670410156e+00,3.995298385620117188e+00,-2.910389328002929688e+01,6.723554611206054688e+00,-5.744995117187500000e+00
5.260057139396667480e+01,-1.690963935852050781e+01,3.901903152465820312e+00,5.550719738006591797e+00,-2.885280036926269531e+01,6.718708038330078125e+00,-4.716485023498535156e+00
5.262064290046691895e+01,-1.618244743347167969e+01,3.876733064651489258e+00,4.488082885742187500e+00,-2.924240112304687500e+01,6.689247131347656250e+00,-5.349423885345458984e+00
5.264074897766113281e+01,-1.447257041931152344e+01,2.426601171493530273e+00,5.420676708221435547e+00,-2.986783218383789062e+01,6.736835479736328125e+00,-5.805168151855468750e+00
5.266103219985961914e+01,-1.742285919189453125e+01,3.433482408523559570e+00,4.825906276702880859e+00,-2.977043151855468750e+01,6.044857978820800781e+00,-4.925395488739013672e+00
5.268101620674133301e+01,-1.747585105895996094e+01,3.482731819152832031e+00,4.867303371429443359e+00,-2.979997825622558594e+01,5.546864509582519531e+00,-5.333742141723632812e+00
5.270120811462402344e+01,-1.747982597351074219e+01,3.547598600387573242e+00,4.442656040191650391e+00,-2.966698646545410156e+01,5.367903709411621094e+00,-5.557168006896972656e+00
5.272127008438110352e+01,-1.762436294555664062e+01,3.396435022354125977e+00,4.308751106262207031e+00,-2.898427200317382812e+01,5.366599559783935547e+00,-5.413308620452880859e+00
5.274154686927795410e+01,-1.751284027099609375e+01,3.564289093017578125e+00,5.728140830993652344e+00,-2.737456703186035156e+01,3.731347084045410156e+00,-5.538916110992431641e+00
5.276165485382080078e+01,-1.644737815856933594e+01,1.516116499900817871e+00,4.693698883056640625e+00,-2.922819519042968750e+01,4.132754325866699219e+00,-2.526708364486694336e+00
5.278167200088500977e+01,-1.706647682189941406e+01,2.275098085403442383e+00,4.730423927307128906e+00,-3.062720680236816406e+01,4.606626510620117188e+00,-2.997026205062866211e+00
5.280185008049011230e+01,-1.728679656982421875e+01,2.877881050109863281e+00,4.818733692169189453e+00,-3.064635658264160156e+01,4.405187606811523438e+00,-6.640491485595703125e+00
5.282187747955322266e+01,-1.774691200256347656e+01,3.031210660934448242e+00,4.963418006896972656e+00,-3.060165786743164062e+01,4.329003334045410156e+00,-7.197386741638183594e+00
5.284208846092224121e+01,-1.842899322509765625e+01,2.168818235397338867e+00,4.268499851226806641e+00,-3.017809677124023438e+01,2.559131860733032227e+00,-4.557367801666259766e+00
5.286209726333618164e+01,-1.647953224182128906e+01,8.236831426620483398e-01,4.822863101959228516e+00,-3.235742187500000000e+01,3.649842977523803711e+00,-3.967984437942504883e+00
5.288246822357177734e+01,-1.773308944702148438e+01,1.589189648628234863e+00,5.049864768981933594e+00,-3.218231201171875000e+01,2.651757001876831055e+00,-7.413782596588134766e+00
5.290239477157592773e+01,-1.838505172729492188e+01,1.723780632019042969e+00,4.981324672698974609e+00,-3.249499893188476562e+01,2.001292467117309570e+00,-3.005229949951171875e+00
5.292250561714172363e+01,-1.785404014587402344e+01,1.302159428596496582e+00,4.479294776916503906e+00,-3.320102310180664062e+01,2.399304389953613281e+00,-5.586398601531982422e+00
5.294362974166870117e+01,-1.588498783111572266e+01,-2.500774562358856201e-01,3.407390594482421875e+00,-3.214106750488281250e+01,3.941834270954132080e-01,-6.491638183593750000e+00
5.296361613273620605e+01,-1.761652565002441406e+01,-1.007434073835611343e-02,5.763814449310302734e+00,-3.505482864379882812e+01,9.007143378257751465e-01,-2.928761482238769531e+00
5.298289871215820312e+01,-1.826211357116699219e+01,5.475863814353942871e-01,4.085562229156494141e+00,-3.455879974365234375e+01,3.693103492259979248e-01,-7.614034652709960938e+00
5.300363588333129883e+01,-1.870853424072265625e+01,-1.383567452430725098e-01,4.004596233367919922e+00,-3.529908370971679688e+01,-3.589532971382141113e-01,-3.412658929824829102e+00
5.302372431755065918e+01,-1.734611320495605469e+01,-8.829934597015380859e-01,5.197278499603271484e+00,-3.404174423217773438e+01,-1.619835019111633301e+00,-6.177545070648193359e+00
5.304398083686828613e+01,-1.845807647705078125e+01,-1.047944188117980957e+00,4.823961257934570312e+00,-3.700673675537109375e+01,-1.671652793884277344e+00,-4.303699016571044922e+00
5.306411695480346680e+01,-1.841254806518554688e+01,-8.720365166664123535e-01,3.867701292037963867e+00,-3.679877090454101562e+01,-1.970454216003417969e+00,-7.159335136413574219e+00
5.308462762832641602e+01,-1.780579566955566406e+01,-1.615836620330810547e+00,6.018369197845458984e+00,-3.755680465698242188e+01,-2.051008939743041992e+00,-3.391191244125366211e+00
5.310469770431518555e+01,-1.870331192016601562e+01,-1.322765231132507324e+00,5.023872852325439453e+00,-3.906297302246093750e+01,-2.824419736862182617e+00,-5.911555767059326172e+00
5.312496376037597656e+01,-1.953322219848632812e+01,-1.582234025001525879e+00,3.813891172409057617e+00,-3.791572570800781250e+01,-3.315065622329711914e+00,-7.550465583801269531e+00
5.314478826522827148e+01,-1.867494773864746094e+01,-3.285831212997436523e+00,4.949574947357177734e+00,-3.863446807861328125e+01,-3.990586280822753906e+00,-5.644248008728027344e+00
5.316490864753723145e+01,-1.958684158325195312e+01,-2.314284324645996094e+00,5.203028678894042969e+00,-3.910304260253906250e+01,-4.566700935363769531e+00,-4.665703296661376953e+00
5.318505764007568359e+01,-1.982232093811035156e+01,-2.229635715484619141e+00,3.883228540420532227e+00,-3.935536193847656250e+01,-4.270640373229980469e+00,-7.057932376861572266e+00
5.320503950119018555e+01,-1.885882568359375000e+01,-3.426872253417968750e+00,6.222650051116943359e+00,-4.073244857788085938e+01,-4.530736923217773438e+00,-3.309705257415771484e+00
5.322526717185974121e+01,-1.977970314025878906e+01,-2.599858522415161133e+00,5.454389095306396484e+00,-4.060336303710937500e+01,-4.997604846954345703e+00,-7.465132236480712891e+00
5.324538350105285645e+01,-2.087203788757324219e+01,-3.027559518814086914e+00,4.750516414642333984e+00,-3.998305130004882812e+01,-6.604117870330810547e+00,-7.327516078948974609e+00
5.326549410820007324e+01,-1.920552444458007812e+01,-4.216358184814453125e+00,4.847563743591308594e+00,-4.174625396728515625e+01,-5.947006225585937500e+00,-6.463327407836914062e+00
5.328559088706970215e+01,-2.106499099731445312e+01,-3.226491451263427734e+00,5.520879745483398438e+00,-4.205833816528320312e+01,-6.220743179321289062e+00,-4.885426044464111328e+00
5.330572605133056641e+01,-2.137126541137695312e+01,-2.929529905319213867e+00,4.626783370971679688e+00,-4.187077331542968750e+01,-5.623206138610839844e+00,-5.487880706787109375e+00
5.332589411735534668e+01,-2.144587135314941406e+01,-3.031527280807495117e+00,1.971130371093750000e+00,-4.064237213134765625e+01,-6.950277328491210938e+00,-6.403607368469238281e+00
5.334595251083374023e+01,-1.994767951965332031e+01,-4.734024047851562500e+00,5.037089824676513672e+00,-4.212427520751953125e+01,-7.244892597198486328e+00,-7.015131950378417969e+00
5.336601901054382324e+01,-2.000743484497070312e+01,-4.036339759826660156e+00,6.446286678314208984e+00,-4.330865859985351562e+01,-6.640245437622070312e+00,-5.609494209289550781e+00
5.338618206977844238e+01,-2.130041313171386719e+01,-3.357166528701782227e+00,5.842217445373535156e+00,-4.205349349975585938e+01,-7.749713897705078125e+00,-6.470573425292968750e+00
5.340625262260437012e+01,-2.150309753417968750e+01,-3.793874263763427734e+00,1.962161064147949219e+00,-4.374610519409179688e+01,-6.936451911926269531e+00,-5.600982666015625000e+00
5.342649149894714355e+01,-2.055283737182617188e+01,-4.417994022369384766e+00,5.848998069763183594e+00,-4.317452239990234375e+01,-7.119828701019287109e+00,-7.720337390899658203e+00
5.344663619995117188e+01,-2.148942184448242188e+01,-4.220058441162109375e+00,6.207904815673828125e+00,-4.299283218383789062e+01,-8.144350051879882812e+00,-6.812697887420654297e+00
5.346668434143066406e+01,-2.274564552307128906e+01,-3.715623140335083008e+00,4.301918983459472656e+00,-4.353398513793945312e+01,-6.963626384735107422e+00,-6.825424671173095703e+00
5.348682618141174316e+01,-2.190840530395507812e+01,-3.977154970169067383e+00,6.444109439849853516e+00,-4.365781402587890625e+01,-6.496781349182128906e+00,-4.885556697845458984e+00
5.350688672065734863e+01,-2.332702445983886719e+01,-2.970992326736450195e+00,5.302871704101562500e+00,-4.226724624633789062e+01,-7.273822784423828125e+00,-6.910261154174804688e+00
5.352702832221984863e+01,-2.425184059143066406e+01,-3.472864151000976562e+00,4.267884254455566406e+00,-4.225683593750000000e+01,-6.918400287628173828e+00,-7.956316471099853516e+00
5.354717850685119629e+01,-2.398282241821289062e+01,-3.717327594757080078e+00,4.409788131713867188e+00,-4.317651748657226562e+01,-6.658640861511230469e+00,-6.956789016723632812e+00
5.356731986999511719e+01,-2.197291183471679688e+01,-4.237025260925292969e+00,5.716104030609130859e+00,-4.337177658081054688e+01,-6.228806972503662109e+00,-7.263736724853515625e+00
5.358748388290405273e+01,-2.289007568359375000e+01,-4.083066463470458984e+00,5.620174407958984375e+00,-4.220921707153320312e+01,-7.205368995666503906e+00,-4.384941101074218750e+00
5.360761952400207520e+01,-2.281579399108886719e+01,-3.229053497314453125e+00,5.520302772521972656e+00,-4.320809936523437500e+01,-5.897884845733642578e+00,-4.491720676422119141e+00
5.362770795822143555e+01,-2.367819023132324219e+01,-2.816709995269775391e+00,4.631950378417968750e+00,-4.238757324218750000e+01,-5.458250522613525391e+00,-7.379612445831298828e+00
5.364877462387084961e+01,-2.252619743347167969e+01,-3.831472635269165039e+00,6.706475257873535156e+00,-4.382890319824218750e+01,-5.664342403411865234e+00,-5.244292259216308594e+00
5.366864585876464844e+01,-2.366107559204101562e+01,-2.922791719436645508e+00,5.374780178070068359e+00,-4.319466018676757812e+01,-5.721395969390869141e+00,-7.955286026000976562e+00
5.368866777420043945e+01,-2.489154243469238281e+01,-2.758701801300048828e+00,4.133456230163574219e+00,-4.255044174194335938e+01,-6.091736316680908203e+00,-6.884624958038330078e+00
5.370883607864379883e+01,-2.276048088073730469e+01,-3.968473672866821289e+00,5.096715450286865234e+00,-4.339395904541015625e+01,-5.128023147583007812e+00,-5.772113800048828125e+00
5.372947597503662109e+01,-2.299546432495117188e+01,-3.205962657928466797e+00,5.936637878417968750e+00,-4.239710617065429688e+01,-5.207910537719726562e+00,-7.718742370605468750e+00
5.374950170516967773e+01,-2.388284683227539062e+01,-3.018091678619384766e+00,5.724833965301513672e+00,-4.225679016113281250e+01,-5.360455036163330078e+00,-3.671264171600341797e+00
5.376963877677917480e+01,-2.399137496948242188e+01,-2.183771371841430664e+00,3.254665851593017578e+00,-4.123603057861328125e+01,-5.739233493804931641e+00,-7.064289569854736328e+00
5.378937673568725586e+01,-2.305323410034179688e+01,-2.940598487854003906e+00,7.230504512786865234e+00,-4.318507003784179688e+01,-4.649959564208984375e+00,-5.559764862060546875e+00
5.381013131141662598e+01,-2.427249145507812500e+01,-2.053480386734008789e+00,5.096077919006347656e+00,-4.245312500000000000e+01,-4.255784034729003906e+00,-7.886102676391601562e+00
5.382959938049316406e+01,-2.424866867065429688e+01,-2.309489965438842773e+00,2.482610225677490234e+00,-4.191460800170898438e+01,-4.252490520477294922e+00,-5.416038990020751953e+00
5.384997606277465820e+01,-2.398881721496582031e+01,-1.991316914558410645e+00,6.832275867462158203e+00,-4.260582733154296875e+01,-3.392783164978027344e+00,-3.778447151184082031e+00
5.387000727653503418e+01,-2.506376457214355469e+01,-1.172643184661865234e+00,4.777591705322265625e+00,-4.087386703491210938e+01,-4.446727275848388672e+00,-7.093660354614257812e+00
5.389014387130737305e+01,-2.403864860534667969e+01,-1.631329298019409180e+00,4.189855098724365234e+00,-4.221166229248046875e+01,-3.183284759521484375e+00,-5.937459945678710938e+00
5.391019153594970703e+01,-2.296775436401367188e+01,-1.711692094802856445e+00,7.121754646301269531e+00,-4.199604034423828125e+01,-2.876109838485717773e+00,-7.230040073394775391e+00
5.393030571937561035e+01,-2.484263229370117188e+01,-8.782595992088317871e-01,4.975405216217041016e+00,-4.085070037841796875e+01,-2.368520498275756836e+00,-3.961125612258911133e+00
5.395045542716979980e+01,-2.473395919799804688e+01,-5.464807152748107910e-01,4.725405216217041016e+00,-4.122308349609375000e+01,-1.684739828109741211e+00,-5.487034320831298828e+00
5.397053265571594238e+01,-2.523314285278320312e+01,-5.119900107383728027e-01,4.200148105621337891e+00,-3.980449676513671875e+01,-1.327016592025756836e+00,-7.403436660766601562e+00
5.399091887474060059e+01,-2.438431358337402344e+01,-3.601370453834533691e-01,6.737267494201660156e+00,-3.829807662963867188e+01,-2.400977373123168945e+00,-6.941819190979003906e+00
5.401079320907592773e+01,-2.316850471496582031e+01,-1.164450168609619141e+00,6.608748912811279297e+00,-4.065861892700195312e+01,-8.161908984184265137e-01,-5.331050872802734375e+00
5.403094077110290527e+01,-2.428016090393066406e+01,-2.138021588325500488e-01,5.749458312988281250e+00,-3.950143051147460938e+01,-1.019523620605468750e+00,-8.321250915527343750e+00
5.405098509788513184e+01,-2.504395675659179688e+01,-5.126864314079284668e-01,4.712624549865722656e+00,-3.911386871337890625e+01,-8.405224680900573730e-01,-3.114560127258300781e+00
5.407147955894470215e+01,-2.277440643310546875e+01,-1.107218027114868164e+00,6.081618785858154297e+00,-3.839263534545898438e+01,-9.115852117538452148e-01,-6.540473461151123047e+00
5.409172534942626953e+01,-2.394277572631835938e+01,-2.253378480672836304e-01,5.489408493041992188e+00,-3.968232727050781250e+01,-2.359070479869842529e-01,-5.439869403839111328e+00
5.411186289787292480e+01,-2.455739021301269531e+01,4.298993051052093506e-01,5.183829307556152344e+00,-3.726609039306640625e+01,-1.509102582931518555e+00,-7.077599525451660156e+00
5.413201022148132324e+01,-2.271326828002929688e+01,-1.109272480010986328e+00,5.113638877868652344e+00,-3.918308639526367188e+01,2.438210994005203247e-01,-5.294842243194580078e+00
5.415220522880554199e+01,-2.328415298461914062e+01,1.647217273712158203e-01,5.829637527465820312e+00,-3.924173355102539062e+01,2.485180348157882690e-01,-6.395758628845214844e+00
5.417269778251647949e+01,-2.414597511291503906e+01,5.834303498268127441e-01,4.723859786987304688e+00,-3.787553405761718750e+01,3.881595134735107422e-01,-7.829208850860595703e+00
5.419237709045410156e+01,-2.465752220153808594e+01,3.001442551612854004e-01,5.018252849578857422e+00,-3.716994476318359375e+01,1.691593974828720093e-01,-3.727274417877197266e+00
5.421247243881225586e+01,-2.263491439819335938e+01,-3.658877611160278320e-01,5.302742481231689453e+00,-3.784910964965820312e+01,1.707509875297546387e+00,-4.461364269256591797e+00
5.423252463340759277e+01,-2.415907859802246094e+01,9.382410645484924316e-01,5.635156154632568359e+00,-3.569154739379882812e+01,-1.601552367210388184e-01,-7.055084228515625000e+00
5.425265264511108398e+01,-2.433664321899414062e+01,7.778702378273010254e-01,5.534734725952148438e+00,-3.742716979980468750e+01,1.324043750762939453e+00,-3.349643707275390625e+00
5.427244377136230469e+01,-2.440796470642089844e+01,1.092894911766052246e+00,4.240414142608642578e+00,-3.669907379150390625e+01,1.738075137138366699e+00,-7.886149406433105469e+00
5.429251813888549805e+01,-2.412500572204589844e+01,5.138952136039733887e-01,5.773788452148437500e+00,-3.662519454956054688e+01,1.119623422622680664e+00,-3.809516191482543945e+00
5.431262683868408203e+01,-2.364561080932617188e+01,9.846748113632202148e-01,5.489977836608886719e+00,-3.757946777343750000e+01,2.058337926864624023e+00,-5.260605335235595703e+00
5.433275651931762695e+01,-2.219697570800781250e+01,-1.426877081394195557e-01,5.147768974304199219e+00,-3.686053848266601562e+01,2.183278083801269531e+00,-7.889441490173339844e+00
5.435376453399658203e+01,-2.368182182312011719e+01,4.378207772970199585e-02,5.692836284637451172e+00,-3.686906433105468750e+01,7.041699290275573730e-01,-3.940467834472656250e+00
5.437297010421752930e+01,-2.340671920776367188e+01,8.497737050056457520e-01,5.358310222625732422e+00,-3.786384201049804688e+01,1.363971829414367676e+00,-5.779335975646972656e+00
5.439355444908142090e+01,-2.409639358520507812e+01,1.116622447967529297e+00,4.076288700103759766e+00,-3.638550186157226562e+01,1.708522081375122070e+00,-7.887141704559326172e+00
5.441391563415527344e+01,-2.316170120239257812e+01,5.124781727790832520e-01,3.704849481582641602e+00,-3.633937835693359375e+01,1.109889864921569824e+00,-3.734391689300537109e+00
5.443430280685424805e+01,-2.206016159057617188e+01,-3.213914856314659119e-02,6.222019672393798828e+00,-3.786056137084960938e+01,1.536708116531372070e+00,-5.236909866333007812e+00
5.445437002182006836e+01,-2.328714179992675781e+01,8.116796612739562988e-01,5.741912841796875000e+00,-3.741180038452148438e+01,1.210329294204711914e+00,-7.551359653472900391e+00
5.447470593452453613e+01,-2.439286422729492188e+01,1.208481192588806152e+00,5.653363227844238281e+00,-3.571905136108398438e+01,-2.317394614219665527e-01,-6.752674579620361328e+00
5.449453330039978027e+01,-2.440723609924316406e+01,6.759260892868041992e-01,4.435325622558593750e+00,-3.700205993652343750e+01,1.299489736557006836e+00,-4.169070720672607422e+00
5.451463198661804199e+01,-2.267589759826660156e+01,-6.297618150711059570e-02,5.394699096679687500e+00,-3.632789611816406250e+01,1.598189115524291992e+00,-7.811108112335205078e+00
5.453489089012145996e+01,-2.380321121215820312e+01,4.050848633050918579e-02,5.412296295166015625e+00,-3.663401412963867188e+01,6.065222024917602539e-01,-3.158988952636718750e+00
5.455486869812011719e+01,-2.327949714660644531e+01,7.655875086784362793e-01,5.352098464965820312e+00,-3.671879577636718750e+01,9.259762167930603027e-01,-7.258652210235595703e+00
5.457498764991760254e+01,-2.428249168395996094e+01,9.487832784652709961e-01,4.569825649261474609e+00,-3.524850082397460938e+01,-2.102549374103546143e-01,-6.608304023742675781e+00
5.459507775306701660e+01,-2.248510932922363281e+01,-8.215919733047485352e-01,5.692997455596923828e+00,-3.693769454956054688e+01,3.682896792888641357e-01,-3.842167377471923828e+00
5.461523914337158203e+01,-2.289405441284179688e+01,1.993552446365356445e-01,5.618927478790283203e+00,-3.764671325683593750e+01,6.791185736656188965e-01,-6.181968212127685547e+00
5.463551068305969238e+01,-2.380683135986328125e+01,7.229762673377990723e-01,5.529333591461181641e+00,-3.600466156005859375e+01,-9.439969658851623535e-01,-6.835185527801513672e+00
5.465556669235229492e+01,-2.404909706115722656e+01,1.539248079061508179e-01,4.237083435058593750e+00,-3.740619277954101562e+01,5.886946320533752441e-01,-3.133529186248779297e+00
5.467563056945800781e+01,-2.153791809082031250e+01,-1.236302495002746582e+00,5.607635498046875000e+00,-3.722352600097656250e+01,5.656085014343261719e-01,-7.923130035400390625e+00
5.469755196571350098e+01,-2.288817787170410156e+01,-1.287838220596313477e+00,5.326626777648925781e+00,-3.732087326049804688e+01,-1.956260561943054199e+00,-6.541318893432617188e+00
5.471580433845520020e+01,-2.293739318847656250e+01,-9.267804622650146484e-01,5.299173355102539062e+00,-3.842075729370117188e+01,-9.127510190010070801e-01,-3.244518280029296875e+00
5.473599648475646973e+01,-2.313230514526367188e+01,-1.138533130288124084e-01,4.992558479309082031e+00,-3.693099594116210938e+01,-2.152863264083862305e+00,-6.658302307128906250e+00
5.475623083114624023e+01,-2.200881195068359375e+01,-1.398422837257385254e+00,6.309980392456054688e+00,-3.957630538940429688e+01,-1.044196367263793945e+00,-4.345748901367187500e+00
5.477645134925842285e+01,-2.365384483337402344e+01,-5.989512205123901367e-01,5.578039646148681641e+00,-3.758943939208984375e+01,-2.962240457534790039e+00,-7.164929866790771484e+00
5.479643702507019043e+01,-2.409818077087402344e+01,-1.571865797042846680e+00,3.871742486953735352e+00,-3.958782577514648438e+01,-2.280433416366577148e+00,-4.389142513275146484e+00
5.481644630432128906e+01,-2.236304664611816406e+01,-2.310401678085327148e+00,5.349780082702636719e+00,-3.899940872192382812e+01,-2.336604595184326172e+00,-7.954270362854003906e+00
5.483662581443786621e+01,-2.342768669128417969e+01,-2.301890850067138672e+00,5.408493041992187500e+00,-3.982455444335937500e+01,-3.399778842926025391e+00,-3.581507444381713867e+00
5.485675215721130371e+01,-2.332711219787597656e+01,-1.987612247467041016e+00,4.399139881134033203e+00,-3.983208847045898438e+01,-3.457292556762695312e+00,-7.332762718200683594e+00
5.487686038017272949e+01,-2.189690589904785156e+01,-3.519839286804199219e+00,5.442256927490234375e+00,-4.055437088012695312e+01,-4.197197914123535156e+00,-4.639112949371337891e+00
5.489706206321716309e+01,-2.293406295776367188e+01,-2.487771987915039062e+00,6.265427589416503906e+00,-4.072615814208984375e+01,-4.117513179779052734e+00,-7.498237609863281250e+00
5.491719126701354980e+01,-2.448020553588867188e+01,-2.942831993103027344e+00,4.228240489959716797e+00,-4.126490783691406250e+01,-4.556505680084228516e+00,-3.504483938217163086e+00
5.493734121322631836e+01,-2.370871353149414062e+01,-2.873692274093627930e+00,6.401160717010498047e+00,-4.026768875122070312e+01,-5.560113906860351562e+00,-7.358825683593750000e+00
5.495736861228942871e+01,-2.350339508056640625e+01,-3.906159877777099609e+00,5.391125202178955078e+00,-4.217872238159179688e+01,-5.919190883636474609e+00,-6.545447349548339844e+00
5.497761774063110352e+01,-2.404781150817871094e+01,-3.507771253585815430e+00,5.290108680725097656e+00,-4.248606109619140625e+01,-6.342988967895507812e+00,-4.847002029418945312e+00
5.499767756462097168e+01,-2.246392631530761719e+01,-4.286885738372802734e+00,4.964459419250488281e+00,-4.177938079833984375e+01,-7.156466007232666016e+00,-6.719476699829101562e+00
5.501858639717102051e+01,-2.412477684020996094e+01,-4.214633464813232422e+00,5.719174861907958984e+00,-4.330522918701171875e+01,-6.850416660308837891e+00,-6.266685485839843750e+00
5.503864884376525879e+01,-2.518625640869140625e+01,-4.147236347198486328e+00,4.279615402221679688e+00,-4.335805892944335938e+01,-7.030809402465820312e+00,-4.834408283233642578e+00
5.505910825729370117e+01,-2.341806411743164062e+01,-5.296783447265625000e+00,5.883616447448730469e+00,-4.348839950561523438e+01,-7.370002269744873047e+00,-7.715368747711181641e+00
5.507902717590332031e+01,-2.444314575195312500e+01,-5.220240116119384766e+00,5.644992351531982422e+00,-4.398830795288085938e+01,-7.850266933441162109e+00,-3.487001657485961914e+00
5.509977269172668457e+01,-2.425133132934570312e+01,-4.727067947387695312e+00,2.229083538055419922e+00,-4.325482177734375000e+01,-8.403670310974121094e+00,-7.056906700134277344e+00
5.511998748779296875e+01,-2.430515098571777344e+01,-5.632761478424072266e+00,7.018995285034179688e+00,-4.325917053222656250e+01,-9.379748344421386719e+00,-7.589785099029541016e+00
5.514018654823303223e+01,-2.545427322387695312e+01,-5.532690525054931641e+00,4.851490497589111328e+00,-4.477318954467773438e+01,-8.433795928955078125e+00,-6.232371807098388672e+00
5.516039609909057617e+01,-2.519732666015625000e+01,-5.866647243499755859e+00,5.689408302307128906e+00,-4.540029525756835938e+01,-8.744286537170410156e+00,-4.700613021850585938e+00
5.517956566810607910e+01,-2.478679656982421875e+01,-5.906507492065429688e+00,5.634504318237304688e+00,-4.461647415161132812e+01,-1.028191089630126953e+01,-7.226711750030517578e+00
5.520033240318298340e+01,-2.547075462341308594e+01,-6.081902980804443359e+00,5.548874855041503906e+00,-4.612315368652343750e+01,-9.860781669616699219e+00,-7.021547317504882812e+00
5.522019648551940918e+01,-2.495828437805175781e+01,-6.403805255889892578e+00,6.930386543273925781e+00,-4.583939743041992188e+01,-1.054381847381591797e+01,-6.869851112365722656e+00
5.524007463455200195e+01,-2.563046073913574219e+01,-6.080643177032470703e+00,5.799601554870605469e+00,-4.641304397583007812e+01,-9.727797508239746094e+00,-5.579788208007812500e+00
5.526007461547851562e+01,-2.641941642761230469e+01,-6.179962158203125000e+00,4.432813644409179688e+00,-4.620385360717773438e+01,-9.766057968139648438e+00,-7.101146221160888672e+00
5.528028082847595215e+01,-2.500896453857421875e+01,-7.033410072326660156e+00,5.741943359375000000e+00,-4.615426254272460938e+01,-1.024906349182128906e+01,-6.926614761352539062e+00
5.530035996437072754e+01,-2.619262504577636719e+01,-6.173657417297363281e+00,6.026123046875000000e+00,-4.627475357055664062e+01,-9.797410011291503906e+00,-7.972243309020996094e+00
5.532064604759216309e+01,-2.524966812133789062e+01,-7.475251197814941406e+00,3.474056720733642578e+00,-4.703916931152343750e+01,-9.955367088317871094e+00,-7.197576999664306641e+00
5.534059858322143555e+01,-2.603153991699218750e+01,-6.546602725982666016e+00,6.769645214080810547e+00,-4.705934906005859375e+01,-1.000942325592041016e+01,-7.505295753479003906e+00
5.536141514778137207e+01,-2.685286712646484375e+01,-6.611468315124511719e+00,2.527256488800048828e+00,-4.656937408447265625e+01,-1.002391147613525391e+01,-5.418609142303466797e+00
5.538152098655700684e+01,-2.663374519348144531e+01,-6.775036334991455078e+00,7.153904914855957031e+00,-4.576311111450195312e+01,-1.065427494049072266e+01,-8.025377273559570312e+00
5.540124344825744629e+01,-2.829881286621093750e+01,-6.143205642700195312e+00,4.950300216674804688e+00,-4.653281021118164062e+01,-1.031324863433837891e+01,-6.711202144622802734e+00
5.542142224311828613e+01,-2.651112937927246094e+01,-6.480749130249023438e+00,6.865822315216064453e+00,-4.679205322265625000e+01,-9.255518913269042969e+00,-7.930039882659912109e+00
5.544183659553527832e+01,-2.834558296203613281e+01,-6.183837413787841797e+00,5.181033134460449219e+00,-4.707118225097656250e+01,-9.757710456848144531e+00,-7.298799514770507812e+00
5.546177291870117188e+01,-2.654761314392089844e+01,-6.634231090545654297e+00,5.878506660461425781e+00,-4.608422088623046875e+01,-9.938600540161132812e+00,-6.422854900360107422e+00
5.548154497146606445e+01,-2.712923622131347656e+01,-6.351743221282958984e+00,7.254801750183105469e+00,-4.584051132202148438e+01,-9.754511833190917969e+00,-8.362367630004882812e+00
5.550157427787780762e+01,-2.852930450439453125e+01,-5.971119403839111328e+00,6.256377220153808594e+00,-4.520867538452148438e+01,-1.037845230102539062e+01,-7.709326744079589844e+00
5.552211403846740723e+01,-2.934124755859375000e+01,-6.046777725219726562e+00,4.326594352722167969e+00,-4.566566085815429688e+01,-8.828910827636718750e+00,-5.455193042755126953e+00
5.554183864593505859e+01,-2.766926765441894531e+01,-6.668578147888183594e+00,5.897564411163330078e+00,-4.530624389648437500e+01,-8.923202514648437500e+00,-8.493106842041015625e+00
5.556198573112487793e+01,-2.841571807861328125e+01,-5.885222911834716797e+00,6.187973022460937500e+00,-4.557540512084960938e+01,-8.730814933776855469e+00,-2.868959426879882812e+00
5.558217692375183105e+01,-2.799799728393554688e+01,-5.271552562713623047e+00,3.518937110900878906e+00,-4.542797470092773438e+01,-9.515991210937500000e+00,-7.360857963562011719e+00
5.560225391387939453e+01,-2.697877120971679688e+01,-6.011325359344482422e+00,7.514811038970947266e+00,-4.674491119384765625e+01,-8.447861671447753906e+00,-6.561891078948974609e+00
5.562243270874023438e+01,-2.839443778991699219e+01,-5.622499465942382812e+00,4.598877429962158203e+00,-4.707671356201171875e+01,-8.457677841186523438e+00,-5.438312530517578125e+00
5.564262914657592773e+01,-2.676351737976074219e+01,-6.369939804077148438e+00,5.483604431152343750e+00,-4.570126724243164062e+01,-9.335954666137695312e+00,-7.408988952636718750e+00
5.566273283958435059e+01,-2.786357879638671875e+01,-5.555627346038818359e+00,5.963156700134277344e+00,-4.634534072875976562e+01,-8.430701255798339844e+00,-6.454880714416503906e+00
5.568378019332885742e+01,-2.688055038452148438e+01,-6.283693313598632812e+00,5.066145896911621094e+00,-4.690988540649414062e+01,-8.087730407714843750e+00,-5.373827457427978516e+00
5.570424413681030273e+01,-2.780725669860839844e+01,-4.663657188415527344e+00,6.015766143798828125e+00,-4.540005493164062500e+01,-8.542324066162109375e+00,-8.039159774780273438e+00
5.572393822669982910e+01,-2.626758003234863281e+01,-5.879190444946289062e+00,3.681079626083374023e+00,-4.647837066650390625e+01,-7.465419769287109375e+00,-6.982572078704833984e+00
5.574356508255004883e+01,-2.680851173400878906e+01,-5.074626922607421875e+00,7.163991451263427734e+00,-4.642836761474609375e+01,-7.732518196105957031e+00,-5.037134647369384766e+00
5.576385784149169922e+01,-2.814406776428222656e+01,-4.136065959930419922e+00,4.949772834777832031e+00,-4.611682510375976562e+01,-7.169869422912597656e+00,-8.102703094482421875e+00
5.578422355651855469e+01,-2.720484733581542969e+01,-4.764370441436767578e+00,6.744644165039062500e+00,-4.662048339843750000e+01,-6.920507907867431641e+00,-5.432588100433349609e+00
5.580401134490966797e+01,-2.835062599182128906e+01,-3.649960756301879883e+00,5.752427577972412109e+00,-4.477447891235351562e+01,-7.834367752075195312e+00,-7.541120529174804688e+00
5.582408761978149414e+01,-2.679918289184570312e+01,-4.786291599273681641e+00,5.406620979309082031e+00,-4.638467407226562500e+01,-6.551957607269287109e+00,-5.927443981170654297e+00
5.584451317787170410e+01,-2.790801620483398438e+01,-3.421978712081909180e+00,6.456521987915039062e+00,-4.499459457397460938e+01,-7.016789913177490234e+00,-7.221025943756103516e+00
5.586444115638732910e+01,-2.858065986633300781e+01,-3.279647111892700195e+00,4.155092716217041016e+00,-4.546292495727539062e+01,-5.697476387023925781e+00,-6.281566143035888672e+00
5.588478350639343262e+01,-2.711301040649414062e+01,-3.791158914566040039e+00,6.361767292022705078e+00,-4.397331237792968750e+01,-6.101073265075683594e+00,-6.978355407714843750e+00
5.590482091903686523e+01,-2.772336387634277344e+01,-3.081608295440673828e+00,5.828457355499267578e+00,-4.358272171020507812e+01,-5.293270111083984375e+00,-7.137093544006347656e+00
5.592507576942443848e+01,-2.583931541442871094e+01,-4.227320194244384766e+00,3.608480215072631836e+00,-4.433164596557617188e+01,-4.801573276519775391e+00,-5.271390914916992188e+00
5.594533514976501465e+01,-2.684394264221191406e+01,-2.755916118621826172e+00,6.724475383758544922e+00,-4.371765899658203125e+01,-5.596781253814697266e+00,-6.752285003662109375e+00
5.596529769897460938e+01,-2.798120307922363281e+01,-2.502283573150634766e+00,4.810570240020751953e+00,-4.367276000976562500e+01,-4.408966541290283203e+00,-6.387146949768066406e+00
5.598541855812072754e+01,-2.690638542175292969e+01,-2.586959362030029297e+00,6.771333217620849609e+00,-4.354015350341796875e+01,-4.346006870269775391e+00,-7.390841007232666016e+00
5.600557804107666016e+01,-2.752727890014648438e+01,-2.198273420333862305e+00,6.170931816101074219e+00,-4.417915725708007812e+01,-3.939611196517944336e+00,-6.207419872283935547e+00
5.602575206756591797e+01,-2.850792503356933594e+01,-2.059195041656494141e+00,4.379999160766601562e+00,-4.247885131835937500e+01,-4.717440605163574219e+00,-6.966157436370849609e+00
5.604595327377319336e+01,-2.595121574401855469e+01,-3.811192512512207031e+00,5.971489429473876953e+00,-4.260031890869140625e+01,-3.707895278930664062e+00,-6.303741455078125000e+00
5.606597900390625000e+01,-2.742488861083984375e+01,-2.207617759704589844e+00,5.811651229858398438e+00,-4.189665603637695312e+01,-3.968718290328979492e+00,-5.763142585754394531e+00
5.608621501922607422e+01,-2.724404525756835938e+01,-2.029216289520263672e+00,5.145523548126220703e+00,-4.266887283325195312e+01,-3.774887800216674805e+00,-7.121298313140869141e+00
5.610611677169799805e+01,-2.720558547973632812e+01,-2.122406959533691406e+00,6.805823326110839844e+00,-4.163156509399414062e+01,-3.309747934341430664e+00,-3.769395828247070312e+00
5.612634897232055664e+01,-2.610743904113769531e+01,-2.369288206100463867e+00,6.710508346557617188e+00,-4.096436691284179688e+01,-4.487493515014648438e+00,-7.043981075286865234e+00
5.614649176597595215e+01,-2.718457603454589844e+01,-2.454411268234252930e+00,5.601829051971435547e+00,-4.292755889892578125e+01,-3.866784334182739258e+00,-4.727568149566650391e+00
5.616651844978332520e+01,-2.776121902465820312e+01,-1.991553783416748047e+00,4.162201404571533203e+00,-4.092992782592773438e+01,-4.884502410888671875e+00,-7.085068225860595703e+00
5.618667101860046387e+01,-2.607568740844726562e+01,-3.245330572128295898e+00,6.125615119934082031e+00,-4.194541931152343750e+01,-3.650618076324462891e+00,-5.324491500854492188e+00
5.620672702789306641e+01,-2.716983032226562500e+01,-1.959178805351257324e+00,5.805378437042236328e+00,-4.186755752563476562e+01,-4.136065006256103516e+00,-7.263535976409912109e+00
5.622685956954956055e+01,-2.639290809631347656e+01,-2.057899951934814453e+00,2.351661682128906250e+00,-4.235657501220703125e+01,-3.432356357574462891e+00,-6.960921764373779297e+00
5.624718880653381348e+01,-2.607027435302734375e+01,-2.606285095214843750e+00,7.171484470367431641e+00,-4.202354049682617188e+01,-3.653098106384277344e+00,-3.762091636657714844e+00
5.626722621917724609e+01,-2.687786102294921875e+01,-1.993378400802612305e+00,5.874858379364013672e+00,-4.215724563598632812e+01,-3.716359853744506836e+00,-7.686424732208251953e+00
5.628728675842285156e+01,-2.703047561645507812e+01,-1.968454241752624512e+00,2.360833644866943359e+00,-4.216601181030273438e+01,-3.687588453292846680e+00,-5.066832542419433594e+00
5.630731058120727539e+01,-2.578215026855468750e+01,-2.650996923446655273e+00,7.027793407440185547e+00,-4.214020156860351562e+01,-3.692385435104370117e+00,-7.572511196136474609e+00
5.632750511169433594e+01,-2.712836265563964844e+01,-2.662450790405273438e+00,5.998804092407226562e+00,-4.236185073852539062e+01,-4.677260398864746094e+00,-5.017491340637207031e+00
5.634764170646667480e+01,-2.676103019714355469e+01,-2.332791805267333984e+00,2.193686723709106445e+00,-4.101867675781250000e+01,-5.238395690917968750e+00,-6.744377613067626953e+00
5.636774897575378418e+01,-2.597202491760253906e+01,-3.541756868362426758e+00,7.151074409484863281e+00,-4.321867752075195312e+01,-4.803302764892578125e+00,-5.436591148376464844e+00
5.638779473304748535e+01,-2.716792297363281250e+01,-2.867540359497070312e+00,5.471111297607421875e+00,-4.178320693969726562e+01,-6.302461147308349609e+00,-7.178805351257324219e+00
5.640879225730895996e+01,-2.673131942749023438e+01,-3.422931194305419922e+00,2.721683740615844727e+00,-4.304615020751953125e+01,-5.660354614257812500e+00,-4.900615215301513672e+00
5.642906117439270020e+01,-2.604784393310546875e+01,-3.578212738037109375e+00,6.962998867034912109e+00,-4.222093200683593750e+01,-6.129200458526611328e+00,-6.224321842193603516e+00
5.644857907295227051e+01,-2.699283409118652344e+01,-3.631627798080444336e+00,5.208542346954345703e+00,-4.406114578247070312e+01,-5.748035907745361328e+00,-5.380804061889648438e+00
5.646873092651367188e+01,-2.717930793762207031e+01,-3.607710123062133789e+00,4.952731132507324219e+00,-4.306008529663085938e+01,-6.052274227142333984e+00,-8.122581481933593750e+00
5.648883461952209473e+01,-2.620471763610839844e+01,-4.803994178771972656e+00,6.245842456817626953e+00,-4.315606689453125000e+01,-6.975527286529541016e+00,-5.551995754241943359e+00
5.650944709777832031e+01,-2.652288436889648438e+01,-4.345697402954101562e+00,5.875524997711181641e+00,-4.383370208740234375e+01,-6.934362888336181641e+00,-6.979133129119873047e+00
5.652965021133422852e+01,-2.731430244445800781e+01,-4.120663642883300781e+00,5.379582405090332031e+00,-4.278788757324218750e+01,-7.961770057678222656e+00,-6.994617938995361328e+00
5.654987120628356934e+01,-2.748996543884277344e+01,-4.209773063659667969e+00,4.756921768188476562e+00,-4.365767288208007812e+01,-7.585001468658447266e+00,-6.754317760467529297e+00
5.656985616683959961e+01,-2.599176597595214844e+01,-5.258172035217285156e+00,6.740929126739501953e+00,-4.346791076660156250e+01,-8.202095031738281250e+00,-5.630756378173828125e+00
5.658994317054748535e+01,-2.731122207641601562e+01,-4.969536781311035156e+00,5.720825672149658203e+00,-4.472705841064453125e+01,-7.574798107147216797e+00,-6.366600513458251953e+00
5.661000370979309082e+01,-2.671521186828613281e+01,-5.413841724395751953e+00,6.415361881256103516e+00,-4.506854248046875000e+01,-7.558126926422119141e+00,-6.718041896820068359e+00
5.663013339042663574e+01,-2.814265441894531250e+01,-5.197377681732177734e+00,5.548598766326904297e+00,-4.572356414794921875e+01,-8.221957206726074219e+00,-5.010860443115234375e+00
5.665022397041320801e+01,-2.622610473632812500e+01,-6.545260906219482422e+00,3.505738735198974609e+00,-4.516900253295898438e+01,-9.377351760864257812e+00,-5.916004657745361328e+00
5.667036867141723633e+01,-2.692149734497070312e+01,-6.358479499816894531e+00,6.756136894226074219e+00,-4.724102020263671875e+01,-9.511195182800292969e+00,-6.816987991333007812e+00
5.669065046310424805e+01,-2.721213150024414062e+01,-6.482122421264648438e+00,2.345241308212280273e+00,-4.639510726928710938e+01,-9.813601493835449219e+00,-8.122869491577148438e+00
5.671085286140441895e+01,-2.614963340759277344e+01,-8.061850547790527344e+00,5.503390789031982422e+00,-4.637305831909179688e+01,-1.107440757751464844e+01,-6.914690971374511719e+00
5.673088049888610840e+01,-2.778197288513183594e+01,-7.063032627105712891e+00,6.098290920257568359e+00,-4.618583297729492188e+01,-1.138932704925537109e+01,-6.725286483764648438e+00
5.675104713439941406e+01,-2.738003730773925781e+01,-8.276654243469238281e+00,4.865191936492919922e+00,-4.794742965698242188e+01,-1.067169761657714844e+01,-6.860186100006103516e+00
5.677114367485046387e+01,-2.731461715698242188e+01,-8.040904998779296875e+00,6.777815818786621094e+00,-4.837565994262695312e+01,-1.108070850372314453e+01,-6.820150852203369141e+00
5.679132485389709473e+01,-2.845503044128417969e+01,-7.806705474853515625e+00,2.560771942138671875e+00,-4.773808288574218750e+01,-1.107643508911132812e+01,-4.989794731140136719e+00
5.681141352653503418e+01,-2.834734535217285156e+01,-8.284829139709472656e+00,7.230988502502441406e+00,-4.786421203613281250e+01,-1.141541099548339844e+01,-7.260856628417968750e+00
5.683166146278381348e+01,-2.957441711425781250e+01,-8.329877853393554688e+00,4.679358005523681641e+00,-4.815124130249023438e+01,-1.164586639404296875e+01,-7.648854255676269531e+00
5.685168337821960449e+01,-2.819602012634277344e+01,-9.320349693298339844e+00,7.041260719299316406e+00,-4.788037872314453125e+01,-1.174458312988281250e+01,-6.195864200592041016e+00
5.687179923057556152e+01,-2.897556304931640625e+01,-8.653952598571777344e+00,6.974470138549804688e+00,-4.710469055175781250e+01,-1.262050533294677734e+01,-7.276728153228759766e+00
5.689186310768127441e+01,-2.923018264770507812e+01,-9.188759803771972656e+00,3.322977542877197266e+00,-4.736883926391601562e+01,-1.284402275085449219e+01,-4.867731571197509766e+00
5.691211318969726562e+01,-2.815367507934570312e+01,-9.696505546569824219e+00,5.225544929504394531e+00,-4.899259948730468750e+01,-1.216483116149902344e+01,-4.777806282043457031e+00
5.693220543861389160e+01,-3.035158538818359375e+01,-8.725993156433105469e+00,5.458715915679931641e+00,-4.836301803588867188e+01,-1.283496379852294922e+01,-8.200713157653808594e+00
5.695247411727905273e+01,-2.945461654663085938e+01,-9.620662689208984375e+00,7.368278026580810547e+00,-4.958623886108398438e+01,-1.231091690063476562e+01,-5.115698814392089844e+00
5.697262668609619141e+01,-3.014894294738769531e+01,-9.190090179443359375e+00,2.652961492538452148e+00,-4.884026718139648438e+01,-1.363296699523925781e+01,-7.771273612976074219e+00
5.699279618263244629e+01,-2.983096694946289062e+01,-1.073035240173339844e+01,6.607120513916015625e+00,-4.943279266357421875e+01,-1.332260036468505859e+01,-4.986768245697021484e+00
5.701390457153320312e+01,-2.933737945556640625e+01,-9.748865127563476562e+00,7.441227436065673828e+00,-4.961312103271484375e+01,-1.269493293762207031e+01,-5.926024913787841797e+00
5.703364324569702148e+01,-3.011341667175292969e+01,-9.675804138183593750e+00,6.810065746307373047e+00,-4.961365890502929688e+01,-1.380109405517578125e+01,-8.003201484680175781e+00
5.705436038970947266e+01,-3.129465866088867188e+01,-1.006109714508056641e+01,5.750830650329589844e+00,-5.075592041015625000e+01,-1.335700321197509766e+01,-5.404873847961425781e+00
5.707377767562866211e+01,-2.968362045288085938e+01,-1.053661632537841797e+01,5.984158992767333984e+00,-5.013788604736328125e+01,-1.412524509429931641e+01,-7.210187911987304688e+00
5.709429597854614258e+01,-3.069253349304199219e+01,-1.006228256225585938e+01,3.450986862182617188e+00,-4.987411499023437500e+01,-1.431849098205566406e+01,-8.556715011596679688e+00
5.711428523063659668e+01,-3.109023857116699219e+01,-1.090941143035888672e+01,7.549564361572265625e+00,-5.000369262695312500e+01,-1.401208496093750000e+01,-5.663518428802490234e+00
5.713478946685791016e+01,-3.084155273437500000e+01,-1.138783264160156250e+01,3.978199005126953125e+00,-4.991371154785156250e+01,-1.389747810363769531e+01,-8.900770187377929688e+00
5.715462732315063477e+01,-3.237163543701171875e+01,-1.068376064300537109e+01,6.824431419372558594e+00,-4.996660995483398438e+01,-1.378858184814453125e+01,-6.524060726165771484e+00
5.717493057250976562e+01,-3.186066246032714844e+01,-1.132131958007812500e+01,6.943608760833740234e+00,-5.144697570800781250e+01,-1.338964366912841797e+01,-5.553764820098876953e+00
5.719494509696960449e+01,-3.127403831481933594e+01,-1.139527606964111328e+01,4.053633213043212891e+00,-5.068016815185546875e+01,-1.376110458374023438e+01,-9.326487541198730469e+00
5.721517658233642578e+01,-3.255933380126953125e+01,-1.094379329681396484e+01,6.769616127014160156e+00,-5.129866790771484375e+01,-1.362990856170654297e+01,-5.715632438659667969e+00
5.723518586158752441e+01,-3.240903472900390625e+01,-1.139804267883300781e+01,5.808465957641601562e+00,-5.055813980102539062e+01,-1.440858078002929688e+01,-7.463658809661865234e+00
5.725544095039367676e+01,-3.260950469970703125e+01,-1.104461956024169922e+01,3.392663717269897461e+00,-5.112340164184570312e+01,-1.377659416198730469e+01,-5.311219215393066406e+00
5.727555465698242188e+01,-3.222702026367187500e+01,-1.099175739288330078e+01,7.658132076263427734e+00,-5.058897399902343750e+01,-1.395741367340087891e+01,-8.838950157165527344e+00
5.729566431045532227e+01,-3.197613906860351562e+01,-1.188539314270019531e+01,3.525233745574951172e+00,-5.201721954345703125e+01,-1.346372985839843750e+01,-5.862784385681152344e+00
5.731578302383422852e+01,-3.256290435791015625e+01,-1.047836971282958984e+01,7.429324150085449219e+00,-5.102432632446289062e+01,-1.383449554443359375e+01,-8.957697868347167969e+00
5.733598399162292480e+01,-3.239248275756835938e+01,-1.098622703552246094e+01,6.020116329193115234e+00,-5.108995056152343750e+01,-1.317290019989013672e+01,-5.804188251495361328e+00
5.735601472854614258e+01,-3.241759109497070312e+01,-1.030135726928710938e+01,3.614908695220947266e+00,-5.242795944213867188e+01,-1.315132331848144531e+01,-5.532143115997314453e+00
5.737621974945068359e+01,-3.242367935180664062e+01,-1.008093833923339844e+01,7.593553066253662109e+00,-5.134298324584960938e+01,-1.347564697265625000e+01,-8.947752952575683594e+00
5.739625859260559082e+01,-3.211354446411132812e+01,-1.074963378906250000e+01,4.151983261108398438e+00,-5.207324981689453125e+01,-1.269337368011474609e+01,-5.568548202514648438e+00
5.741642165184020996e+01,-3.298136138916015625e+01,-9.436031341552734375e+00,7.099074840545654297e+00,-5.119238662719726562e+01,-1.307952976226806641e+01,-8.846101760864257812e+00
5.743661952018737793e+01,-3.291692733764648438e+01,-9.739379882812500000e+00,6.909040451049804688e+00,-5.120939636230468750e+01,-1.233326435089111328e+01,-6.911819934844970703e+00
5.745668101310729980e+01,-3.282770538330078125e+01,-9.476570129394531250e+00,3.223795413970947266e+00,-5.201781463623046875e+01,-1.231910419464111328e+01,-5.729550838470458984e+00
5.747679615020751953e+01,-3.251976013183593750e+01,-9.322328567504882812e+00,7.543104171752929688e+00,-5.024113464355468750e+01,-1.393037605285644531e+01,-7.350962162017822266e+00
5.749681329727172852e+01,-3.159284019470214844e+01,-1.001158332824707031e+01,3.708657979965209961e+00,-5.161511230468750000e+01,-1.200853443145751953e+01,-6.790830135345458984e+00
5.751704716682434082e+01,-3.190876007080078125e+01,-8.849327087402343750e+00,6.892540931701660156e+00,-5.074805831909179688e+01,-1.266015243530273438e+01,-7.742211341857910156e+00
5.753716993331909180e+01,-3.261818313598632812e+01,-8.339370727539062500e+00,7.202807426452636719e+00,-5.090599060058593750e+01,-1.207660770416259766e+01,-8.888125419616699219e+00
5.755726218223571777e+01,-3.290736389160156250e+01,-8.569716453552246094e+00,3.409261226654052734e+00,-5.104293441772460938e+01,-1.250016498565673828e+01,-7.594826698303222656e+00
5.757732558250427246e+01,-3.194183731079101562e+01,-8.680248260498046875e+00,7.425621509552001953e+00,-5.099472045898437500e+01,-1.169240379333496094e+01,-8.400706291198730469e+00
5.759743261337280273e+01,-3.298083496093750000e+01,-8.199836730957031250e+00,6.632502555847167969e+00,-5.030590820312500000e+01,-1.206551456451416016e+01,-8.373302459716796875e+00
5.761771702766418457e+01,-3.323426055908203125e+01,-8.146521568298339844e+00,3.087812662124633789e+00,-4.960654449462890625e+01,-1.231064605712890625e+01,-7.854143619537353516e+00
5.763780689239501953e+01,-3.194709587097167969e+01,-8.309369087219238281e+00,7.557370662689208984e+00,-5.086702346801757812e+01,-1.113042831420898438e+01,-7.521143913269042969e+00
5.765798950195312500e+01,-3.145949935913085938e+01,-8.666535377502441406e+00,3.978338003158569336e+00,-5.072024154663085938e+01,-1.099891853332519531e+01,-7.992025852203369141e+00
5.767868113517761230e+01,-3.201298522949218750e+01,-7.798104286193847656e+00,7.157053947448730469e+00,-5.099681091308593750e+01,-1.095137500762939453e+01,-7.928945541381835938e+00
5.769876694679260254e+01,-3.179960250854492188e+01,-8.393949508666992188e+00,5.324921607971191406e+00,-4.961261749267578125e+01,-1.065223217010498047e+01,-7.884148120880126953e+00
5.771873331069946289e+01,-3.279988861083984375e+01,-7.565495491027832031e+00,6.669496536254882812e+00,-4.949730682373046875e+01,-1.047225284576416016e+01,-7.022481441497802734e+00
5.773902368545532227e+01,-3.208128356933593750e+01,-8.050182342529296875e+00,5.582843303680419922e+00,-4.941593170166015625e+01,-9.984251022338867188e+00,-5.792129993438720703e+00
5.775958275794982910e+01,-3.203055572509765625e+01,-7.323260784149169922e+00,6.671594142913818359e+00,-4.968862915039062500e+01,-9.669528961181640625e+00,-7.071477413177490234e+00
5.777941823005676270e+01,-3.253275299072265625e+01,-6.899832248687744141e+00,7.184994220733642578e+00,-4.980002212524414062e+01,-1.045183086395263672e+01,-6.921911239624023438e+00
5.779967761039733887e+01,-3.297374725341796875e+01,-6.524879455566406250e+00,5.544157981872558594e+00,-5.067281723022460938e+01,-9.567887306213378906e+00,-5.747141361236572266e+00
5.781965661048889160e+01,-3.164677238464355469e+01,-7.234155178070068359e+00,5.554942131042480469e+00,-4.907144927978515625e+01,-1.047534370422363281e+01,-7.562856197357177734e+00
5.784002733230590820e+01,-3.212324905395507812e+01,-7.042135238647460938e+00,7.029972076416015625e+00,-5.030554199218750000e+01,-1.018279170989990234e+01,-7.459226608276367188e+00
5.786018443107604980e+01,-3.235998916625976562e+01,-6.304612159729003906e+00,6.147670269012451172e+00,-4.996888351440429688e+01,-9.270825386047363281e+00,-6.750689983367919922e+00
5.788029122352600098e+01,-3.125687980651855469e+01,-7.322689533233642578e+00,5.662775516510009766e+00,-4.893980789184570312e+01,-9.833178520202636719e+00,-8.456154823303222656e+00
5.790056371688842773e+01,-3.219499206542968750e+01,-6.801866054534912109e+00,7.109445571899414062e+00,-4.849175643920898438e+01,-1.009951972961425781e+01,-5.097010135650634766e+00
5.792065978050231934e+01,-3.076985740661621094e+01,-7.457806587219238281e+00,3.402525663375854492e+00,-4.866853332519531250e+01,-9.937305450439453125e+00,-7.652014255523681641e+00
5.794079136848449707e+01,-3.107197761535644531e+01,-6.841601848602294922e+00,7.007413387298583984e+00,-5.063076782226562500e+01,-9.863276481628417969e+00,-7.083620548248291016e+00
5.796092772483825684e+01,-3.100255966186523438e+01,-6.485642433166503906e+00,3.236407518386840820e+00,-4.958997344970703125e+01,-9.728348731994628906e+00,-8.459523200988769531e+00
5.798096418380737305e+01,-3.078678321838378906e+01,-7.414772510528564453e+00,7.234106063842773438e+00,-4.986753082275390625e+01,-1.004498004913330078e+01,-5.558488368988037109e+00
5.800117683410644531e+01,-3.236839675903320312e+01,-6.731483459472656250e+00,4.849927425384521484e+00,-4.915004348754882812e+01,-1.020226669311523438e+01,-7.612987518310546875e+00
5.802129197120666504e+01,-3.041577911376953125e+01,-7.546790599822998047e+00,7.061083316802978516e+00,-5.025697326660156250e+01,-9.934504508972167969e+00,-6.822973251342773438e+00
5.804205846786499023e+01,-3.187429237365722656e+01,-6.975069522857666016e+00,5.446122646331787109e+00,-4.917820358276367188e+01,-1.001058101654052734e+01,-5.173099040985107422e+00
5.806182575225830078e+01,-3.042410469055175781e+01,-7.354381084442138672e+00,6.948334693908691406e+00,-4.936126708984375000e+01,-1.064588165283203125e+01,-6.888860702514648438e+00
5.808156585693359375e+01,-3.125654029846191406e+01,-7.205840587615966797e+00,6.290562629699707031e+00,-4.947729492187500000e+01,-1.038098239898681641e+01,-6.472438335418701172e+00
5.810178399085998535e+01,-3.149271202087402344e+01,-7.030058383941650391e+00,2.872880697250366211e+00,-4.823553085327148438e+01,-1.105543708801269531e+01,-7.238542079925537109e+00
5.812192678451538086e+01,-3.061497879028320312e+01,-8.484910011291503906e+00,5.490997314453125000e+00,-4.836492538452148438e+01,-1.102634811401367188e+01,-8.499970436096191406e+00
5.814203953742980957e+01,-3.151303482055664062e+01,-7.882411479949951172e+00,7.110191822052001953e+00,-4.852671432495117188e+01,-1.097201156616210938e+01,-5.506949901580810547e+00
5.816263508796691895e+01,-3.043424606323242188e+01,-8.759817123413085938e+00,3.451314449310302734e+00,-4.893046951293945312e+01,-1.169500923156738281e+01,-7.106510162353515625e+00
5.818518924713134766e+01,-3.112722015380859375e+01,-8.325895309448242188e+00,7.033565521240234375e+00,-4.983105468750000000e+01,-1.129714012145996094e+01,-6.976404666900634766e+00
5.820387506484985352e+01,-3.116105842590332031e+01,-8.704036712646484375e+00,5.252036571502685547e+00,-4.931010437011718750e+01,-1.141978645324707031e+01,-8.782198905944824219e+00
5.822378778457641602e+01,-3.271841430664062500e+01,-8.548368453979492188e+00,6.046081542968750000e+00,-4.936137771606445312e+01,-1.142139720916748047e+01,-3.012809038162231445e+00
5.824377393722534180e+01,-3.134893035888671875e+01,-8.780945777893066406e+00,6.700595378875732422e+00,-4.982878112792968750e+01,-1.215733528137207031e+01,-7.916143417358398438e+00
5.826378202438354492e+01,-3.214023590087890625e+01,-8.901817321777343750e+00,5.571031093597412109e+00,-5.101282882690429688e+01,-1.229247856140136719e+01,-7.976035118103027344e+00
5.828452897071838379e+01,-3.136062049865722656e+01,-9.655036926269531250e+00,6.773151874542236328e+00,-5.064338684082031250e+01,-1.251643943786621094e+01,-7.761224746704101562e+00
5.830465340614318848e+01,-3.245444488525390625e+01,-9.612333297729492188e+00,5.548543453216552734e+00,-5.012506484985351562e+01,-1.368299484252929688e+01,-7.428163051605224609e+00
5.832459115982055664e+01,-3.136009025573730469e+01,-1.022586822509765625e+01,6.512276172637939453e+00,-4.999263381958007812e+01,-1.338283634185791016e+01,-7.717748641967773438e+00
5.834451818466186523e+01,-3.174563598632812500e+01,-1.044180583953857422e+01,6.536689281463623047e+00,-5.138354873657226562e+01,-1.320523071289062500e+01,-8.028447151184082031e+00
5.836472320556640625e+01,-3.231176757812500000e+01,-1.066816520690917969e+01,2.798813104629516602e+00,-5.084225845336914062e+01,-1.352635955810546875e+01,-6.511018276214599609e+00
5.838480234146118164e+01,-3.192544555664062500e+01,-1.126577281951904297e+01,7.523539543151855469e+00,-5.026519012451171875e+01,-1.502238273620605469e+01,-7.937665462493896484e+00
5.840531492233276367e+01,-3.296710205078125000e+01,-1.105683326721191406e+01,6.306881904602050781e+00,-5.145397949218750000e+01,-1.385906219482421875e+01,-5.340662956237792969e+00
5.842522406578063965e+01,-3.177200698852539062e+01,-1.213664817810058594e+01,4.286585330963134766e+00,-5.125360107421875000e+01,-1.488544940948486328e+01,-6.784512519836425781e+00
5.844506430625915527e+01,-3.221720886230468750e+01,-1.205907440185546875e+01,7.118676662445068359e+00,-5.129369735717773438e+01,-1.488958644866943359e+01,-8.848338127136230469e+00
5.846612143516540527e+01,-3.356990432739257812e+01,-1.176176929473876953e+01,6.744393825531005859e+00,-5.115988540649414062e+01,-1.547218990325927734e+01,-8.328091621398925781e+00
5.848533225059509277e+01,-3.337283325195312500e+01,-1.256880760192871094e+01,7.140262126922607422e+00,-5.231443023681640625e+01,-1.499489784240722656e+01,-6.110859870910644531e+00
5.850570416450500488e+01,-3.318925476074218750e+01,-1.218240451812744141e+01,3.051492214202880859e+00,-5.318131256103515625e+01,-1.509036445617675781e+01,-8.073997497558593750e+00
5.852586007118225098e+01,-3.308811187744140625e+01,-1.289872074127197266e+01,6.941450595855712891e+00,-5.211414337158203125e+01,-1.661129188537597656e+01,-7.467949390411376953e+00
5.854601263999938965e+01,-3.329471206665039062e+01,-1.257269001007080078e+01,6.938960552215576172e+00,-5.345803070068359375e+01,-1.579656410217285156e+01,-5.987483501434326172e+00
5.856613993644714355e+01,-3.222370147705078125e+01,-1.333664608001708984e+01,4.588931083679199219e+00,-5.386836242675781250e+01,-1.573006820678710938e+01,-7.832088947296142578e+00
5.858633947372436523e+01,-3.221035385131835938e+01,-1.359720039367675781e+01,6.836563110351562500e+00,-5.327652359008789062e+01,-1.674000358581542969e+01,-8.206898689270019531e+00
5.860624003410339355e+01,-3.366682434082031250e+01,-1.349376296997070312e+01,7.040961742401123047e+00,-5.375144577026367188e+01,-1.728665542602539062e+01,-7.631989955902099609e+00
5.862639927864074707e+01,-3.354831314086914062e+01,-1.390076923370361328e+01,3.405317544937133789e+00,-5.395985794067382812e+01,-1.620594024658203125e+01,-8.628507614135742188e+00
5.864643669128417969e+01,-3.449147415161132812e+01,-1.328434276580810547e+01,7.368617057800292969e+00,-5.351822662353515625e+01,-1.680628013610839844e+01,-9.075958251953125000e+00
5.866645622253417969e+01,-3.463307952880859375e+01,-1.381210041046142578e+01,7.291078567504882812e+00,-5.313960647583007812e+01,-1.742123794555664062e+01,-7.935794830322265625e+00
5.868633341789245605e+01,-3.502227783203125000e+01,-1.401704406738281250e+01,6.126677989959716797e+00,-5.392220687866210938e+01,-1.598164272308349609e+01,-6.066000938415527344e+00
5.870649075508117676e+01,-3.454250717163085938e+01,-1.435130214691162109e+01,3.752011775970458984e+00,-5.400638961791992188e+01,-1.691618347167968750e+01,-9.061276435852050781e+00
5.872662043571472168e+01,-3.554026031494140625e+01,-1.420029926300048828e+01,6.736696720123291016e+00,-5.393009567260742188e+01,-1.721557426452636719e+01,-9.132612228393554688e+00
5.874680471420288086e+01,-3.490047073364257812e+01,-1.480594635009765625e+01,6.491313934326171875e+00,-5.407591629028320312e+01,-1.648340606689453125e+01,-5.788969993591308594e+00
5.876672625541687012e+01,-3.546283721923828125e+01,-1.473107528686523438e+01,6.665657520294189453e+00,-5.399089431762695312e+01,-1.770069503784179688e+01,-8.451920509338378906e+00
5.878687644004821777e+01,-3.524240112304687500e+01,-1.529106044769287109e+01,3.845705032348632812e+00,-5.473934555053710938e+01,-1.763737869262695312e+01,-7.099937438964843750e+00
5.880693864822387695e+01,-3.527326965332031250e+01,-1.489577102661132812e+01,3.492168903350830078e+00,-5.591537857055664062e+01,-1.744324493408203125e+01,-7.908695220947265625e+00
5.882710528373718262e+01,-3.532292175292968750e+01,-1.487527084350585938e+01,8.038263320922851562e+00,-5.525280761718750000e+01,-1.795302391052246094e+01,-8.533193588256835938e+00
5.884731221199035645e+01,-3.547400283813476562e+01,-1.515071773529052734e+01,7.139076709747314453e+00,-5.615591049194335938e+01,-1.686953735351562500e+01,-5.419906616210937500e+00
5.886729168891906738e+01,-3.649117660522460938e+01,-1.421927833557128906e+01,6.502377033233642578e+00,-5.541512680053710938e+01,-1.765733718872070312e+01,-8.373097419738769531e+00
5.888753676414489746e+01,-3.636816787719726562e+01,-1.421762561798095703e+01,3.738366365432739258e+00,-5.503568649291992188e+01,-1.722854042053222656e+01,-9.508050918579101562e+00
5.890769386291503906e+01,-3.632115554809570312e+01,-1.482385921478271484e+01,7.473411083221435547e+00,-5.453298568725585938e+01,-1.803297233581542969e+01,-8.017152786254882812e+00
5.892772650718688965e+01,-3.558070755004882812e+01,-1.495053577423095703e+01,6.769037246704101562e+00,-5.599216842651367188e+01,-1.687007331848144531e+01,-6.226517200469970703e+00
5.894866394996643066e+01,-3.611725234985351562e+01,-1.390414905548095703e+01,3.722579479217529297e+00,-5.536029815673828125e+01,-1.717231941223144531e+01,-9.300178527832031250e+00
5.896867275238037109e+01,-3.551097106933593750e+01,-1.512316417694091797e+01,6.921421527862548828e+00,-5.514636230468750000e+01,-1.720310211181640625e+01,-9.507616043090820312e+00
5.898869609832763672e+01,-3.736390686035156250e+01,-1.452907276153564453e+01,6.246567249298095703e+00,-5.491202163696289062e+01,-1.763628005981445312e+01,-7.203906536102294922e+00
5.900874948501586914e+01,-3.625437927246093750e+01,-1.477500724792480469e+01,7.164788722991943359e+00,-5.629728698730468750e+01,-1.646501922607421875e+01,-5.834968090057373047e+00
5.902925276756286621e+01,-3.741717147827148438e+01,-1.389131927490234375e+01,5.587524890899658203e+00,-5.530158233642578125e+01,-1.773293113708496094e+01,-7.954340457916259766e+00
5.904957842826843262e+01,-3.706159973144531250e+01,-1.433793067932128906e+01,6.710611820220947266e+00,-5.521314239501953125e+01,-1.670807456970214844e+01,-9.806189537048339844e+00
5.906957292556762695e+01,-3.630992126464843750e+01,-1.477261829376220703e+01,4.615790367126464844e+00,-5.519473648071289062e+01,-1.655604934692382812e+01,-5.521320819854736328e+00
5.908959174156188965e+01,-3.605152130126953125e+01,-1.384017372131347656e+01,8.006305694580078125e+00,-5.552635955810546875e+01,-1.628017425537109375e+01,-8.939601898193359375e+00
5.911013484001159668e+01,-3.681697463989257812e+01,-1.389811038970947266e+01,6.436549186706542969e+00,-5.602738571166992188e+01,-1.639537048339843750e+01,-5.427022457122802734e+00
5.913054585456848145e+01,-3.566393661499023438e+01,-1.363589191436767578e+01,6.387973785400390625e+00,-5.570455551147460938e+01,-1.676318550109863281e+01,-8.356111526489257812e+00
5.915023517608642578e+01,-3.533881378173828125e+01,-1.383455371856689453e+01,6.590973854064941406e+00,-5.718240356445312500e+01,-1.614365959167480469e+01,-7.824108123779296875e+00
5.917050504684448242e+01,-3.507877349853515625e+01,-1.350056266784667969e+01,4.663161277770996094e+00,-5.613696670532226562e+01,-1.636060523986816406e+01,-8.814904212951660156e+00
5.919066548347473145e+01,-3.644979858398437500e+01,-1.265782737731933594e+01,7.377089500427246094e+00,-5.606637954711914062e+01,-1.607348060607910156e+01,-8.016820907592773438e+00
5.921074485778808594e+01,-3.658193969726562500e+01,-1.250168514251708984e+01,6.301830291748046875e+00,-5.593946456909179688e+01,-1.496476364135742188e+01,-7.040636062622070312e+00
5.923075342178344727e+01,-3.722555923461914062e+01,-1.189388942718505859e+01,6.396261692047119141e+00,-5.488262939453125000e+01,-1.638286972045898438e+01,-6.998647689819335938e+00
5.925093698501586914e+01,-3.554813385009765625e+01,-1.288411998748779297e+01,4.471213817596435547e+00,-5.603226089477539062e+01,-1.507988643646240234e+01,-5.786073207855224609e+00
5.927101159095764160e+01,-3.529202651977539062e+01,-1.201604461669921875e+01,7.419308185577392578e+00,-5.528359985351562500e+01,-1.479242706298828125e+01,-8.603210449218750000e+00
5.929111576080322266e+01,-3.533327102661132812e+01,-1.151832199096679688e+01,4.320093631744384766e+00,-5.456436538696289062e+01,-1.603690528869628906e+01,-7.628945827484130859e+00
5.931120252609252930e+01,-3.471630477905273438e+01,-1.234789180755615234e+01,6.441181182861328125e+00,-5.602800750732421875e+01,-1.554451751708984375e+01,-7.493371963500976562e+00
5.933151102066040039e+01,-3.496384811401367188e+01,-1.206341361999511719e+01,7.353102684020996094e+00,-5.594938659667968750e+01,-1.478638076782226562e+01,-5.346717834472656250e+00
5.935155034065246582e+01,-3.519598770141601562e+01,-1.077749443054199219e+01,4.173296451568603516e+00,-5.597895431518554688e+01,-1.409682559967041016e+01,-7.503940582275390625e+00
5.937165045738220215e+01,-3.524049377441406250e+01,-1.147143173217773438e+01,6.056314945220947266e+00,-5.490791702270507812e+01,-1.500100994110107422e+01,-8.044719696044921875e+00
5.939176273345947266e+01,-3.653909301757812500e+01,-1.128860664367675781e+01,6.226383209228515625e+00,-5.549867248535156250e+01,-1.497635650634765625e+01,-7.894570827484130859e+00
5.941178321838378906e+01,-3.521241378784179688e+01,-1.162156009674072266e+01,7.456462860107421875e+00,-5.514477157592773438e+01,-1.429662513732910156e+01,-8.177186965942382812e+00
5.943183517456054688e+01,-3.498913955688476562e+01,-1.169853115081787109e+01,4.427171230316162109e+00,-5.432526016235351562e+01,-1.476514148712158203e+01,-7.476135253906250000e+00
5.945191025733947754e+01,-3.539370346069335938e+01,-1.066926860809326172e+01,7.238298892974853516e+00,-5.406507492065429688e+01,-1.395264530181884766e+01,-8.520654678344726562e+00
5.947229266166687012e+01,-3.528526687622070312e+01,-1.121080398559570312e+01,5.952308177947998047e+00,-5.390979766845703125e+01,-1.449805831909179688e+01,-7.341802120208740234e+00
5.949229598045349121e+01,-3.532298660278320312e+01,-1.042791652679443359e+01,7.149374485015869141e+00,-5.493426513671875000e+01,-1.365151882171630859e+01,-6.522635459899902344e+00
5.951248335838317871e+01,-3.477231979370117188e+01,-1.107677936553955078e+01,4.146622180938720703e+00,-5.403387069702148438e+01,-1.323588943481445312e+01,-8.561912536621093750e+00
5.953215694427490234e+01,-3.588050079345703125e+01,-1.033689498901367188e+01,7.228427410125732422e+00,-5.287400436401367188e+01,-1.462172412872314453e+01,-8.253053665161132812e+00
5.955241537094116211e+01,-3.504541778564453125e+01,-1.150878620147705078e+01,4.290803432464599609e+00,-5.386578750610351562e+01,-1.355381298065185547e+01,-7.713801383972167969e+00
5.957252764701843262e+01,-3.467195510864257812e+01,-1.111538696289062500e+01,6.065636634826660156e+00,-5.431172561645507812e+01,-1.346860599517822266e+01,-7.505854129791259766e+00
5.959381794929504395e+01,-3.510408782958984375e+01,-1.048548412322998047e+01,7.651770591735839844e+00,-5.307372665405273438e+01,-1.408994293212890625e+01,-7.681347370147705078e+00
5.961381006240844727e+01,-3.521729278564453125e+01,-1.031198120117187500e+01,3.828058004379272461e+00,-5.361604690551757812e+01,-1.307187080383300781e+01,-5.332098960876464844e+00
5.963358402252197266e+01,-3.483661270141601562e+01,-1.075651264190673828e+01,5.862197875976562500e+00,-5.267976379394531250e+01,-1.383959579467773438e+01,-6.776209354400634766e+00
5.965377235412597656e+01,-3.577369689941406250e+01,-1.017141532897949219e+01,7.134811878204345703e+00,-5.238708877563476562e+01,-1.331664371490478516e+01,-9.242312431335449219e+00
5.967458510398864746e+01,-3.562178421020507812e+01,-1.074521255493164062e+01,7.117455482482910156e+00,-5.206005477905273438e+01,-1.367069149017333984e+01,-5.969076156616210938e+00
5.969471621513366699e+01,-3.531946182250976562e+01,-1.026682281494140625e+01,3.178541660308837891e+00,-5.372440719604492188e+01,-1.307673263549804688e+01,-7.020629405975341797e+00
5.971496462821960449e+01,-3.419588088989257812e+01,-1.076170253753662109e+01,6.091629981994628906e+00,-5.344126510620117188e+01,-1.310175037384033203e+01,-7.949303150177001953e+00
5.973494982719421387e+01,-3.486824798583984375e+01,-1.013813209533691406e+01,7.613564491271972656e+00,-5.236147308349609375e+01,-1.368446350097656250e+01,-7.929286003112792969e+00
5.975494456291198730e+01,-3.527278518676757812e+01,-1.030923843383789062e+01,3.806528091430664062e+00,-5.215838623046875000e+01,-1.352735137939453125e+01,-5.171502590179443359e+00
5.977502107620239258e+01,-3.450631713867187500e+01,-1.019803619384765625e+01,6.945322513580322266e+00,-5.226538085937500000e+01,-1.270788383483886719e+01,-7.737778663635253906e+00
5.979498100280761719e+01,-3.555946350097656250e+01,-9.679800987243652344e+00,7.079978942871093750e+00,-5.157878875732421875e+01,-1.433331966400146484e+01,-7.195685386657714844e+00
5.981544423103332520e+01,-3.454958724975585938e+01,-1.107649326324462891e+01,4.083994865417480469e+00,-5.294956588745117188e+01,-1.308125400543212891e+01,-5.069667816162109375e+00
5.983551716804504395e+01,-3.421965789794921875e+01,-1.014297676086425781e+01,6.800447940826416016e+00,-5.377382278442382812e+01,-1.296583652496337891e+01,-6.476657390594482422e+00
5.985562992095947266e+01,-3.461305999755859375e+01,-9.282028198242187500e+00,7.247697830200195312e+00,-5.277775573730468750e+01,-1.261647033691406250e+01,-8.504491806030273438e+00
5.987562203407287598e+01,-3.511196136474609375e+01,-8.913512229919433594e+00,3.285618066787719727e+00,-5.149164581298828125e+01,-1.287004470825195312e+01,-7.997415542602539062e+00
5.989590740203857422e+01,-3.431880950927734375e+01,-1.033225822448730469e+01,5.715877056121826172e+00,-5.129444122314453125e+01,-1.347087001800537109e+01,-7.182844161987304688e+00
5.991599392890930176e+01,-3.405215454101562500e+01,-9.385326385498046875e+00,7.386344909667968750e+00,-5.190251922607421875e+01,-1.220547866821289062e+01,-5.853999614715576172e+00
5.993612575531005859e+01,-3.465562438964843750e+01,-8.422659873962402344e+00,6.654525756835937500e+00,-5.160230255126953125e+01,-1.171243953704833984e+01,-7.531062126159667969e+00
5.995620226860046387e+01,-3.494839859008789062e+01,-7.992842197418212891e+00,3.119149446487426758e+00,-4.997340774536132812e+01,-1.190398883819580078e+01,-7.583930969238281250e+00
5.997626996040344238e+01,-3.431626510620117188e+01,-8.314748764038085938e+00,7.787789344787597656e+00,-4.893684005737304688e+01,-1.212399864196777344e+01,-7.982627391815185547e+00
5.999643421173095703e+01,-3.569770812988281250e+01,-7.928501605987548828e+00,4.793218135833740234e+00,-4.905309295654296875e+01,-1.048085784912109375e+01,-6.988779544830322266e+00
6.001656556129455566e+01,-3.540751647949218750e+01,-7.381478309631347656e+00,6.145971775054931641e+00,-4.757388687133789062e+01,-1.029087448120117188e+01,-7.605040550231933594e+00
6.003665113449096680e+01,-3.382692718505859375e+01,-7.361327648162841797e+00,6.603096008300781250e+00,-4.860044860839843750e+01,-9.411393165588378906e+00,-7.113478660583496094e+00
6.005676364898681641e+01,-3.420303726196289062e+01,-6.271618843078613281e+00,6.443529129028320312e+00,-4.891928482055664062e+01,-8.757297515869140625e+00,-6.878897190093994141e+00
6.007696557044982910e+01,-3.482284545898437500e+01,-5.427241802215576172e+00,5.905174255371093750e+00,-4.756150817871093750e+01,-7.988112449645996094e+00,-8.041188240051269531e+00
6.009705972671508789e+01,-3.474260711669921875e+01,-5.393180370330810547e+00,2.866602897644042969e+00,-4.669516754150390625e+01,-8.186546325683593750e+00,-6.878468513488769531e+00
6.011738157272338867e+01,-3.281700897216796875e+01,-5.805605411529541016e+00,5.972294330596923828e+00,-4.724340820312500000e+01,-7.026543140411376953e+00,-5.515274047851562500e+00
6.013739609718322754e+01,-3.330562591552734375e+01,-4.571477890014648438e+00,7.394374847412109375e+00,-4.622699737548828125e+01,-6.427350044250488281e+00,-7.930160999298095703e+00
6.015751671791076660e+01,-3.467903518676757812e+01,-3.967805385589599609e+00,5.319872379302978516e+00,-4.588783264160156250e+01,-5.982609272003173828e+00,-5.467401027679443359e+00
6.017763113975524902e+01,-3.280012512207031250e+01,-4.070251941680908203e+00,5.033854961395263672e+00,-4.458786010742187500e+01,-4.597785472869873047e+00,-7.831487178802490234e+00
6.019724678993225098e+01,-3.313983917236328125e+01,-3.209534168243408203e+00,7.322872638702392578e+00,-4.362576675415039062e+01,-4.582290172576904297e+00,-5.159426689147949219e+00
6.021737980842590332e+01,-3.358799362182617188e+01,-1.729049801826477051e+00,5.936884880065917969e+00,-4.418685150146484375e+01,-3.113003253936767578e+00,-6.392784118652343750e+00
6.023763585090637207e+01,-3.423588943481445312e+01,-6.339729428291320801e-01,4.991877079010009766e+00,-4.341676712036132812e+01,-1.489542841911315918e+00,-6.421390533447265625e+00
6.025879454612731934e+01,-3.477812957763671875e+01,-2.156779170036315918e-02,4.846240997314453125e+00,-4.138317108154296875e+01,-3.278569579124450684e-01,-7.462935447692871094e+00
6.027769970893859863e+01,-3.267145538330078125e+01,-8.350616097450256348e-01,6.299856185913085938e+00,-3.914539337158203125e+01,-6.396393775939941406e-01,-6.848620414733886719e+00
6.029881477355957031e+01,-3.337359619140625000e+01,-1.907237172126770020e-01,6.019913673400878906e+00,-3.970328140258789062e+01,7.646405100822448730e-01,-4.053603649139404297e+00
6.031880021095275879e+01,-3.315177154541015625e+01,1.320337295532226562e+00,5.949279308319091797e+00,-3.901345062255859375e+01,2.239264965057373047e+00,-6.312388896942138672e+00
6.033881187438964844e+01,-3.314383697509765625e+01,2.734245300292968750e+00,5.674139499664306641e+00,-3.637113189697265625e+01,2.904316425323486328e+00,-5.347461700439453125e+00
6.035889053344726562e+01,-3.225508880615234375e+01,3.558877706527709961e+00,6.105837345123291016e+00,-3.667819213867187500e+01,5.421558856964111328e+00,-4.605249881744384766e+00
6.037963104248046875e+01,-3.182548713684082031e+01,4.687615871429443359e+00,6.110115051269531250e+00,-3.594979858398437500e+01,7.023818969726562500e+00,-6.612751960754394531e+00
6.039952564239501953e+01,-3.226794815063476562e+01,5.417898178100585938e+00,5.581607341766357422e+00,-3.464424133300781250e+01,7.828402042388916016e+00,-7.638250827789306641e+00
6.041946482658386230e+01,-3.181134796142578125e+01,6.284159183502197266e+00,6.176478862762451172e+00,-3.242520523071289062e+01,7.507395267486572266e+00,-4.602576732635498047e+00
6.043974232673645020e+01,-3.064196205139160156e+01,6.450350761413574219e+00,6.370866775512695312e+00,-3.298109817504882812e+01,9.358757972717285156e+00,-3.538277864456176758e+00
6.045969057083129883e+01,-2.918359565734863281e+01,7.612439155578613281e+00,6.896604537963867188e+00,-3.249180984497070312e+01,1.088388061523437500e+01,-5.645682334899902344e+00
6.047988891601562500e+01,-2.646063232421875000e+01,7.318864822387695312e+00,6.868334770202636719e+00,-3.156944084167480469e+01,1.189288330078125000e+01,-6.497235298156738281e+00
6.049989676475524902e+01,-2.784064292907714844e+01,8.566620826721191406e+00,6.628786087036132812e+00,-3.037548255920410156e+01,1.232965564727783203e+01,-5.696442127227783203e+00
6.051989173889160156e+01,-2.784897804260253906e+01,9.841689109802246094e+00,5.544952392578125000e+00,-2.870441627502441406e+01,1.296119117736816406e+01,-6.415958404541015625e+00
6.054077935218811035e+01,-2.725318908691406250e+01,1.147347068786621094e+01,6.582902431488037109e+00,-2.774062156677246094e+01,1.456958866119384766e+01,-5.740176677703857422e+00
6.056086206436157227e+01,-2.604795455932617188e+01,1.259629154205322266e+01,5.795264720916748047e+00,-2.607158660888671875e+01,1.559884262084960938e+01,-5.716487407684326172e+00
6.058099317550659180e+01,-2.459434509277343750e+01,1.367227458953857422e+01,6.674193382263183594e+00,-2.477533340454101562e+01,1.659501075744628906e+01,-5.306144237518310547e+00
6.060100436210632324e+01,-2.327932739257812500e+01,1.481533718109130859e+01,7.152938842773437500e+00,-2.404102897644042969e+01,1.752411651611328125e+01,-5.884559154510498047e+00
6.062102222442626953e+01,-2.223337364196777344e+01,1.586754798889160156e+01,7.224194526672363281e+00,-2.310250282287597656e+01,1.862410736083984375e+01,-5.420119285583496094e+00
6.064092350006103516e+01,-2.139993095397949219e+01,1.677243995666503906e+01,7.251430034637451172e+00,-2.223642730712890625e+01,1.949772644042968750e+01,-5.052730083465576172e+00
6.066104817390441895e+01,-2.062690734863281250e+01,1.753519439697265625e+01,7.258508205413818359e+00,-2.156326484680175781e+01,2.017016983032226562e+01,-5.137173175811767578e+00
6.068110799789428711e+01,-1.982822227478027344e+01,1.811717987060546875e+01,7.291639804840087891e+00,-2.085025787353515625e+01,2.061601638793945312e+01,-5.260746479034423828e+00
6.070142054557800293e+01,-1.997000122070312500e+01,1.870169067382812500e+01,7.062851428985595703e+00,-2.100345230102539062e+01,2.116069412231445312e+01,-5.231092929840087891e+00
6.072158551216125488e+01,-1.968568611145019531e+01,1.903208351135253906e+01,6.452621936798095703e+00,-2.059369468688964844e+01,2.133605957031250000e+01,-5.668744087219238281e+00
6.074173140525817871e+01,-1.899057579040527344e+01,1.917597770690917969e+01,6.013917922973632812e+00,-1.975827217102050781e+01,2.148889160156250000e+01,-5.340906143188476562e+00
6.076182293891906738e+01,-1.853303527832031250e+01,1.940100479125976562e+01,7.260890483856201172e+00,-1.998596572875976562e+01,2.166055870056152344e+01,-5.319979667663574219e+00
6.078205490112304688e+01,-1.849245452880859375e+01,1.957836532592773438e+01,7.027350902557373047e+00,-1.991579818725585938e+01,2.182484436035156250e+01,-5.303365707397460938e+00
6.080201983451843262e+01,-1.832374954223632812e+01,1.968503379821777344e+01,6.947131156921386719e+00,-1.971427345275878906e+01,2.189824676513671875e+01,-5.282080650329589844e+00
6.082222223281860352e+01,-1.744374847412109375e+01,1.965533065795898438e+01,6.474661350250244141e+00,-1.876015090942382812e+01,2.193383407592773438e+01,-5.289118289947509766e+00
6.084230232238769531e+01,-1.714169883728027344e+01,1.962914276123046875e+01,7.424804687500000000e+00,-1.910408401489257812e+01,2.191691589355468750e+01,-5.262496471405029297e+00
6.086229848861694336e+01,-1.693886947631835938e+01,1.946264648437500000e+01,6.225830078125000000e+00,-1.833806991577148438e+01,2.179485511779785156e+01,-5.237322330474853516e+00
6.088209462165832520e+01,-1.653835487365722656e+01,1.936648559570312500e+01,7.332168102264404297e+00,-1.878121376037597656e+01,2.168592071533203125e+01,-5.211332321166992188e+00
6.090211343765258789e+01,-1.713642692565917969e+01,1.921638488769531250e+01,5.792421340942382812e+00,-1.877950859069824219e+01,2.159532546997070312e+01,-5.182908058166503906e+00
6.092233490943908691e+01,-1.651612854003906250e+01,1.912067794799804688e+01,7.017353534698486328e+00,-1.876977539062500000e+01,2.146986389160156250e+01,-5.145519256591796875e+00
6.094234228134155273e+01,-1.603543663024902344e+01,1.908695602416992188e+01,7.402652740478515625e+00,-1.843269157409667969e+01,2.143105888366699219e+01,-5.144331455230712891e+00
6.096254920959472656e+01,-1.614214897155761719e+01,1.879400825500488281e+01,6.044385910034179688e+00,-1.794264030456542969e+01,2.126792335510253906e+01,-5.086886882781982422e+00
6.098254394531250000e+01,-1.566940021514892578e+01,1.850013732910156250e+01,7.084826469421386719e+00,-1.830811500549316406e+01,2.098294639587402344e+01,-5.057963371276855469e+00
6.100273656845092773e+01,-1.520526123046875000e+01,1.817836189270019531e+01,6.731810569763183594e+00,-1.770386314392089844e+01,2.072339439392089844e+01,-5.024351596832275391e+00
6.102291059494018555e+01,-1.490088462829589844e+01,1.777091026306152344e+01,6.640931129455566406e+00,-1.756220436096191406e+01,2.036698913574218750e+01,-4.960493087768554688e+00
6.104290270805358887e+01,-1.466669940948486328e+01,1.728765869140625000e+01,6.571588993072509766e+00,-1.752119255065917969e+01,1.995659255981445312e+01,-4.894199848175048828e+00
6.106379747390747070e+01,-1.451442050933837891e+01,1.675920104980468750e+01,6.506114959716796875e+00,-1.752423667907714844e+01,1.951288795471191406e+01,-4.860828876495361328e+00
6.108379840850830078e+01,-1.443491458892822266e+01,1.616653251647949219e+01,6.435269355773925781e+00,-1.757309722900390625e+01,1.902409553527832031e+01,-4.771783351898193359e+00
6.110419797897338867e+01,-1.477898120880126953e+01,1.551884365081787109e+01,5.421955108642578125e+00,-1.759926223754882812e+01,1.849572753906250000e+01,-4.667477607727050781e+00
6.115438723564147949e+01,-1.461783123016357422e+01,1.484791564941406250e+01,5.648546218872070312e+00,-1.772351837158203125e+01,1.796535873413085938e+01,-4.555274963378906250e+00
6.115897846221923828e+01,-1.387369155883789062e+01,1.466539478302001953e+01,5.683914661407470703e+00,-1.693337249755859375e+01,1.773441314697265625e+01,-4.820138931274414062e+00
6.117656993865966797e+01,-1.497851848602294922e+01,1.284577941894531250e+01,5.329578876495361328e+00,-1.856284523010253906e+01,1.602591705322265625e+01,-4.913328170776367188e+00
6.119693636894226074e+01,-1.500075912475585938e+01,1.201047611236572266e+01,4.654603481292724609e+00,-1.852070236206054688e+01,1.534278011322021484e+01,-4.654459953308105469e+00
6.121717834472656250e+01,-1.480480289459228516e+01,1.118722248077392578e+01,5.382061958312988281e+00,-1.874814605712890625e+01,1.458126068115234375e+01,-4.724644184112548828e+00
6.123679256439208984e+01,-1.504160404205322266e+01,1.029077529907226562e+01,5.200930595397949219e+00,-1.916290855407714844e+01,1.365657043457031250e+01,-4.910857200622558594e+00
6.125697779655456543e+01,-1.552883720397949219e+01,9.199493408203125000e+00,4.079272270202636719e+00,-1.954419898986816406e+01,1.264735794067382812e+01,-4.527615070343017578e+00
6.127706003189086914e+01,-1.511085605621337891e+01,8.654519081115722656e+00,5.192108154296875000e+00,-1.991241073608398438e+01,1.199223995208740234e+01,-4.856567382812500000e+00
6.129715728759765625e+01,-1.538689327239990234e+01,7.938809394836425781e+00,4.939170360565185547e+00,-2.004210662841796875e+01,1.139298820495605469e+01,-4.191317081451416016e+00
6.131739091873168945e+01,-1.562683868408203125e+01,7.434950828552246094e+00,4.459213733673095703e+00,-2.040209388732910156e+01,1.067571926116943359e+01,-4.255278587341308594e+00
6.133744645118713379e+01,-1.542782688140869141e+01,6.862121582031250000e+00,5.085555076599121094e+00,-2.089540100097656250e+01,9.870051383972167969e+00,-4.765513896942138672e+00
6.135787320137023926e+01,-1.608780860900878906e+01,5.424552917480468750e+00,4.130285263061523438e+00,-2.154549980163574219e+01,9.060108184814453125e+00,-4.235216617584228516e+00
6.137915778160095215e+01,-1.628095817565917969e+01,4.890466213226318359e+00,4.270473957061767578e+00,-2.205747222900390625e+01,7.635542392730712891e+00,-4.713112831115722656e+00
6.139941644668579102e+01,-1.634010505676269531e+01,4.730472564697265625e+00,4.380416393280029297e+00,-2.225359535217285156e+01,6.978585720062255859e+00,-4.606789112091064453e+00
6.141888713836669922e+01,-1.640057563781738281e+01,4.609235763549804688e+00,4.456947326660156250e+00,-2.253660392761230469e+01,6.816352844238281250e+00,-4.294040203094482422e+00
6.143884921073913574e+01,-1.664909934997558594e+01,4.333726406097412109e+00,3.801540374755859375e+00,-2.296258735656738281e+01,6.546844959259033203e+00,-4.760243415832519531e+00
6.145918726921081543e+01,-1.525376129150390625e+01,2.409914493560791016e+00,4.795075893402099609e+00,-2.370841217041015625e+01,5.722793579101562500e+00,-4.140030384063720703e+00
6.147907876968383789e+01,-1.706263923645019531e+01,3.072262048721313477e+00,4.359477043151855469e+00,-2.453639411926269531e+01,4.853926181793212891e+00,-5.019743442535400391e+00
6.149936509132385254e+01,-1.730117416381835938e+01,2.934443712234497070e+00,4.412705421447753906e+00,-2.463081359863281250e+01,4.437898635864257812e+00,-4.349963188171386719e+00
6.151953649520874023e+01,-1.820100975036621094e+01,3.025677919387817383e+00,4.152177333831787109e+00,-2.279257965087890625e+01,2.778414487838745117e+00,-5.207321166992187500e+00
6.153975963592529297e+01,-1.763810729980468750e+01,2.116653442382812500e+00,5.526759624481201172e+00,-2.528396415710449219e+01,4.109306812286376953e+00,-1.573036074638366699e+00
6.155947136878967285e+01,-1.798258209228515625e+01,2.470475196838378906e+00,4.191527366638183594e+00,-2.545189857482910156e+01,4.151357173919677734e+00,-6.191070079803466797e+00
6.157999730110168457e+01,-1.780577278137207031e+01,1.443202137947082520e+00,4.585527420043945312e+00,-2.582723236083984375e+01,2.594101428985595703e+00,-4.328237056732177734e+00
6.160013222694396973e+01,-1.817210769653320312e+01,2.214535921812057495e-01,4.565093994140625000e+00,-2.859684753417968750e+01,1.345102071762084961e+00,-2.823638677597045898e+00
6.162025046348571777e+01,-1.787136268615722656e+01,4.352536499500274658e-01,4.862699031829833984e+00,-2.977285766601562500e+01,4.198200106620788574e-01,-6.657091140747070312e+00
6.164036345481872559e+01,-1.722592544555664062e+01,-5.507856607437133789e-02,5.201749324798583984e+00,-3.062476158142089844e+01,8.654651641845703125e-01,-3.422173976898193359e+00
6.166053414344787598e+01,-1.782272338867187500e+01,8.418648838996887207e-01,4.857761383056640625e+00,-3.159651947021484375e+01,1.107302546501159668e+00,-4.842080116271972656e+00
6.168063545227050781e+01,-1.882373237609863281e+01,1.391685485839843750e+00,5.069127559661865234e+00,-2.950071144104003906e+01,-4.746415615081787109e-01,-6.383077144622802734e+00
6.170077276229858398e+01,-1.908768844604492188e+01,1.102238178253173828e+00,4.108917236328125000e+00,-3.082816886901855469e+01,1.477494120597839355e+00,-2.816720008850097656e+00
6.172078704833984375e+01,-1.684797859191894531e+01,1.616569012403488159e-01,4.703239440917968750e+00,-3.162378311157226562e+01,2.241616487503051758e+00,-4.800734996795654297e+00
6.174094367027282715e+01,-1.878901100158691406e+01,1.222993135452270508e+00,5.159185409545898438e+00,-3.073397064208984375e+01,1.796389937400817871e+00,-7.282154083251953125e+00
6.176102924346923828e+01,-1.992751121520996094e+01,1.834948897361755371e+00,5.139338493347167969e+00,-3.041184616088867188e+01,1.734846115112304688e+00,-3.459321260452270508e+00
6.178132271766662598e+01,-1.960723114013671875e+01,1.922134995460510254e+00,4.003991603851318359e+00,-3.086365127563476562e+01,2.560467720031738281e+00,-5.148893356323242188e+00
6.180145072937011719e+01,-1.915281486511230469e+01,2.001526594161987305e+00,5.322825908660888672e+00,-3.025717544555664062e+01,2.837311506271362305e+00,-5.460750579833984375e+00
6.182157254219055176e+01,-1.785331535339355469e+01,1.089917898178100586e+00,5.203614234924316406e+00,-3.043853569030761719e+01,3.133985996246337891e+00,-5.724018096923828125e+00
6.184169316291809082e+01,-1.974193763732910156e+01,1.770229935646057129e+00,5.931190490722656250e+00,-2.985869789123535156e+01,2.603025436401367188e+00,-5.922132968902587891e+00
6.186179494857788086e+01,-2.103644561767578125e+01,2.423182249069213867e+00,4.653972148895263672e+00,-2.790082740783691406e+01,2.937774181365966797e+00,-6.266486644744873047e+00
6.188178348541259766e+01,-2.131887626647949219e+01,2.408388376235961914e+00,4.622512340545654297e+00,-2.734237861633300781e+01,3.173339843750000000e+00,-2.849006414413452148e+00
6.190202713012695312e+01,-1.894942283630371094e+01,1.735791087150573730e+00,4.926490306854248047e+00,-2.800583076477050781e+01,4.267484664916992188e+00,-5.436188220977783203e+00
6.192206597328186035e+01,-2.104951858520507812e+01,1.670653700828552246e+00,5.249197959899902344e+00,-2.951885414123535156e+01,2.593866586685180664e+00,-6.170780658721923828e+00
6.194232225418090820e+01,-2.149131774902343750e+01,-2.611443586647510529e-02,5.420089721679687500e+00,-3.102876472473144531e+01,6.149826198816299438e-02,-6.684303283691406250e+00
6.196244263648986816e+01,-1.984441566467285156e+01,-2.865526914596557617e+00,4.939548969268798828e+00,-3.310626220703125000e+01,-1.763726353645324707e+00,-6.974705219268798828e+00
6.198266673088073730e+01,-2.069581604003906250e+01,-2.463980436325073242e+00,5.925571441650390625e+00,-3.402297592163085938e+01,-3.248116970062255859e+00,-7.016638278961181641e+00
6.200276374816894531e+01,-2.100476455688476562e+01,-1.888788700103759766e+00,5.612200260162353516e+00,-3.374437332153320312e+01,-3.298274040222167969e+00,-7.848556518554687500e+00
6.202381730079650879e+01,-2.047837638854980469e+01,-2.492919683456420898e+00,5.595551013946533203e+00,-3.473739242553710938e+01,-2.418461322784423828e+00,-4.406165122985839844e+00
6.204390335083007812e+01,-2.136728096008300781e+01,-5.594883561134338379e-01,5.558132648468017578e+00,-3.446525955200195312e+01,-1.676772713661193848e+00,-8.261197090148925781e+00
6.206402444839477539e+01,-2.235453796386718750e+01,-1.199461147189140320e-01,4.463111400604248047e+00,-3.503314208984375000e+01,-8.567288517951965332e-01,-4.570671558380126953e+00
6.208389019966125488e+01,-2.125416183471679688e+01,8.070577979087829590e-01,6.432740211486816406e+00,-3.427287673950195312e+01,6.223933696746826172e-01,-7.458768844604492188e+00
6.210441565513610840e+01,-2.069660377502441406e+01,6.834045052528381348e-01,5.495253086090087891e+00,-3.360868072509765625e+01,1.329852104187011719e+00,-5.055023193359375000e+00
6.212425589561462402e+01,-2.223914718627929688e+01,1.729664325714111328e+00,5.515253543853759766e+00,-3.455954360961914062e+01,2.692675590515136719e+00,-4.455638408660888672e+00
6.214426469802856445e+01,-2.289797019958496094e+01,2.947209596633911133e+00,4.347809314727783203e+00,-3.231856536865234375e+01,2.669578075408935547e+00,-6.487607479095458984e+00
6.216436553001403809e+01,-2.188995552062988281e+01,3.134404420852661133e+00,5.362104415893554688e+00,-3.219292068481445312e+01,4.787007331848144531e+00,-4.255898475646972656e+00
6.218461418151855469e+01,-2.095633697509765625e+01,3.506962776184082031e+00,5.652966499328613281e+00,-3.071024894714355469e+01,6.156641483306884766e+00,-7.552962303161621094e+00
6.220486974716186523e+01,-2.218949127197265625e+01,4.596023082733154297e+00,5.076847553253173828e+00,-3.002461814880371094e+01,6.599163532257080078e+00,-2.974270343780517578e+00
6.222502326965332031e+01,-2.130428886413574219e+01,5.257650375366210938e+00,4.418258666992187500e+00,-2.917787551879882812e+01,8.041652679443359375e+00,-5.732804775238037109e+00
6.224508070945739746e+01,-1.926563262939453125e+01,4.233781337738037109e+00,5.393820285797119141e+00,-2.642713928222656250e+01,6.990930557250976562e+00,-6.299325942993164062e+00
6.226507067680358887e+01,-2.125026512145996094e+01,5.077108860015869141e+00,4.863137245178222656e+00,-2.801322364807128906e+01,8.463792800903320312e+00,-2.542587041854858398e+00
6.228525638580322266e+01,-2.049430656433105469e+01,6.194308757781982422e+00,4.825376510620117188e+00,-2.787131118774414062e+01,9.522933006286621094e+00,-5.053480625152587891e+00
6.230538272857666016e+01,-2.020897293090820312e+01,7.255316257476806641e+00,5.438938140869140625e+00,-2.657396888732910156e+01,1.044907474517822266e+01,-7.047205448150634766e+00
6.232556414604187012e+01,-2.086120033264160156e+01,8.021612167358398438e+00,4.601644515991210938e+00,-2.573179054260253906e+01,1.132740306854248047e+01,-7.149830818176269531e+00
6.234557342529296875e+01,-1.993186759948730469e+01,8.370818138122558594e+00,4.528825283050537109e+00,-2.497261619567871094e+01,1.119263458251953125e+01,-1.820811510086059570e+00
6.236575269699096680e+01,-1.881187248229980469e+01,7.421182155609130859e+00,5.902375221252441406e+00,-2.647366905212402344e+01,1.263529396057128906e+01,-3.269637823104858398e+00
6.238575243949890137e+01,-1.991554260253906250e+01,8.185259819030761719e+00,4.691879749298095703e+00,-2.585462379455566406e+01,1.232385349273681641e+01,-5.671610832214355469e+00
6.240590167045593262e+01,-1.948946380615234375e+01,8.739347457885742188e+00,4.831299304962158203e+00,-2.474747085571289062e+01,1.256397819519042969e+01,-4.981554508209228516e+00
6.242599582672119141e+01,-1.899846076965332031e+01,9.398490905761718750e+00,5.207348823547363281e+00,-2.413367652893066406e+01,1.304511070251464844e+01,-5.722159385681152344e+00
6.244621229171752930e+01,-1.652556610107421875e+01,8.069665908813476562e+00,5.092804908752441406e+00,-2.386572647094726562e+01,1.402826881408691406e+01,-4.862876892089843750e+00
6.246626377105712891e+01,-1.841692161560058594e+01,9.021574020385742188e+00,5.314226627349853516e+00,-2.377470397949218750e+01,1.362176895141601562e+01,-4.908444881439208984e+00
6.248640155792236328e+01,-1.862081146240234375e+01,9.572251319885253906e+00,4.743580341339111328e+00,-2.307764434814453125e+01,1.351438140869140625e+01,-4.390954017639160156e+00
6.250644278526306152e+01,-1.808823585510253906e+01,1.026489830017089844e+01,5.404070377349853516e+00,-2.316958045959472656e+01,1.396420764923095703e+01,-5.151248931884765625e+00
6.252661848068237305e+01,-1.820096778869628906e+01,1.066586685180664062e+01,4.994134902954101562e+00,-2.301575279235839844e+01,1.418521022796630859e+01,-5.392297744750976562e+00
6.254669785499572754e+01,-1.766431999206542969e+01,1.083806419372558594e+01,5.181161403656005859e+00,-2.248175811767578125e+01,1.446616649627685547e+01,-5.085570335388183594e+00
6.256692409515380859e+01,-1.736148834228515625e+01,1.111393260955810547e+01,5.452048301696777344e+00,-2.228081321716308594e+01,1.488841915130615234e+01,-4.796679973602294922e+00
6.258698487281799316e+01,-1.730268287658691406e+01,1.105606651306152344e+01,5.335567474365234375e+00,-2.241168022155761719e+01,1.480465888977050781e+01,-5.318076133728027344e+00
6.260699009895324707e+01,-1.704026603698730469e+01,1.123583507537841797e+01,5.534049034118652344e+00,-2.217189025878906250e+01,1.521083545684814453e+01,-4.503706932067871094e+00
6.262721180915832520e+01,-1.674733543395996094e+01,1.132457733154296875e+01,5.502796649932861328e+00,-2.199037170410156250e+01,1.518763542175292969e+01,-5.380167961120605469e+00
6.264737749099731445e+01,-1.695320701599121094e+01,1.103829956054687500e+01,3.996299266815185547e+00,-2.160943794250488281e+01,1.540916919708251953e+01,-4.291533470153808594e+00
6.266752767562866211e+01,-1.609891319274902344e+01,1.097369098663330078e+01,6.328091144561767578e+00,-2.178399276733398438e+01,1.504499053955078125e+01,-4.782611370086669922e+00
6.268751883506774902e+01,-1.662871551513671875e+01,1.094900703430175781e+01,4.183383464813232422e+00,-2.146672439575195312e+01,1.507233428955078125e+01,-4.821089267730712891e+00
6.270765852928161621e+01,-1.606124877929687500e+01,1.085715579986572266e+01,5.551419258117675781e+00,-2.148641204833984375e+01,1.492672824859619141e+01,-4.602887630462646484e+00
6.272868585586547852e+01,-1.634003448486328125e+01,1.074641609191894531e+01,4.608827114105224609e+00,-2.129088592529296875e+01,1.468449783325195312e+01,-4.618884563446044922e+00
6.274882888793945312e+01,-1.604734230041503906e+01,1.068978881835937500e+01,4.720136165618896484e+00,-2.132703208923339844e+01,1.467199897766113281e+01,-4.732433795928955078e+00
6.276857304573059082e+01,-1.569210433959960938e+01,1.044761276245117188e+01,5.205021381378173828e+00,-2.138447952270507812e+01,1.460307121276855469e+01,-4.737330436706542969e+00
6.278888344764709473e+01,-1.564193153381347656e+01,1.021588325500488281e+01,5.349476814270019531e+00,-2.142873954772949219e+01,1.426023197174072266e+01,-4.696081638336181641e+00
6.280916237831115723e+01,-1.529413700103759766e+01,9.923862457275390625e+00,5.699328899383544922e+00,-2.149628448486328125e+01,1.403218841552734375e+01,-4.674693107604980469e+00
6.282896423339843750e+01,-1.583696937561035156e+01,9.629474639892578125e+00,4.188001632690429688e+00,-2.163248062133789062e+01,1.368086624145507812e+01,-5.040377140045166016e+00
6.284908819198608398e+01,-1.566631984710693359e+01,9.271735191345214844e+00,4.772019863128662109e+00,-2.157841491699218750e+01,1.322813129425048828e+01,-4.209603309631347656e+00
6.286970782279968262e+01,-1.537857151031494141e+01,9.157997131347656250e+00,5.335111141204833984e+00,-2.176302146911621094e+01,1.311617183685302734e+01,-4.529603958129882812e+00
6.288977360725402832e+01,-1.564425373077392578e+01,8.848240852355957031e+00,4.422540664672851562e+00,-2.199872779846191406e+01,1.264419937133789062e+01,-5.073282718658447266e+00
6.290949892997741699e+01,-1.534698390960693359e+01,8.469559669494628906e+00,4.740813255310058594e+00,-2.193445777893066406e+01,1.244570922851562500e+01,-4.369653224945068359e+00
6.292965650558471680e+01,-1.564930915832519531e+01,8.199197769165039062e+00,4.063097953796386719e+00,-2.224749183654785156e+01,1.207527637481689453e+01,-4.608827590942382812e+00
6.294981431961059570e+01,-1.548659229278564453e+01,7.921396255493164062e+00,4.939053058624267578e+00,-2.249104309082031250e+01,1.163264560699462891e+01,-4.851345539093017578e+00
6.297005200386047363e+01,-1.549423408508300781e+01,7.565042018890380859e+00,4.762836933135986328e+00,-2.257224655151367188e+01,1.129409599304199219e+01,-4.418243408203125000e+00
6.298993182182312012e+01,-1.569277667999267578e+01,7.210847854614257812e+00,3.732541322708129883e+00,-2.298867416381835938e+01,1.090847301483154297e+01,-5.180847167968750000e+00
6.301002001762390137e+01,-1.524608039855957031e+01,6.915803909301757812e+00,5.417443752288818359e+00,-2.299396896362304688e+01,1.074768543243408203e+01,-3.966168880462646484e+00
6.303020715713500977e+01,-1.574982738494873047e+01,6.902843475341796875e+00,4.216701030731201172e+00,-2.340497589111328125e+01,1.033903217315673828e+01,-5.165465831756591797e+00
6.305015540122985840e+01,-1.603779220581054688e+01,6.467115879058837891e+00,3.834678888320922852e+00,-2.304033470153808594e+01,1.003792858123779297e+01,-5.357276439666748047e+00
6.307042241096496582e+01,-1.649049949645996094e+01,6.344984054565429688e+00,4.854675769805908203e+00,-2.128667831420898438e+01,7.614346504211425781e+00,-5.495446205139160156e+00
6.309045100212097168e+01,-1.658804702758789062e+01,5.324986457824707031e+00,4.153309822082519531e+00,-2.281476402282714844e+01,7.844670295715332031e+00,-1.565731644630432129e+00
6.311058235168457031e+01,-1.555436325073242188e+01,5.371771812438964844e+00,4.840620994567871094e+00,-2.390664100646972656e+01,8.714499473571777344e+00,-1.519912719726562500e+00
6.313064932823181152e+01,-1.563553714752197266e+01,5.517717838287353516e+00,4.167971611022949219e+00,-2.458890342712402344e+01,9.207955360412597656e+00,-2.817813634872436523e+00
6.315074920654296875e+01,-1.528502750396728516e+01,5.684953689575195312e+00,5.193742275238037109e+00,-2.524487113952636719e+01,9.403135299682617188e+00,-4.079874038696289062e+00
6.317091798782348633e+01,-1.491124343872070312e+01,4.763729095458984375e+00,5.581493854522705078e+00,-2.652487754821777344e+01,8.868066787719726562e+00,-5.505280494689941406e+00
6.319101524353027344e+01,-1.610238265991210938e+01,4.446795463562011719e+00,5.165633201599121094e+00,-2.666526794433593750e+01,7.491754055023193359e+00,-5.683945178985595703e+00
6.321107459068298340e+01,-1.687938690185546875e+01,4.483880996704101562e+00,4.422857761383056641e+00,-2.623972320556640625e+01,6.860731601715087891e+00,-5.152974128723144531e+00
6.323112225532531738e+01,-1.682027816772460938e+01,4.670759201049804688e+00,3.868444204330444336e+00,-2.607961845397949219e+01,6.978676795959472656e+00,-5.416429996490478516e+00
6.325122404098510742e+01,-1.485096263885498047e+01,3.122571468353271484e+00,4.208060264587402344e+00,-2.635105514526367188e+01,7.171133995056152344e+00,-4.959980964660644531e+00
6.327141976356506348e+01,-1.627437210083007812e+01,3.858902931213378906e+00,4.652190208435058594e+00,-2.677585601806640625e+01,6.519592761993408203e+00,-5.358403682708740234e+00
6.329141235351562500e+01,-1.664732170104980469e+01,4.051288604736328125e+00,4.529605865478515625e+00,-2.675408935546875000e+01,6.436303138732910156e+00,-4.731264114379882812e+00
6.331154274940490723e+01,-1.676727294921875000e+01,4.240268230438232422e+00,4.547985553741455078e+00,-2.687490081787109375e+01,6.294118881225585938e+00,-5.114206314086914062e+00
6.333170485496520996e+01,-1.703054618835449219e+01,4.296520233154296875e+00,4.099336147308349609e+00,-2.674308776855468750e+01,6.517125606536865234e+00,-4.346260070800781250e+00
6.335180640220642090e+01,-1.709962463378906250e+01,4.289831638336181641e+00,4.070259094238281250e+00,-2.686321640014648438e+01,6.530790805816650391e+00,-4.886315822601318359e+00
6.337193965911865234e+01,-1.716400146484375000e+01,4.187050342559814453e+00,3.795149087905883789e+00,-2.699257278442382812e+01,6.470276355743408203e+00,-5.154880046844482422e+00
6.339208292961120605e+01,-1.681644058227539062e+01,3.881348371505737305e+00,4.836786270141601562e+00,-2.722562599182128906e+01,6.468404769897460938e+00,-4.674888610839843750e+00
6.341214704513549805e+01,-1.720172882080078125e+01,3.905262708663940430e+00,4.300748825073242188e+00,-2.748373603820800781e+01,6.182826519012451172e+00,-5.225554943084716797e+00
6.343230319023132324e+01,-1.703926849365234375e+01,3.820225000381469727e+00,4.626431941986083984e+00,-2.756217384338378906e+01,6.157870292663574219e+00,-4.655784130096435547e+00
6.345250296592712402e+01,-1.636477470397949219e+01,3.683808326721191406e+00,3.955218553543090820e+00,-2.797381591796875000e+01,6.075721740722656250e+00,-5.102901458740234375e+00
6.347256565093994141e+01,-1.664494705200195312e+01,3.242371559143066406e+00,5.554730892181396484e+00,-2.823807334899902344e+01,6.250905513763427734e+00,-5.823701858520507812e+00
6.349262261390686035e+01,-1.892680358886718750e+01,3.729529142379760742e+00,4.758447647094726562e+00,-2.758863258361816406e+01,5.148688316345214844e+00,-2.424489498138427734e+00
6.351270341873168945e+01,-1.806991767883300781e+01,3.537637233734130859e+00,3.777767896652221680e+00,-2.861199951171875000e+01,5.873693466186523438e+00,-3.732074737548828125e+00
6.353279900550842285e+01,-1.735692787170410156e+01,3.852011203765869141e+00,4.997771739959716797e+00,-2.868922805786132812e+01,5.996516704559326172e+00,-5.451167106628417969e+00
6.355300378799438477e+01,-1.645201873779296875e+01,3.116860866546630859e+00,5.878119468688964844e+00,-2.939544296264648438e+01,6.031281471252441406e+00,-5.612061977386474609e+00
6.357383227348327637e+01,-1.832559776306152344e+01,3.467001914978027344e+00,4.705689907073974609e+00,-2.915621566772460938e+01,5.383090019226074219e+00,-5.318994998931884766e+00
6.359454965591430664e+01,-1.902766036987304688e+01,3.822606325149536133e+00,4.316682815551757812e+00,-2.672928428649902344e+01,3.780801296234130859e+00,-5.968467712402343750e+00
6.361473083496093750e+01,-1.835471153259277344e+01,3.409034490585327148e+00,4.792678356170654297e+00,-2.832678985595703125e+01,5.716968059539794922e+00,-1.919606924057006836e+00
6.363484549522399902e+01,-1.715832519531250000e+01,3.643726110458374023e+00,4.744678020477294922e+00,-2.892443084716796875e+01,6.815240859985351562e+00,-5.897423744201660156e+00
6.365471744537353516e+01,-1.869781303405761719e+01,4.065704822540283203e+00,4.653493404388427734e+00,-2.846685600280761719e+01,6.086459636688232422e+00,-7.229856014251708984e+00
6.367448806762695312e+01,-1.875206756591796875e+01,3.622532367706298828e+00,4.855422973632812500e+00,-2.873519325256347656e+01,5.366689205169677734e+00,-2.196417808532714844e+00
6.369466733932495117e+01,-1.832631492614746094e+01,3.945717334747314453e+00,3.585377693176269531e+00,-2.909284591674804688e+01,6.603711128234863281e+00,-3.977170705795288086e+00
6.371449089050292969e+01,-1.785228538513183594e+01,4.123281002044677734e+00,4.349980831146240234e+00,-2.958505058288574219e+01,6.767457008361816406e+00,-5.595662117004394531e+00
6.373499655723571777e+01,-1.826929664611816406e+01,4.095616340637207031e+00,4.417171001434326172e+00,-2.947313499450683594e+01,6.560856342315673828e+00,-5.697236537933349609e+00
6.375548577308654785e+01,-1.578317737579345703e+01,2.430625677108764648e+00,4.592669486999511719e+00,-2.981516265869140625e+01,6.670462131500244141e+00,-5.328907489776611328e+00
6.377564287185668945e+01,-1.818007469177246094e+01,3.796184778213500977e+00,5.107244968414306641e+00,-2.979141235351562500e+01,6.239275932312011719e+00,-5.789492130279541016e+00
6.379534053802490234e+01,-1.865097427368164062e+01,4.433211326599121094e+00,4.792950153350830078e+00,-2.877274322509765625e+01,6.511674404144287109e+00,-6.035787105560302734e+00
6.381537318229675293e+01,-1.915589332580566406e+01,4.743857860565185547e+00,4.204834938049316406e+00,-2.628103637695312500e+01,5.735786914825439453e+00,-2.879404306411743164e+00
6.383564043045043945e+01,-1.773188209533691406e+01,3.828850030899047852e+00,5.779379367828369141e+00,-2.865365982055664062e+01,6.416553974151611328e+00,-2.166622877120971680e+00
6.385575175285339355e+01,-1.632356452941894531e+01,2.550482988357543945e+00,4.842467784881591797e+00,-3.027363204956054688e+01,6.353810787200927734e+00,-3.246588468551635742e+00
6.387625455856323242e+01,-1.722526741027832031e+01,3.475167989730834961e+00,4.937740325927734375e+00,-3.115357208251953125e+01,5.684966564178466797e+00,-6.139805793762207031e+00
6.389631938934326172e+01,-1.791550254821777344e+01,4.313719749450683594e+00,5.165329933166503906e+00,-3.073582649230957031e+01,5.835833549499511719e+00,-7.516546726226806641e+00
6.391635084152221680e+01,-1.809882736206054688e+01,4.527942180633544922e+00,4.849946498870849609e+00,-3.039196586608886719e+01,6.245285511016845703e+00,-2.746645212173461914e+00
6.393644976615905762e+01,-1.703547477722167969e+01,4.737459659576416016e+00,5.317031383514404297e+00,-3.081645393371582031e+01,7.737421512603759766e+00,-5.043550491333007812e+00
6.395674800872802734e+01,-1.813160896301269531e+01,5.765601634979248047e+00,5.162971973419189453e+00,-2.949671363830566406e+01,8.095452308654785156e+00,-7.516832828521728516e+00
6.397672128677368164e+01,-1.863360404968261719e+01,6.557063102722167969e+00,5.346297740936279297e+00,-2.851731109619140625e+01,8.459114074707031250e+00,-2.621830701828002930e+00
6.399639463424682617e+01,-1.621341896057128906e+01,5.539598464965820312e+00,5.901655197143554688e+00,-2.921624374389648438e+01,1.006483840942382812e+01,-4.219711780548095703e+00
6.401659893989562988e+01,-1.767787551879882812e+01,6.443203926086425781e+00,5.058476448059082031e+00,-2.875634765625000000e+01,9.907793045043945312e+00,-5.822806358337402344e+00
6.403675270080566406e+01,-1.797267150878906250e+01,6.952947616577148438e+00,5.055693626403808594e+00,-2.752435493469238281e+01,1.007690334320068359e+01,-5.060172557830810547e+00
6.405686783790588379e+01,-1.767859649658203125e+01,7.566252708435058594e+00,5.886531352996826172e+00,-2.692671585083007812e+01,1.068603897094726562e+01,-5.578008174896240234e+00
6.407698035240173340e+01,-1.799076461791992188e+01,8.150239944458007812e+00,5.172192096710205078e+00,-2.579416275024414062e+01,1.140570163726806641e+01,-5.138916015625000000e+00
6.409713816642761230e+01,-1.610897064208984375e+01,7.717571735382080078e+00,6.071372509002685547e+00,-2.531257247924804688e+01,1.237384414672851562e+01,-5.750347614288330078e+00
6.411720371246337891e+01,-1.815749740600585938e+01,8.626525878906250000e+00,4.846806526184082031e+00,-2.410931396484375000e+01,1.230680465698242188e+01,-4.954382419586181641e+00
6.413751983642578125e+01,-1.783133697509765625e+01,8.896809577941894531e+00,5.485133647918701172e+00,-2.358201408386230469e+01,1.203491115570068359e+01,-5.194909572601318359e+00
6.415750050544738770e+01,-1.785673141479492188e+01,9.280486106872558594e+00,5.006416320800781250e+00,-2.338365936279296875e+01,1.233019828796386719e+01,-5.362049579620361328e+00
6.417758083343505859e+01,-1.817671394348144531e+01,7.742157459259033203e+00,5.199858188629150391e+00,-2.486126327514648438e+01,1.102077579498291016e+01,-5.378866195678710938e+00
6.419762134552001953e+01,-1.834473609924316406e+01,5.647752761840820312e+00,5.614425182342529297e+00,-2.662683486938476562e+01,8.826673507690429688e+00,-5.934775829315185547e+00
6.421878099441528320e+01,-1.841562080383300781e+01,4.184453010559082031e+00,5.595152378082275391e+00,-2.718422126770019531e+01,6.996695995330810547e+00,-8.025868415832519531e+00
6.423874139785766602e+01,-1.880175971984863281e+01,3.787509441375732422e+00,5.838382720947265625e+00,-2.742757987976074219e+01,5.598284244537353516e+00,-2.893310546875000000e+00
6.425878596305847168e+01,-1.642890357971191406e+01,2.546252489089965820e+00,6.179792881011962891e+00,-2.976375961303710938e+01,6.735576152801513672e+00,-3.996028184890747070e+00
6.427873921394348145e+01,-1.792392349243164062e+01,3.838627338409423828e+00,5.247886180877685547e+00,-2.991702842712402344e+01,6.294036388397216797e+00,-7.766691207885742188e+00
6.429873180389404297e+01,-1.804485130310058594e+01,4.403021335601806641e+00,5.780392169952392578e+00,-2.970648956298828125e+01,6.531659603118896484e+00,-7.980827331542968750e+00
6.431945848464965820e+01,-1.875449943542480469e+01,4.983260154724121094e+00,5.257587432861328125e+00,-2.916371536254882812e+01,6.796156406402587891e+00,-3.660456418991088867e+00
6.433977937698364258e+01,-1.791956710815429688e+01,4.777085304260253906e+00,5.410027503967285156e+00,-2.982682609558105469e+01,8.095372200012207031e+00,-4.682785987854003906e+00
6.435991406440734863e+01,-1.730209350585937500e+01,5.420365810394287109e+00,5.760178089141845703e+00,-2.960972595214843750e+01,8.690648078918457031e+00,-6.280063152313232422e+00
6.437969923019409180e+01,-1.670206642150878906e+01,4.880425930023193359e+00,5.994585514068603516e+00,-2.966005897521972656e+01,9.079133033752441406e+00,-6.278041362762451172e+00
6.439976239204406738e+01,-1.802849197387695312e+01,5.404332637786865234e+00,5.643223762512207031e+00,-2.896988487243652344e+01,9.020875930786132812e+00,-5.892806053161621094e+00
6.441996884346008301e+01,-1.847169494628906250e+01,5.782835483551025391e+00,4.887928485870361328e+00,-2.840880393981933594e+01,9.086381912231445312e+00,-5.962639331817626953e+00
6.444011664390563965e+01,-1.862424659729003906e+01,5.986964702606201172e+00,3.891088962554931641e+00,-2.751917076110839844e+01,9.428001403808593750e+00,-5.505167961120605469e+00
6.446015477180480957e+01,-1.810506820678710938e+01,6.441511631011962891e+00,4.736096858978271484e+00,-2.687651252746582031e+01,9.997432708740234375e+00,-4.931691169738769531e+00
6.448026704788208008e+01,-1.738691711425781250e+01,6.555651187896728516e+00,6.104704856872558594e+00,-2.683950424194335938e+01,1.032899570465087891e+01,-5.549593925476074219e+00
6.450039911270141602e+01,-1.792426872253417969e+01,6.629325866699218750e+00,4.145382404327392578e+00,-2.656233024597167969e+01,1.079469966888427734e+01,-5.145246982574462891e+00
6.452087688446044922e+01,-1.744550895690917969e+01,6.773991107940673828e+00,5.624402999877929688e+00,-2.652438354492187500e+01,1.070552253723144531e+01,-5.109301090240478516e+00
6.454070925712585449e+01,-1.749601364135742188e+01,6.784408092498779297e+00,5.106564044952392578e+00,-2.638908958435058594e+01,1.071310234069824219e+01,-5.327731609344482422e+00
6.456086444854736328e+01,-1.764815139770507812e+01,6.786722183227539062e+00,3.914146900177001953e+00,-2.615676689147949219e+01,1.095080757141113281e+01,-4.757514953613281250e+00
6.458089709281921387e+01,-1.805451011657714844e+01,7.015736579895019531e+00,5.249686241149902344e+00,-2.354460144042968750e+01,8.775343894958496094e+00,-6.001670360565185547e+00
6.460103964805603027e+01,-1.776289367675781250e+01,6.335719585418701172e+00,5.282182693481445312e+00,-2.592411422729492188e+01,1.022099208831787109e+01,-1.508105993270874023e+00
6.462124109268188477e+01,-1.739002609252929688e+01,6.714933395385742188e+00,4.313079833984375000e+00,-2.629669952392578125e+01,1.118006706237792969e+01,-3.255759000778198242e+00
6.464131331443786621e+01,-1.705578422546386719e+01,7.071932315826416016e+00,5.171855449676513672e+00,-2.668626213073730469e+01,1.156426143646240234e+01,-4.526123046875000000e+00
6.466142964363098145e+01,-1.617024230957031250e+01,5.990018844604492188e+00,4.497563362121582031e+00,-2.725268363952636719e+01,1.141444873809814453e+01,-5.786211490631103516e+00
6.468165397644042969e+01,-1.724651527404785156e+01,5.848289012908935547e+00,4.860306262969970703e+00,-2.740401649475097656e+01,1.019357299804687500e+01,-5.919157981872558594e+00
6.470171713829040527e+01,-1.760526657104492188e+01,5.882912158966064453e+00,4.664863586425781250e+00,-2.704774093627929688e+01,9.767787933349609375e+00,-4.944325447082519531e+00
6.472185039520263672e+01,-1.750540542602539062e+01,6.282603263854980469e+00,4.669507503509521484e+00,-2.690689086914062500e+01,9.814486503601074219e+00,-5.465838909149169922e+00
6.474189209938049316e+01,-1.731142044067382812e+01,6.631415367126464844e+00,4.695269584655761719e+00,-2.639418029785156250e+01,1.010289192199707031e+01,-5.083495616912841797e+00
6.476202058792114258e+01,-1.725682640075683594e+01,6.606128692626953125e+00,4.639257431030273438e+00,-2.643612098693847656e+01,9.980440139770507812e+00,-5.535049915313720703e+00
6.478215432167053223e+01,-1.708375930786132812e+01,6.905806541442871094e+00,5.396334648132324219e+00,-2.643346405029296875e+01,1.057834720611572266e+01,-5.540470123291015625e+00
6.480227136611938477e+01,-1.638205528259277344e+01,6.784465789794921875e+00,5.952974796295166016e+00,-2.657780075073242188e+01,1.094563007354736328e+01,-4.687939167022705078e+00
6.482241415977478027e+01,-1.580243587493896484e+01,5.247632980346679688e+00,5.885735511779785156e+00,-2.625979614257812500e+01,1.042791080474853516e+01,-6.851710319519042969e+00
6.484250283241271973e+01,-1.855941200256347656e+01,6.260483264923095703e+00,5.097412586212158203e+00,-2.487787628173828125e+01,8.434098243713378906e+00,-2.919841289520263672e+00
6.486262297630310059e+01,-1.808433723449707031e+01,6.003991603851318359e+00,4.844667434692382812e+00,-2.655554962158203125e+01,9.427973747253417969e+00,-1.676965713500976562e+00
6.488277506828308105e+01,-1.742074394226074219e+01,6.474150657653808594e+00,3.839256525039672852e+00,-2.681780624389648438e+01,1.042536544799804688e+01,-4.253531932830810547e+00
6.490447282791137695e+01,-1.733850479125976562e+01,6.940204143524169922e+00,4.105941772460937500e+00,-2.689752197265625000e+01,1.068955326080322266e+01,-5.702246189117431641e+00
6.492387795448303223e+01,-1.718076324462890625e+01,6.789315223693847656e+00,4.686793804168701172e+00,-2.687550926208496094e+01,1.061481189727783203e+01,-5.826527595520019531e+00
6.494412350654602051e+01,-1.743982696533203125e+01,6.648806095123291016e+00,4.321244716644287109e+00,-2.668115234375000000e+01,1.056476688385009766e+01,-5.603221416473388672e+00
6.496479630470275879e+01,-1.614922904968261719e+01,6.602732658386230469e+00,3.026732444763183594e+00,-2.671234321594238281e+01,1.057808685302734375e+01,-5.578634262084960938e+00
6.498462367057800293e+01,-1.635737991333007812e+01,5.530459880828857422e+00,6.347294330596923828e+00,-2.709038734436035156e+01,9.990720748901367188e+00,-4.743254184722900391e+00
6.500457191467285156e+01,-1.712772369384765625e+01,5.993946075439453125e+00,5.137038707733154297e+00,-2.725133895874023438e+01,9.605021476745605469e+00,-5.460506439208984375e+00
6.502491092681884766e+01,-1.740527153015136719e+01,6.336859226226806641e+00,4.766749858856201172e+00,-2.687075042724609375e+01,9.536255836486816406e+00,-5.002498149871826172e+00
6.504458522796630859e+01,-1.744237899780273438e+01,6.541779041290283203e+00,4.144217014312744141e+00,-2.651386070251464844e+01,9.918258666992187500e+00,-4.887002944946289062e+00
6.506528615951538086e+01,-1.729265975952148438e+01,6.666710376739501953e+00,4.631704807281494141e+00,-2.660719108581542969e+01,9.971441268920898438e+00,-5.265531539916992188e+00
6.508483505249023438e+01,-1.536339378356933594e+01,4.968928813934326172e+00,4.751447677612304688e+00,-2.698857879638671875e+01,1.024298000335693359e+01,-5.400884151458740234e+00
6.510503768920898438e+01,-1.730113792419433594e+01,5.964434146881103516e+00,4.555151939392089844e+00,-2.700539970397949219e+01,9.662588119506835938e+00,-5.004795074462890625e+00
6.512523746490478516e+01,-1.711507987976074219e+01,6.035070419311523438e+00,4.691615104675292969e+00,-2.697073173522949219e+01,9.290653228759765625e+00,-4.920102119445800781e+00
6.514542198181152344e+01,-1.694133567810058594e+01,6.294879436492919922e+00,4.760910987854003906e+00,-2.684367942810058594e+01,9.563317298889160156e+00,-4.843636989593505859e+00
6.516548752784729004e+01,-1.492095756530761719e+01,4.563293933868408203e+00,4.789234161376953125e+00,-2.714267349243164062e+01,9.865215301513671875e+00,-4.655774116516113281e+00
6.518558144569396973e+01,-1.695355796813964844e+01,5.296256542205810547e+00,4.507080078125000000e+00,-2.729400634765625000e+01,9.263802528381347656e+00,-4.652306556701660156e+00
6.520566821098327637e+01,-1.700419044494628906e+01,5.618078708648681641e+00,4.854680538177490234e+00,-2.761384963989257812e+01,8.802959442138671875e+00,-5.409006118774414062e+00
6.522574734687805176e+01,-1.710194587707519531e+01,5.939203739166259766e+00,4.759071350097656250e+00,-2.736877250671386719e+01,9.114132881164550781e+00,-4.953699588775634766e+00
6.524588418006896973e+01,-1.722344207763671875e+01,6.038485527038574219e+00,4.236882209777832031e+00,-2.718908882141113281e+01,9.271264076232910156e+00,-4.878294467926025391e+00
6.526596283912658691e+01,-1.662195968627929688e+01,6.010945796966552734e+00,5.901130676269531250e+00,-2.725527000427246094e+01,9.374049186706542969e+00,-4.877490520477294922e+00
6.528629994392395020e+01,-1.702875900268554688e+01,5.189217567443847656e+00,4.490242958068847656e+00,-2.776866531372070312e+01,9.006808280944824219e+00,-5.032345294952392578e+00
6.530620813369750977e+01,-1.731336784362792969e+01,5.445956707000732422e+00,4.621148586273193359e+00,-2.783620262145996094e+01,8.466062545776367188e+00,-5.154751300811767578e+00
6.532623863220214844e+01,-1.702656936645507812e+01,5.750344276428222656e+00,4.750619888305664062e+00,-2.763726425170898438e+01,8.720888137817382812e+00,-4.903854370117187500e+00
6.534645128250122070e+01,-1.733954429626464844e+01,5.882781982421875000e+00,3.737817287445068359e+00,-2.734762573242187500e+01,9.287917137145996094e+00,-4.588358402252197266e+00
6.536648726463317871e+01,-1.693184089660644531e+01,5.845488548278808594e+00,4.800825119018554688e+00,-2.765319824218750000e+01,9.311506271362304688e+00,-5.362527370452880859e+00
6.538672828674316406e+01,-1.715086174011230469e+01,5.797142505645751953e+00,4.938655853271484375e+00,-2.767318153381347656e+01,9.270504951477050781e+00,-5.215651512145996094e+00
6.540755581855773926e+01,-1.715712928771972656e+01,5.832676410675048828e+00,4.752533912658691406e+00,-2.763533401489257812e+01,9.186094284057617188e+00,-4.945452690124511719e+00
6.542960143089294434e+01,-1.696399688720703125e+01,4.886562347412109375e+00,4.837039947509765625e+00,-2.811831092834472656e+01,8.691025733947753906e+00,-5.034063816070556641e+00
6.544714522361755371e+01,-1.727367210388183594e+01,5.198546409606933594e+00,4.696192741394042969e+00,-2.813314628601074219e+01,8.324536323547363281e+00,-4.917913436889648438e+00
6.546707320213317871e+01,-1.711127662658691406e+01,5.568029880523681641e+00,4.747346401214599609e+00,-2.813185310363769531e+01,8.400058746337890625e+00,-5.441089153289794922e+00
6.548715257644653320e+01,-1.717271041870117188e+01,5.947227478027343750e+00,4.787547111511230469e+00,-2.780802726745605469e+01,9.034494400024414062e+00,-4.936846733093261719e+00
6.550730252265930176e+01,-1.754316329956054688e+01,5.793956756591796875e+00,3.933693170547485352e+00,-2.780607223510742188e+01,9.033483505249023438e+00,-5.309731960296630859e+00
6.552735900878906250e+01,-1.628929138183593750e+01,5.641596317291259766e+00,2.935370206832885742e+00,-2.799621391296386719e+01,9.083847045898437500e+00,-4.962173938751220703e+00
6.554756927490234375e+01,-1.540880775451660156e+01,3.916246414184570312e+00,4.730617046356201172e+00,-2.846216583251953125e+01,8.637079238891601562e+00,-4.685535907745361328e+00
6.556762909889221191e+01,-1.609840965270996094e+01,4.613920211791992188e+00,6.110739231109619141e+00,-2.890990447998046875e+01,8.263198852539062500e+00,-5.424418926239013672e+00
6.558881688117980957e+01,-1.723139381408691406e+01,5.129683971405029297e+00,5.155171871185302734e+00,-2.867374992370605469e+01,8.293430328369140625e+00,-4.758113384246826172e+00
6.560879898071289062e+01,-1.764966964721679688e+01,5.570719242095947266e+00,4.890490531921386719e+00,-2.853584861755371094e+01,8.408673286437988281e+00,-5.264910697937011719e+00
6.562918162345886230e+01,-1.774091148376464844e+01,5.818426132202148438e+00,4.913960456848144531e+00,-2.838118362426757812e+01,8.524584770202636719e+00,-5.444722175598144531e+00
6.564881825447082520e+01,-1.792319679260253906e+01,5.780092239379882812e+00,4.020472049713134766e+00,-2.807570648193359375e+01,8.831766128540039062e+00,-5.340376853942871094e+00
6.566953158378601074e+01,-1.761359596252441406e+01,5.658073902130126953e+00,3.986969470977783203e+00,-2.795484924316406250e+01,8.901021957397460938e+00,-5.174703598022460938e+00
6.568979620933532715e+01,-1.712090873718261719e+01,5.633508205413818359e+00,5.058256626129150391e+00,-2.799168968200683594e+01,9.046936988830566406e+00,-4.963001251220703125e+00
6.571003913879394531e+01,-1.712084388732910156e+01,5.700568199157714844e+00,5.320940494537353516e+00,-2.800300407409667969e+01,9.050104141235351562e+00,-4.973845958709716797e+00
6.572995805740356445e+01,-1.689955139160156250e+01,5.745607376098632812e+00,5.425353527069091797e+00,-2.805730056762695312e+01,9.220514297485351562e+00,-5.005684852600097656e+00
6.574999523162841797e+01,-1.691211128234863281e+01,5.712169170379638672e+00,5.698350906372070312e+00,-2.810819435119628906e+01,9.205454826354980469e+00,-5.006673812866210938e+00
6.577010846138000488e+01,-1.715390968322753906e+01,5.674769401550292969e+00,5.121964931488037109e+00,-2.811185073852539062e+01,9.141106605529785156e+00,-5.011926174163818359e+00
6.579003930091857910e+01,-1.712133026123046875e+01,5.675960063934326172e+00,4.956084728240966797e+00,-2.810666275024414062e+01,9.133385658264160156e+00,-5.006577968597412109e+00
6.581047916412353516e+01,-1.709071159362792969e+01,5.577435970306396484e+00,5.160382270812988281e+00,-2.812038040161132812e+01,9.086907386779785156e+00,-4.991797924041748047e+00
6.583039569854736328e+01,-1.728400993347167969e+01,5.609030723571777344e+00,4.344920635223388672e+00,-2.813125038146972656e+01,9.059891700744628906e+00,-5.246427059173583984e+00
6.585061287879943848e+01,-1.720779800415039062e+01,5.567768096923828125e+00,4.528171539306640625e+00,-2.803858566284179688e+01,9.135948181152343750e+00,-4.692731857299804688e+00
6.587072753906250000e+01,-1.713458824157714844e+01,5.626181602478027344e+00,4.566164016723632812e+00,-2.818190956115722656e+01,9.116549491882324219e+00,-5.281693458557128906e+00
6.589054465293884277e+01,-1.728029441833496094e+01,5.620308399200439453e+00,4.657935142517089844e+00,-2.802343940734863281e+01,9.095161437988281250e+00,-4.667673587799072266e+00
6.591042780876159668e+01,-1.498838233947753906e+01,3.977297544479370117e+00,4.881280422210693359e+00,-2.862812805175781250e+01,9.213672637939453125e+00,-5.363755702972412109e+00
6.593072795867919922e+01,-1.745745086669921875e+01,4.894442558288574219e+00,4.542557716369628906e+00,-2.867681121826171875e+01,8.325717926025390625e+00,-5.279171466827392578e+00
6.595090389251708984e+01,-1.738530158996582031e+01,5.039229869842529297e+00,4.690962791442871094e+00,-2.856092262268066406e+01,8.137543678283691406e+00,-4.648913860321044922e+00
6.597099757194519043e+01,-1.726831054687500000e+01,5.376091480255126953e+00,4.760968208312988281e+00,-2.853174018859863281e+01,8.349551200866699219e+00,-4.968205928802490234e+00
6.599100732803344727e+01,-1.724477767944335938e+01,5.634872913360595703e+00,4.790892601013183594e+00,-2.826948738098144531e+01,8.607431411743164062e+00,-4.669012546539306641e+00
6.601137971878051758e+01,-1.750182914733886719e+01,5.708792686462402344e+00,3.768474578857421875e+00,-2.827867317199707031e+01,8.915667533874511719e+00,-5.362740516662597656e+00
6.603171133995056152e+01,-1.742962455749511719e+01,5.498066425323486328e+00,4.147593498229980469e+00,-2.832971191406250000e+01,8.943741798400878906e+00,-5.209647178649902344e+00
6.605132508277893066e+01,-1.691083908081054688e+01,5.499407768249511719e+00,5.924446582794189453e+00,-2.841270637512207031e+01,8.863448143005371094e+00,-4.958405017852783203e+00
6.607139658927917480e+01,-1.736233139038085938e+01,5.487072944641113281e+00,4.237348556518554688e+00,-2.846700286865234375e+01,8.885976791381835938e+00,-5.436178207397460938e+00
6.609212994575500488e+01,-1.741249275207519531e+01,5.645608901977539062e+00,4.519919395446777344e+00,-2.830403137207031250e+01,9.086859703063964844e+00,-5.008732795715332031e+00
6.611236405372619629e+01,-1.710073661804199219e+01,5.771711349487304688e+00,5.137238979339599609e+00,-2.841609001159667969e+01,9.054385185241699219e+00,-5.440739631652832031e+00
6.613242936134338379e+01,-1.656743812561035156e+01,5.629241466522216797e+00,4.328938007354736328e+00,-2.857332801818847656e+01,9.263842582702636719e+00,-4.979588031768798828e+00
6.615253186225891113e+01,-1.487493324279785156e+01,3.977341175079345703e+00,4.765629291534423828e+00,-2.904851913452148438e+01,9.263186454772949219e+00,-5.302418231964111328e+00
6.617264938354492188e+01,-1.590872192382812500e+01,4.371644020080566406e+00,5.845995903015136719e+00,-2.916045761108398438e+01,8.535262107849121094e+00,-4.964593410491943359e+00
6.619275116920471191e+01,-1.719555091857910156e+01,4.945250511169433594e+00,5.081210136413574219e+00,-2.920917892456054688e+01,8.241039276123046875e+00,-5.424795150756835938e+00
6.621245527267456055e+01,-1.771325302124023438e+01,5.296810150146484375e+00,4.920998573303222656e+00,-2.880707359313964844e+01,8.329674720764160156e+00,-4.684973716735839844e+00
6.623250269889831543e+01,-1.770894813537597656e+01,5.686635017395019531e+00,4.922694206237792969e+00,-2.875343322753906250e+01,8.531083106994628906e+00,-5.231529712677001953e+00
6.625281310081481934e+01,-1.781992721557617188e+01,5.807589530944824219e+00,4.394009113311767578e+00,-2.863702011108398438e+01,8.709655761718750000e+00,-5.446705341339111328e+00
6.627364253997802734e+01,-1.756676483154296875e+01,5.433530807495117188e+00,4.348080158233642578e+00,-2.833517074584960938e+01,8.566324234008789062e+00,-4.940486907958984375e+00
6.629363346099853516e+01,-1.715802383422851562e+01,4.922005653381347656e+00,4.864260196685791016e+00,-2.903896713256835938e+01,7.732697486877441406e+00,-5.429520130157470703e+00
6.631383037567138672e+01,-1.485401439666748047e+01,2.939699172973632812e+00,5.076920509338378906e+00,-3.001050186157226562e+01,7.360477924346923828e+00,-4.874948978424072266e+00
6.633379435539245605e+01,-1.589353275299072266e+01,3.328585863113403320e+00,4.955888748168945312e+00,-3.093076705932617188e+01,6.356353282928466797e+00,-5.624740123748779297e+00
6.635380268096923828e+01,-1.585273933410644531e+01,3.976113557815551758e+00,5.787880420684814453e+00,-3.131426239013671875e+01,6.212007999420166016e+00,-5.906991958618164062e+00
6.637415051460266113e+01,-1.620866966247558594e+01,4.771171569824218750e+00,5.414369106292724609e+00,-3.099770355224609375e+01,6.947105407714843750e+00,-4.972799301147460938e+00
6.639429807662963867e+01,-1.654921340942382812e+01,5.660696506500244141e+00,5.228900432586669922e+00,-3.072205924987792969e+01,7.924651622772216797e+00,-5.504156112670898438e+00
6.641458010673522949e+01,-1.715715599060058594e+01,6.344751358032226562e+00,5.296213626861572266e+00,-2.934813690185546875e+01,8.742549896240234375e+00,-6.824075698852539062e+00
6.643442845344543457e+01,-1.832505607604980469e+01,6.664532661437988281e+00,4.354704380035400391e+00,-2.746114730834960938e+01,8.450785636901855469e+00,-2.919447183609008789e+00
6.645482182502746582e+01,-1.710721015930175781e+01,6.731415271759033203e+00,6.150842189788818359e+00,-2.823713874816894531e+01,9.998910903930664062e+00,-1.995212316513061523e+00
6.647477698326110840e+01,-1.677785873413085938e+01,6.900303840637207031e+00,5.188406467437744141e+00,-2.863998794555664062e+01,1.071638107299804688e+01,-5.489045143127441406e+00
6.649483060836791992e+01,-1.716905593872070312e+01,7.600267887115478516e+00,4.893682003021240234e+00,-2.728996849060058594e+01,1.130599975585937500e+01,-5.047902584075927734e+00
6.651503324508666992e+01,-1.633155250549316406e+01,7.882397174835205078e+00,2.873114824295043945e+00,-2.682818794250488281e+01,1.176834201812744141e+01,-5.533643722534179688e+00
6.653508543968200684e+01,-1.625716209411621094e+01,7.040675163269042969e+00,6.791010379791259766e+00,-2.686597633361816406e+01,1.175240325927734375e+01,-5.598751544952392578e+00
6.655575037002563477e+01,-1.817165946960449219e+01,7.838596820831298828e+00,4.858421802520751953e+00,-2.545455551147460938e+01,1.132522964477539062e+01,-5.539297103881835938e+00
6.657579946517944336e+01,-1.766024017333984375e+01,8.714194297790527344e+00,4.878699302673339844e+00,-2.431306648254394531e+01,1.194588565826416016e+01,-5.438190937042236328e+00
6.659597539901733398e+01,-1.851449394226074219e+01,8.425209045410156250e+00,5.009394645690917969e+00,-2.472793579101562500e+01,1.180046939849853516e+01,-4.854609489440917969e+00
6.661604809761047363e+01,-1.788398551940917969e+01,5.624030590057373047e+00,6.714312553405761719e+00,-2.714496421813964844e+01,9.828291893005371094e+00,-5.705698966979980469e+00
6.663614392280578613e+01,-1.942963790893554688e+01,3.688417196273803711e+00,5.427860736846923828e+00,-2.924879455566406250e+01,6.364407539367675781e+00,-6.241052627563476562e+00
6.665628075599670410e+01,-1.851312446594238281e+01,2.936862945556640625e+00,5.494210243225097656e+00,-2.930186462402343750e+01,4.854543685913085938e+00,-7.731422424316406250e+00
6.667636632919311523e+01,-1.655112838745117188e+01,1.106776118278503418e+00,5.167974948883056641e+00,-3.023312950134277344e+01,4.356627941131591797e+00,-3.161085367202758789e+00
6.669648170471191406e+01,-1.743896865844726562e+01,3.054656267166137695e+00,5.148403644561767578e+00,-3.135347747802734375e+01,5.177450656890869141e+00,-6.390795230865478516e+00
6.671663212776184082e+01,-1.845153999328613281e+01,4.099264621734619141e+00,5.056782722473144531e+00,-2.994056320190429688e+01,3.895341634750366211e+00,-6.907772064208984375e+00
6.673676443099975586e+01,-1.836401176452636719e+01,4.062475681304931641e+00,4.889782905578613281e+00,-3.160900878906250000e+01,6.020532131195068359e+00,-3.726719856262207031e+00
6.675701260566711426e+01,-1.667077827453613281e+01,3.489062309265136719e+00,4.953132629394531250e+00,-3.244171142578125000e+01,7.355143070220947266e+00,-5.824424266815185547e+00
6.677660226821899414e+01,-1.815169525146484375e+01,4.406994342803955078e+00,4.395853519439697266e+00,-3.202644348144531250e+01,7.131494045257568359e+00,-6.265426635742187500e+00
6.679661250114440918e+01,-1.809482383728027344e+01,4.704494953155517578e+00,4.384801387786865234e+00,-3.135633277893066406e+01,7.408516883850097656e+00,-6.054537773132324219e+00
6.681669759750366211e+01,-1.782880210876464844e+01,5.186534881591796875e+00,5.046014785766601562e+00,-3.048226165771484375e+01,8.418658256530761719e+00,-5.258936882019042969e+00
6.683685040473937988e+01,-1.801128578186035156e+01,5.642525196075439453e+00,4.613116264343261719e+00,-3.003230667114257812e+01,9.000665664672851562e+00,-5.654803276062011719e+00
6.685692358016967773e+01,-1.843020439147949219e+01,5.586579799652099609e+00,3.625149965286254883e+00,-2.962183761596679688e+01,9.270925521850585938e+00,-5.710568904876708984e+00
6.687708568572998047e+01,-1.805176925659179688e+01,5.732083797454833984e+00,4.579673290252685547e+00,-2.911813926696777344e+01,9.652118682861328125e+00,-4.842589378356933594e+00
6.689714813232421875e+01,-1.727247047424316406e+01,4.712236404418945312e+00,4.687849998474121094e+00,-2.947747421264648438e+01,9.332221984863281250e+00,-5.607452392578125000e+00
6.691728520393371582e+01,-1.781721305847167969e+01,5.262687206268310547e+00,4.371580123901367188e+00,-2.921414756774902344e+01,9.389650344848632812e+00,-5.106733798980712891e+00
6.693745064735412598e+01,-1.796576499938964844e+01,5.754521369934082031e+00,4.344701766967773438e+00,-2.879893684387207031e+01,9.566746711730957031e+00,-4.685024738311767578e+00
6.695750665664672852e+01,-1.795714378356933594e+01,5.706691265106201172e+00,3.821273088455200195e+00,-2.863456916809082031e+01,9.526247978210449219e+00,-4.698265075683593750e+00
6.697760772705078125e+01,-1.800219726562500000e+01,6.379693508148193359e+00,4.136619567871093750e+00,-2.820764923095703125e+01,1.032579994201660156e+01,-5.266270160675048828e+00
6.699769711494445801e+01,-1.576536655426025391e+01,4.855037212371826172e+00,4.365732192993164062e+00,-2.844469070434570312e+01,1.089111423492431641e+01,-4.995216846466064453e+00
6.701867461204528809e+01,-1.736808013916015625e+01,5.197068214416503906e+00,4.151576519012451172e+00,-2.836288642883300781e+01,1.021370983123779297e+01,-4.632891178131103516e+00
6.703854751586914062e+01,-1.776505661010742188e+01,5.538089275360107422e+00,4.215216636657714844e+00,-2.850970458984375000e+01,9.726867675781250000e+00,-5.203169822692871094e+00
6.705880880355834961e+01,-1.780731773376464844e+01,6.080768108367919922e+00,4.300397396087646484e+00,-2.825780296325683594e+01,9.847793579101562500e+00,-5.306572914123535156e+00
6.707913780212402344e+01,-1.769225692749023438e+01,6.525612354278564453e+00,4.411426544189453125e+00,-2.778404617309570312e+01,1.053779411315917969e+01,-4.491544246673583984e+00
6.709929895401000977e+01,-1.531056213378906250e+01,4.943727016448974609e+00,2.640158891677856445e+00,-2.835591506958007812e+01,1.088593578338623047e+01,-5.325350284576416016e+00
6.711944198608398438e+01,-1.646134376525878906e+01,5.343791961669921875e+00,5.320529937744140625e+00,-2.850023078918457031e+01,1.042012119293212891e+01,-5.015332698822021484e+00
6.713993597030639648e+01,-1.739758110046386719e+01,5.873549461364746094e+00,5.186460018157958984e+00,-2.859461212158203125e+01,1.030027389526367188e+01,-5.004733562469482422e+00
6.716004800796508789e+01,-1.815245819091796875e+01,6.178291320800781250e+00,4.604794025421142578e+00,-2.849267387390136719e+01,1.003653430938720703e+01,-5.365183830261230469e+00
6.718014836311340332e+01,-1.823381423950195312e+01,6.528301715850830078e+00,4.561364650726318359e+00,-2.806292152404785156e+01,1.036001396179199219e+01,-4.899502277374267578e+00
6.720007276535034180e+01,-1.832582855224609375e+01,6.639891147613525391e+00,4.041745662689208984e+00,-2.770879173278808594e+01,1.061544513702392578e+01,-4.465898990631103516e+00
6.721957802772521973e+01,-1.827548408508300781e+01,6.625410079956054688e+00,4.024492740631103516e+00,-2.768100357055664062e+01,1.056362152099609375e+01,-5.018564701080322266e+00
6.723971748352050781e+01,-1.800489616394042969e+01,6.691906929016113281e+00,4.379765033721923828e+00,-2.749500274658203125e+01,1.068812084197998047e+01,-4.530076026916503906e+00
6.725989174842834473e+01,-1.762128257751464844e+01,6.638478755950927734e+00,4.856157779693603516e+00,-2.759446716308593750e+01,1.069045925140380859e+01,-5.088535308837890625e+00
6.728003740310668945e+01,-1.689163208007812500e+01,6.566297054290771484e+00,4.177391529083251953e+00,-2.772967529296875000e+01,1.094502162933349609e+01,-4.825221061706542969e+00
6.730011200904846191e+01,-1.491382503509521484e+01,4.895338058471679688e+00,5.110318660736083984e+00,-2.813515663146972656e+01,1.123584556579589844e+01,-4.649205207824707031e+00
6.732035350799560547e+01,-1.755593681335449219e+01,5.798843383789062500e+00,4.595713138580322266e+00,-2.819913482666015625e+01,1.056134700775146484e+01,-4.734102249145507812e+00
6.734057664871215820e+01,-1.819827842712402344e+01,6.087972640991210938e+00,4.410227775573730469e+00,-2.802583694458007812e+01,1.005607032775878906e+01,-4.561954021453857422e+00
6.736065769195556641e+01,-1.800939559936523438e+01,6.410588741302490234e+00,4.524971485137939453e+00,-2.796748352050781250e+01,1.003834438323974609e+01,-5.063410758972167969e+00
6.738083457946777344e+01,-1.803965377807617188e+01,6.542840957641601562e+00,4.046031951904296875e+00,-2.760523986816406250e+01,1.031865215301513672e+01,-4.479355812072753906e+00
6.740089273452758789e+01,-1.798444366455078125e+01,6.539739608764648438e+00,4.036084175109863281e+00,-2.763427162170410156e+01,1.030094814300537109e+01,-4.988852024078369141e+00
6.742104649543762207e+01,-1.738900184631347656e+01,6.504726886749267578e+00,4.992815017700195312e+00,-2.761606788635253906e+01,1.030903625488281250e+01,-5.015790939331054688e+00
6.744109129905700684e+01,-1.510917568206787109e+01,4.672259807586669922e+00,3.108958721160888672e+00,-2.817957305908203125e+01,1.063627719879150391e+01,-4.830325126647949219e+00
6.746130800247192383e+01,-1.559208011627197266e+01,4.600498676300048828e+00,4.330462932586669922e+00,-2.844485092163085938e+01,9.810524940490722656e+00,-5.187211036682128906e+00
6.748146820068359375e+01,-1.697568893432617188e+01,5.556244373321533203e+00,5.326288223266601562e+00,-2.864431953430175781e+01,9.625031471252441406e+00,-5.252459049224853516e+00
6.750173449516296387e+01,-1.790863418579101562e+01,6.111313343048095703e+00,4.523363113403320312e+00,-2.843776130676269531e+01,9.706042289733886719e+00,-5.125037193298339844e+00
6.752199435234069824e+01,-1.809237670898437500e+01,6.260305404663085938e+00,4.019568443298339844e+00,-2.813859367370605469e+01,9.827302932739257812e+00,-4.749724864959716797e+00
6.754187893867492676e+01,-1.823636054992675781e+01,6.182163715362548828e+00,3.541935920715332031e+00,-2.804671859741210938e+01,9.813004493713378906e+00,-5.112287044525146484e+00
6.756194972991943359e+01,-1.787201690673828125e+01,6.315553188323974609e+00,4.218744754791259766e+00,-2.790228462219238281e+01,1.004496192932128906e+01,-4.756596088409423828e+00
6.758220982551574707e+01,-1.733214378356933594e+01,6.402420997619628906e+00,5.004929065704345703e+00,-2.801627349853515625e+01,1.012137889862060547e+01,-5.050192832946777344e+00
6.760221242904663086e+01,-1.773117828369140625e+01,6.172891139984130859e+00,3.862903594970703125e+00,-2.786541938781738281e+01,1.017269611358642578e+01,-4.523724555969238281e+00
6.762395763397216797e+01,-1.744466972351074219e+01,6.420468807220458984e+00,4.698808193206787109e+00,-2.741658401489257812e+01,1.049044513702392578e+01,-5.261927604675292969e+00
6.764376854896545410e+01,-1.801506423950195312e+01,6.412590980529785156e+00,5.130085945129394531e+00,-2.529903221130371094e+01,8.229908943176269531e+00,-5.298110485076904297e+00
6.766256427764892578e+01,-1.799238586425781250e+01,5.693818092346191406e+00,4.471326828002929688e+00,-2.691395378112792969e+01,8.904504776000976562e+00,-2.500499963760375977e+00
6.768269515037536621e+01,-1.747629356384277344e+01,5.758598804473876953e+00,3.956704616546630859e+00,-2.779243087768554688e+01,9.850495338439941406e+00,-2.622119426727294922e+00
6.770282506942749023e+01,-1.699524497985839844e+01,5.993724822998046875e+00,4.342278957366943359e+00,-2.831682586669921875e+01,1.053042602539062500e+01,-3.367347955703735352e+00
6.772383117675781250e+01,-1.729260253906250000e+01,6.299347400665283203e+00,4.239109992980957031e+00,-2.867150878906250000e+01,1.078795433044433594e+01,-4.334886550903320312e+00
6.774379444122314453e+01,-1.718655586242675781e+01,6.009148597717285156e+00,4.917433738708496094e+00,-2.901195335388183594e+01,1.032925128936767578e+01,-5.242453098297119141e+00
6.776384544372558594e+01,-1.750229072570800781e+01,5.821090698242187500e+00,3.912978649139404297e+00,-2.906936645507812500e+01,9.917974472045898438e+00,-5.564399719238281250e+00
6.778485941886901855e+01,-1.718841743469238281e+01,5.624066829681396484e+00,4.839466094970703125e+00,-2.903927230834960938e+01,9.460405349731445312e+00,-5.603103160858154297e+00
6.780405330657958984e+01,-1.463154697418212891e+01,4.053318977355957031e+00,4.112978458404541016e+00,-2.934498977661132812e+01,9.736232757568359375e+00,-5.546100616455078125e+00
6.782453107833862305e+01,-1.731661796569824219e+01,5.070327758789062500e+00,4.741965293884277344e+00,-2.936644363403320312e+01,8.953857421875000000e+00,-5.306961536407470703e+00
6.784463691711425781e+01,-1.772855377197265625e+01,5.375867843627929688e+00,4.398768901824951172e+00,-2.924511718750000000e+01,8.611743927001953125e+00,-5.125278472900390625e+00
6.786473870277404785e+01,-1.778488349914550781e+01,5.559150218963623047e+00,3.596203088760375977e+00,-2.889118766784667969e+01,9.015558242797851562e+00,-4.504565238952636719e+00
6.788478255271911621e+01,-1.569340133666992188e+01,3.942988157272338867e+00,3.987871646881103516e+00,-2.911871528625488281e+01,9.201503753662109375e+00,-4.501211643218994141e+00
6.790495324134826660e+01,-1.738593673706054688e+01,4.978404045104980469e+00,4.422276496887207031e+00,-2.942982673645019531e+01,8.629367828369140625e+00,-4.816104412078857422e+00
6.792493462562561035e+01,-1.746288299560546875e+01,5.125573158264160156e+00,4.420497417449951172e+00,-2.968529701232910156e+01,8.270649909973144531e+00,-5.225176334381103516e+00
6.794509601593017578e+01,-1.740604400634765625e+01,5.315953254699707031e+00,4.447400569915771484e+00,-2.955979347229003906e+01,8.282913208007812500e+00,-5.016684532165527344e+00
6.796523022651672363e+01,-1.750109100341796875e+01,5.409926891326904297e+00,4.141081333160400391e+00,-2.942639732360839844e+01,8.570007324218750000e+00,-4.986994743347167969e+00
6.798531460762023926e+01,-1.677929496765136719e+01,4.797322750091552734e+00,4.510756969451904297e+00,-2.975130653381347656e+01,9.184914588928222656e+00,-4.031218528747558594e+00
6.800552272796630859e+01,-1.841157150268554688e+01,5.125877380371093750e+00,4.466514587402343750e+00,-2.743667984008789062e+01,6.384587764739990234e+00,-5.593617916107177734e+00
6.802565073966979980e+01,-1.790206909179687500e+01,4.647919654846191406e+00,4.555480957031250000e+00,-2.982974433898925781e+01,7.700891017913818359e+00,-2.218955755233764648e+00
6.804571628570556641e+01,-1.730989646911621094e+01,5.218969821929931641e+00,3.674449920654296875e+00,-3.023240852355957031e+01,8.743471145629882812e+00,-4.820987701416015625e+00
6.806592011451721191e+01,-1.705295181274414062e+01,5.206637382507324219e+00,4.904259204864501953e+00,-3.051460647583007812e+01,8.835849761962890625e+00,-5.651422023773193359e+00
6.808656692504882812e+01,-1.775222206115722656e+01,5.050391674041748047e+00,4.191798686981201172e+00,-3.059943008422851562e+01,8.415778160095214844e+00,-5.706647872924804688e+00
6.810664510726928711e+01,-1.738248634338378906e+01,5.139016628265380859e+00,4.796962261199951172e+00,-3.045741462707519531e+01,8.647125244140625000e+00,-5.116252899169921875e+00
6.812679934501647949e+01,-1.762895011901855469e+01,5.009757041931152344e+00,4.281408786773681641e+00,-3.045601463317871094e+01,8.406543731689453125e+00,-5.499928951263427734e+00
6.814687490463256836e+01,-1.559043121337890625e+01,3.350663423538208008e+00,4.504096508026123047e+00,-3.064752388000488281e+01,8.440862655639648438e+00,-4.717130661010742188e+00
6.816691112518310547e+01,-1.691065597534179688e+01,4.162656307220458984e+00,4.699873447418212891e+00,-3.118402862548828125e+01,7.666993618011474609e+00,-5.605262279510498047e+00
6.821536970138549805e+01,-1.737333869934082031e+01,4.437457084655761719e+00,4.616631507873535156e+00,-3.124675750732421875e+01,7.347620010375976562e+00,-4.792330265045166016e+00
6.821960330009460449e+01,-1.755759048461914062e+01,4.498616218566894531e+00,4.100557327270507812e+00,-3.117628288269042969e+01,7.353588104248046875e+00,-4.712672233581542969e+00
6.823873901367187500e+01,-1.761561965942382812e+01,5.151110649108886719e+00,4.591157436370849609e+00,-3.036712265014648438e+01,7.960815429687500000e+00,-6.699004650115966797e+00
6.825883173942565918e+01,-1.627814483642578125e+01,3.009466648101806641e+00,5.642535209655761719e+00,-2.985605049133300781e+01,5.650872707366943359e+00,-3.874854326248168945e+00
6.827773046493530273e+01,-1.794181632995605469e+01,4.011306762695312500e+00,5.157232284545898438e+00,-3.144687461853027344e+01,7.076395988464355469e+00,-2.216092824935913086e+00
6.829779410362243652e+01,-1.735489082336425781e+01,4.849032878875732422e+00,4.788476467132568359e+00,-3.202302932739257812e+01,8.080242156982421875e+00,-3.440364599227905273e+00
6.831882095336914062e+01,-1.764057731628417969e+01,5.449357509613037109e+00,4.777993202209472656e+00,-3.235956954956054688e+01,8.504460334777832031e+00,-5.123771190643310547e+00
6.833863973617553711e+01,-1.808132553100585938e+01,5.473480701446533203e+00,4.276694774627685547e+00,-3.235642242431640625e+01,8.563643455505371094e+00,-5.717749595642089844e+00
6.835865044593811035e+01,-1.839222145080566406e+01,5.083128929138183594e+00,3.770868062973022461e+00,-3.216858291625976562e+01,8.286678314208984375e+00,-5.871143341064453125e+00
6.837867665290832520e+01,-1.739155387878417969e+01,4.968589782714843750e+00,5.917922496795654297e+00,-3.197422218322753906e+01,8.073244094848632812e+00,-5.988407611846923828e+00
6.839887428283691406e+01,-1.522467231750488281e+01,3.254154443740844727e+00,3.558145761489868164e+00,-3.190828704833984375e+01,8.505852699279785156e+00,-4.964684486389160156e+00
6.841941332817077637e+01,-1.620134925842285156e+01,3.991997480392456055e+00,5.706245422363281250e+00,-3.203571701049804688e+01,8.099098205566406250e+00,-5.703432559967041016e+00
6.843971943855285645e+01,-1.753926658630371094e+01,4.800024986267089844e+00,5.162886142730712891e+00,-3.199674987792968750e+01,7.867722034454345703e+00,-6.025557041168212891e+00
6.845984697341918945e+01,-1.802246093750000000e+01,5.271766185760498047e+00,4.952611446380615234e+00,-3.150444221496582031e+01,8.362587928771972656e+00,-5.257601261138916016e+00
6.847972655296325684e+01,-1.812418365478515625e+01,5.583083629608154297e+00,5.013416767120361328e+00,-3.129109382629394531e+01,8.534199714660644531e+00,-5.592185974121093750e+00
6.849969887733459473e+01,-1.839821624755859375e+01,5.444448947906494141e+00,4.137637138366699219e+00,-3.107030296325683594e+01,8.560559272766113281e+00,-5.668754100799560547e+00
6.851987314224243164e+01,-1.771812248229980469e+01,5.474992275238037109e+00,5.367827892303466797e+00,-3.076394462585449219e+01,8.695452690124511719e+00,-5.644638061523437500e+00
6.854000782966613770e+01,-1.751873588562011719e+01,4.749865531921386719e+00,4.635397434234619141e+00,-3.094035911560058594e+01,8.561410903930664062e+00,-5.645101070404052734e+00
6.856026124954223633e+01,-1.766220855712890625e+01,5.128383159637451172e+00,4.960258007049560547e+00,-3.096435546875000000e+01,8.227323532104492188e+00,-5.402651786804199219e+00
6.858030390739440918e+01,-1.765785408020019531e+01,5.524911403656005859e+00,4.986276626586914062e+00,-3.073361206054687500e+01,8.708886146545410156e+00,-4.760514736175537109e+00
6.860041356086730957e+01,-1.784364509582519531e+01,5.823953628540039062e+00,4.471625328063964844e+00,-3.067520713806152344e+01,9.120997428894042969e+00,-5.349445343017578125e+00
6.862054514884948730e+01,-1.763883972167968750e+01,5.751993656158447266e+00,5.316581249237060547e+00,-3.040140151977539062e+01,9.215991020202636719e+00,-4.861545562744140625e+00
6.864061069488525391e+01,-1.782742118835449219e+01,5.097167968750000000e+00,5.570934772491455078e+00,-2.820357704162597656e+01,7.029085159301757812e+00,-5.937204837799072266e+00
6.866070461273193359e+01,-1.809262657165527344e+01,4.935239315032958984e+00,5.011659145355224609e+00,-3.050464630126953125e+01,8.244042396545410156e+00,-2.455994606018066406e+00
6.868085646629333496e+01,-1.755261611938476562e+01,5.788539886474609375e+00,4.956216335296630859e+00,-3.065128707885742188e+01,9.531560897827148438e+00,-3.415500879287719727e+00
6.870097255706787109e+01,-1.769787788391113281e+01,6.267274856567382812e+00,4.362078189849853516e+00,-3.083351898193359375e+01,1.004252719879150391e+01,-5.114206790924072266e+00
6.872103643417358398e+01,-1.740761375427246094e+01,6.139736652374267578e+00,5.321973323822021484e+00,-3.068729972839355469e+01,9.790557861328125000e+00,-5.937261104583740234e+00
6.874118185043334961e+01,-1.669668197631835938e+01,4.717705249786376953e+00,5.273059368133544922e+00,-3.084525489807128906e+01,9.059924125671386719e+00,-6.049988746643066406e+00
6.876163244247436523e+01,-1.734856033325195312e+01,5.090971469879150391e+00,4.869360923767089844e+00,-3.058644676208496094e+01,8.925765991210937500e+00,-5.371947288513183594e+00
6.878180861473083496e+01,-1.747212219238281250e+01,5.584631919860839844e+00,4.801680564880371094e+00,-3.009294891357421875e+01,9.005262374877929688e+00,-4.937847614288330078e+00
6.880149292945861816e+01,-1.746572875976562500e+01,6.004100799560546875e+00,4.340897083282470703e+00,-2.995804214477539062e+01,9.386050224304199219e+00,-5.697999954223632812e+00
6.882156753540039062e+01,-1.591407871246337891e+01,4.969935894012451172e+00,5.467700004577636719e+00,-3.007237434387207031e+01,9.718664169311523438e+00,-5.401432037353515625e+00
6.884212779998779297e+01,-1.761161804199218750e+01,5.580242633819580078e+00,4.780943870544433594e+00,-3.010130691528320312e+01,9.111170768737792969e+00,-5.397859096527099609e+00
6.886175417900085449e+01,-1.743042373657226562e+01,5.829627513885498047e+00,4.887521266937255859e+00,-3.002785873413085938e+01,9.056158065795898438e+00,-5.322170734405517578e+00
6.888206887245178223e+01,-1.737164878845214844e+01,6.216661930084228516e+00,4.928167819976806641e+00,-2.976306724548339844e+01,9.579319000244140625e+00,-5.045330047607421875e+00
6.890204381942749023e+01,-1.580317974090576172e+01,5.096987724304199219e+00,5.729694366455078125e+00,-2.998773574829101562e+01,1.006446552276611328e+01,-4.900030136108398438e+00
6.892211866378784180e+01,-1.729708480834960938e+01,5.526070117950439453e+00,4.955344200134277344e+00,-2.955897521972656250e+01,9.775071144104003906e+00,-5.643795490264892578e+00
6.894230461120605469e+01,-1.819512367248535156e+01,5.431180953979492188e+00,5.046974658966064453e+00,-2.875406074523925781e+01,7.988073825836181641e+00,-2.591282129287719727e+00
6.896232676506042480e+01,-1.752127265930175781e+01,5.940312862396240234e+00,4.976192474365234375e+00,-2.937651062011718750e+01,9.443412780761718750e+00,-2.745378732681274414e+00
6.898263669013977051e+01,-1.737724685668945312e+01,6.526324272155761719e+00,4.902269363403320312e+00,-2.965133857727050781e+01,1.053244781494140625e+01,-3.471596717834472656e+00
6.900320291519165039e+01,-1.688324165344238281e+01,6.560265064239501953e+00,5.701082706451416016e+00,-3.006136703491210938e+01,1.055106163024902344e+01,-5.746512413024902344e+00
6.902354025840759277e+01,-1.698128700256347656e+01,6.325832843780517578e+00,5.666164398193359375e+00,-2.989571380615234375e+01,1.024173927307128906e+01,-5.984123706817626953e+00
6.904426932334899902e+01,-1.748797988891601562e+01,6.212856292724609375e+00,3.905484914779663086e+00,-2.946438407897949219e+01,1.037274551391601562e+01,-5.607573986053466797e+00
6.909238648414611816e+01,-1.693077278137207031e+01,6.232543468475341797e+00,5.472148895263671875e+00,-2.925172805786132812e+01,1.024844074249267578e+01,-5.221830368041992188e+00
6.909513425827026367e+01,-1.661412048339843750e+01,6.149726390838623047e+00,5.703367710113525391e+00,-2.907998085021972656e+01,1.027396011352539062e+01,-5.007859706878662109e+00
6.911551094055175781e+01,-1.712185287475585938e+01,6.392832756042480469e+00,4.161556720733642578e+00,-2.886641311645507812e+01,1.052492141723632812e+01,-4.914783000946044922e+00
6.913549375534057617e+01,-1.699001121520996094e+01,6.247682571411132812e+00,4.288009166717529297e+00,-2.882834815979003906e+01,1.046541690826416016e+01,-4.882553577423095703e+00
6.915549564361572266e+01,-1.693183708190917969e+01,6.289045810699462891e+00,5.057638645172119141e+00,-2.888487052917480469e+01,1.022425460815429688e+01,-5.067555427551269531e+00
6.917556810379028320e+01,-1.652208137512207031e+01,6.192863464355468750e+00,5.920840263366699219e+00,-2.893313026428222656e+01,1.018799209594726562e+01,-4.821052551269531250e+00
6.919566059112548828e+01,-1.440233421325683594e+01,4.380388736724853516e+00,3.522578954696655273e+00,-2.966434097290039062e+01,1.018532657623291016e+01,-5.400843143463134766e+00
6.921580553054809570e+01,-1.671294403076171875e+01,5.491130352020263672e+00,5.787682056427001953e+00,-2.958140373229980469e+01,9.706312179565429688e+00,-4.909420490264892578e+00
6.923586034774780273e+01,-1.740004920959472656e+01,5.902802944183349609e+00,4.804133415222167969e+00,-2.931960105895996094e+01,9.426447868347167969e+00,-4.866767883300781250e+00
6.925599145889282227e+01,-1.733946609497070312e+01,6.064967632293701172e+00,3.973318338394165039e+00,-2.911907196044921875e+01,9.511540412902832031e+00,-5.567036628723144531e+00
6.927608561515808105e+01,-1.718129920959472656e+01,6.295331001281738281e+00,4.703137397766113281e+00,-2.878715324401855469e+01,9.822211265563964844e+00,-5.260514736175537109e+00
6.929624438285827637e+01,-1.470708656311035156e+01,4.421049594879150391e+00,5.387066364288330078e+00,-2.916973686218261719e+01,9.910662651062011719e+00,-5.052367687225341797e+00
6.931626152992248535e+01,-1.674362564086914062e+01,5.231530666351318359e+00,4.696324825286865234e+00,-2.928034782409667969e+01,9.283696174621582031e+00,-5.101121425628662109e+00
6.933642649650573730e+01,-1.702935600280761719e+01,5.640589714050292969e+00,4.763207435607910156e+00,-2.927332115173339844e+01,8.956513404846191406e+00,-5.058305740356445312e+00
6.935647296905517578e+01,-1.691361618041992188e+01,6.001092433929443359e+00,4.878882408142089844e+00,-2.926087188720703125e+01,9.165321350097656250e+00,-5.441095352172851562e+00
6.937664008140563965e+01,-1.696753311157226562e+01,6.199503898620605469e+00,4.910189151763916016e+00,-2.893689346313476562e+01,9.544605255126953125e+00,-4.729442596435546875e+00
6.939676022529602051e+01,-1.709770774841308594e+01,6.263464450836181641e+00,4.357476234436035156e+00,-2.901209449768066406e+01,9.755437850952148438e+00,-5.279319286346435547e+00
6.941705250740051270e+01,-1.678527450561523438e+01,6.089404106140136719e+00,5.732047080993652344e+00,-2.889858818054199219e+01,9.868150711059570312e+00,-4.728046894073486328e+00
6.943710207939147949e+01,-1.616706657409667969e+01,5.971129894256591797e+00,4.658456325531005859e+00,-2.924441146850585938e+01,9.803487777709960938e+00,-5.311849117279052734e+00
6.945761990547180176e+01,-1.429621982574462891e+01,4.431388854980468750e+00,5.464772701263427734e+00,-2.969191932678222656e+01,1.022723484039306641e+01,-5.246182918548583984e+00
6.947732877731323242e+01,-1.653713607788085938e+01,4.841418266296386719e+00,4.806322574615478516e+00,-2.979366874694824219e+01,9.224906921386718750e+00,-5.652129650115966797e+00
6.949737977981567383e+01,-1.747771072387695312e+01,5.447660446166992188e+00,4.717147827148437500e+00,-2.936676216125488281e+01,8.942543983459472656e+00,-4.760702610015869141e+00
6.951753425598144531e+01,-1.707994842529296875e+01,5.866741657257080078e+00,4.863537788391113281e+00,-2.926125526428222656e+01,8.953632354736328125e+00,-5.558338642120361328e+00
6.953759336471557617e+01,-1.721965408325195312e+01,6.043254852294921875e+00,3.837818145751953125e+00,-2.892194747924804688e+01,9.530863761901855469e+00,-5.429306030273437500e+00
6.955871009826660156e+01,-1.704200363159179688e+01,5.880535125732421875e+00,4.228240966796875000e+00,-2.889984130859375000e+01,9.588059425354003906e+00,-5.262489795684814453e+00
6.957881259918212891e+01,-1.648831939697265625e+01,5.995774745941162109e+00,5.971376895904541016e+00,-2.898868751525878906e+01,9.670287132263183594e+00,-5.317771434783935547e+00
6.959880113601684570e+01,-1.710642242431640625e+01,5.898739814758300781e+00,4.414875030517578125e+00,-2.890560913085937500e+01,9.698450088500976562e+00,-5.087574481964111328e+00
6.961932444572448730e+01,-1.676767539978027344e+01,6.000195026397705078e+00,5.114964962005615234e+00,-2.905255889892578125e+01,9.565150260925292969e+00,-5.510891437530517578e+00
6.963876676559448242e+01,-1.687383842468261719e+01,5.989902973175048828e+00,4.578039169311523438e+00,-2.895607757568359375e+01,9.709917068481445312e+00,-5.514229774475097656e+00
6.965943241119384766e+01,-1.692795944213867188e+01,5.952010631561279297e+00,4.466952323913574219e+00,-2.887350273132324219e+01,9.867117881774902344e+00,-5.107456684112548828e+00
6.967988419532775879e+01,-1.697869110107421875e+01,5.873088836669921875e+00,4.401113986968994141e+00,-2.885633659362792969e+01,9.703823089599609375e+00,-5.032838344573974609e+00
6.969998383522033691e+01,-1.682025909423828125e+01,5.799163818359375000e+00,4.777458190917968750e+00,-2.880204582214355469e+01,9.627001762390136719e+00,-4.779384136199951172e+00
6.971958613395690918e+01,-1.578924083709716797e+01,5.832738876342773438e+00,4.209372997283935547e+00,-2.916902923583984375e+01,9.588293075561523438e+00,-5.548212528228759766e+00
6.973952794075012207e+01,-1.485477352142333984e+01,4.810523033142089844e+00,6.094240188598632812e+00,-2.971170043945312500e+01,9.877749443054199219e+00,-5.499260425567626953e+00
6.975964212417602539e+01,-1.752971267700195312e+01,5.463432788848876953e+00,4.638544559478759766e+00,-2.956522178649902344e+01,9.019688606262207031e+00,-5.631442546844482422e+00
6.977950763702392578e+01,-1.729949760437011719e+01,5.661678791046142578e+00,4.809125900268554688e+00,-2.926271247863769531e+01,8.795208930969238281e+00,-5.480057716369628906e+00
6.980008172988891602e+01,-1.741756057739257812e+01,5.782890796661376953e+00,4.039738655090332031e+00,-2.881712532043457031e+01,9.212983131408691406e+00,-4.981712341308593750e+00
6.982015562057495117e+01,-1.714171028137207031e+01,5.933495521545410156e+00,4.606411933898925781e+00,-2.882734680175781250e+01,9.183632850646972656e+00,-5.365377426147460938e+00
6.984024024009704590e+01,-1.707952117919921875e+01,5.869683742523193359e+00,4.292937278747558594e+00,-2.864704322814941406e+01,9.353934288024902344e+00,-4.713296413421630859e+00
6.986045765876770020e+01,-1.588907241821289062e+01,5.823521614074707031e+00,2.751826286315917969e+00,-2.892938232421875000e+01,9.458564758300781250e+00,-5.340650081634521484e+00
6.988058018684387207e+01,-1.416670513153076172e+01,4.040330410003662109e+00,5.655691623687744141e+00,-2.953704261779785156e+01,9.539709091186523438e+00,-5.122986793518066406e+00
6.990072178840637207e+01,-1.730270004272460938e+01,5.271866798400878906e+00,4.791574954986572266e+00,-2.960186958312988281e+01,8.933492660522460938e+00,-5.474113941192626953e+00
6.992111372947692871e+01,-1.742219543457031250e+01,5.456336975097656250e+00,4.833464145660400391e+00,-2.937920761108398438e+01,8.431393623352050781e+00,-5.290578365325927734e+00
6.994107198715209961e+01,-1.739917564392089844e+01,5.649544239044189453e+00,4.013066291809082031e+00,-2.889393424987792969e+01,8.862607955932617188e+00,-4.712575435638427734e+00
6.996124768257141113e+01,-1.717188072204589844e+01,5.804583072662353516e+00,4.261478424072265625e+00,-2.893129539489746094e+01,8.975179672241210938e+00,-5.487209320068359375e+00
6.998119091987609863e+01,-1.690451812744140625e+01,5.873848915100097656e+00,4.706320762634277344e+00,-2.886051177978515625e+01,9.336824417114257812e+00,-5.305500984191894531e+00
7.000147366523742676e+01,-1.703109169006347656e+01,5.854118824005126953e+00,4.812406063079833984e+00,-2.877248764038085938e+01,9.352473258972167969e+00,-4.715709686279296875e+00
7.002148365974426270e+01,-1.591157531738281250e+01,5.806977748870849609e+00,2.904193401336669922e+00,-2.913850975036621094e+01,9.437333106994628906e+00,-5.372588157653808594e+00
7.004150700569152832e+01,-1.570215129852294922e+01,4.417283058166503906e+00,5.853076934814453125e+00,-2.970052528381347656e+01,8.762780189514160156e+00,-5.123921394348144531e+00
7.006166911125183105e+01,-1.698653221130371094e+01,5.105539321899414062e+00,5.179369449615478516e+00,-2.984094047546386719e+01,8.411213874816894531e+00,-5.154544353485107422e+00
7.008177018165588379e+01,-1.732825660705566406e+01,5.575126647949218750e+00,4.872120857238769531e+00,-2.946738624572753906e+01,8.538066864013671875e+00,-4.804780960083007812e+00
7.010180711746215820e+01,-1.761815834045410156e+01,5.690552234649658203e+00,3.812922000885009766e+00,-2.925265312194824219e+01,8.815148353576660156e+00,-5.404360771179199219e+00
7.012198853492736816e+01,-1.702423667907714844e+01,5.759634971618652344e+00,5.360567569732666016e+00,-2.909085464477539062e+01,8.856618881225585938e+00,-5.205787181854248047e+00
7.014214372634887695e+01,-1.696675109863281250e+01,4.923325061798095703e+00,4.588347911834716797e+00,-2.949317932128906250e+01,8.539511680603027344e+00,-5.349224567413330078e+00
7.016226124763488770e+01,-1.701372528076171875e+01,5.259831905364990234e+00,5.141919612884521484e+00,-2.957904052734375000e+01,8.221370697021484375e+00,-5.286033153533935547e+00
7.018370056152343750e+01,-1.693782424926757812e+01,5.705996036529541016e+00,4.891816139221191406e+00,-2.935704803466796875e+01,8.662076950073242188e+00,-5.033588886260986328e+00
7.020244646072387695e+01,-1.671288681030273438e+01,5.802296638488769531e+00,5.462374210357666016e+00,-2.918670845031738281e+01,9.159006118774414062e+00,-5.002316474914550781e+00
7.022253847122192383e+01,-1.444142913818359375e+01,4.255531787872314453e+00,4.616570472717285156e+00,-2.969180488586425781e+01,9.609826087951660156e+00,-4.867747306823730469e+00
7.024269723892211914e+01,-1.729020500183105469e+01,5.313763618469238281e+00,5.193059921264648438e+00,-2.987828826904296875e+01,8.971331596374511719e+00,-5.202236175537109375e+00
7.026371836662292480e+01,-1.766726493835449219e+01,5.595601558685302734e+00,4.855271339416503906e+00,-2.962303543090820312e+01,8.679836273193359375e+00,-5.111851215362548828e+00
7.028380274772644043e+01,-1.754960823059082031e+01,5.783104419708251953e+00,4.001564502716064453e+00,-2.913578224182128906e+01,9.109875679016113281e+00,-4.787830352783203125e+00
7.030400180816650391e+01,-1.705159950256347656e+01,5.826035022735595703e+00,5.193947315216064453e+00,-2.887948989868164062e+01,9.373153686523437500e+00,-4.724850177764892578e+00
7.032427191734313965e+01,-1.698041915893554688e+01,5.971374511718750000e+00,5.263352394104003906e+00,-2.906219673156738281e+01,9.338271141052246094e+00,-5.593784332275390625e+00
7.034454083442687988e+01,-1.708247566223144531e+01,5.893491744995117188e+00,4.722452163696289062e+00,-2.898841667175292969e+01,9.524000167846679688e+00,-5.371240615844726562e+00
7.036453461647033691e+01,-1.681575775146484375e+01,5.981461048126220703e+00,5.420886993408203125e+00,-2.903893280029296875e+01,9.562728881835937500e+00,-5.543051242828369141e+00
7.038481807708740234e+01,-1.692937660217285156e+01,5.858903884887695312e+00,4.818439483642578125e+00,-2.899696922302246094e+01,9.638829231262207031e+00,-5.562023162841796875e+00
7.040454220771789551e+01,-1.697126388549804688e+01,5.886053085327148438e+00,4.802370548248291016e+00,-2.893513488769531250e+01,9.600369453430175781e+00,-5.550212383270263672e+00
7.042454481124877930e+01,-1.605883216857910156e+01,5.846889495849609375e+00,4.372076988220214844e+00,-2.894710922241210938e+01,9.831758499145507812e+00,-4.783669948577880859e+00
7.044456243515014648e+01,-1.503239727020263672e+01,4.850907325744628906e+00,6.137064456939697266e+00,-2.973514747619628906e+01,9.876577377319335938e+00,-5.694679737091064453e+00
7.046513938903808594e+01,-1.701229476928710938e+01,5.092841625213623047e+00,5.036352157592773438e+00,-2.966582679748535156e+01,9.181655883789062500e+00,-5.300238132476806641e+00
7.048503398895263672e+01,-1.757479476928710938e+01,5.431554317474365234e+00,4.814173221588134766e+00,-2.944218444824218750e+01,8.578264236450195312e+00,-5.338003635406494141e+00
7.050524449348449707e+01,-1.742514038085937500e+01,5.635444641113281250e+00,3.966929674148559570e+00,-2.898883056640625000e+01,8.865925788879394531e+00,-5.028698921203613281e+00
7.052527236938476562e+01,-1.718079185485839844e+01,5.869125843048095703e+00,4.282372474670410156e+00,-2.869019699096679688e+01,9.258587837219238281e+00,-4.755114555358886719e+00
7.054540562629699707e+01,-1.572002029418945312e+01,5.911341190338134766e+00,5.784528732299804688e+00,-2.899196815490722656e+01,9.677578926086425781e+00,-4.823795318603515625e+00
7.056561207771301270e+01,-1.688397026062011719e+01,5.220165729522705078e+00,5.153714179992675781e+00,-2.959352874755859375e+01,9.243499755859375000e+00,-5.189177513122558594e+00
7.058572030067443848e+01,-1.757080268859863281e+01,5.564685821533203125e+00,4.826817512512207031e+00,-2.946041488647460938e+01,8.724045753479003906e+00,-5.098353862762451172e+00
7.060583996772766113e+01,-1.747308540344238281e+01,5.727311134338378906e+00,3.954195261001586914e+00,-2.902031517028808594e+01,9.016706466674804688e+00,-4.788121223449707031e+00
7.062608289718627930e+01,-1.732193565368652344e+01,5.956538200378417969e+00,4.273603439331054688e+00,-2.886890602111816406e+01,9.212669372558593750e+00,-5.412922382354736328e+00
7.064621496200561523e+01,-1.600826454162597656e+01,5.951811790466308594e+00,4.526694297790527344e+00,-2.901902198791503906e+01,9.539632797241210938e+00,-5.488530158996582031e+00
7.066615629196166992e+01,-1.660053062438964844e+01,5.219493389129638672e+00,5.754467487335205078e+00,-2.956880950927734375e+01,9.221131324768066406e+00,-5.639602661132812500e+00
7.068634247779846191e+01,-1.757550811767578125e+01,5.581029415130615234e+00,4.852814197540283203e+00,-2.947845268249511719e+01,8.898277282714843750e+00,-5.440425872802734375e+00
7.070645356178283691e+01,-1.743646621704101562e+01,5.808769226074218750e+00,4.926433563232421875e+00,-2.915600013732910156e+01,8.903162956237792969e+00,-5.036351680755615234e+00
7.072647571563720703e+01,-1.742784500122070312e+01,6.076811790466308594e+00,4.449085712432861328e+00,-2.895298957824707031e+01,9.223350524902343750e+00,-5.441808700561523438e+00
7.074661946296691895e+01,-1.728007125854492188e+01,6.010196685791015625e+00,4.715716838836669922e+00,-2.871618843078613281e+01,9.229733467102050781e+00,-5.231274127960205078e+00
7.076674127578735352e+01,-1.480617904663085938e+01,4.332701683044433594e+00,5.039312362670898438e+00,-2.903366470336914062e+01,9.700164794921875000e+00,-4.791909694671630859e+00
7.078683209419250488e+01,-1.719929695129394531e+01,5.356462478637695312e+00,4.642326831817626953e+00,-2.907541847229003906e+01,9.094712257385253906e+00,-4.879896163940429688e+00
7.080706572532653809e+01,-1.714502525329589844e+01,5.607776641845703125e+00,4.784705638885498047e+00,-2.904260444641113281e+01,8.849988937377929688e+00,-4.777406692504882812e+00
7.082710075378417969e+01,-1.693445014953613281e+01,5.974638938903808594e+00,4.882749080657958984e+00,-2.883841896057128906e+01,9.245097160339355469e+00,-4.740863323211669922e+00
7.084718871116638184e+01,-1.450811481475830078e+01,4.437047004699707031e+00,3.050274133682250977e+00,-2.937531661987304688e+01,9.641494750976562500e+00,-5.545302391052246094e+00
7.086740851402282715e+01,-1.573020362854003906e+01,4.882144451141357422e+00,5.705029487609863281e+00,-2.953847694396972656e+01,9.257241249084472656e+00,-5.204042434692382812e+00
7.088747000694274902e+01,-1.688371467590332031e+01,5.448575019836425781e+00,5.821032524108886719e+00,-2.959922981262207031e+01,8.979843139648437500e+00,-4.955846786499023438e+00
7.090756583213806152e+01,-1.751154327392578125e+01,5.874238491058349609e+00,4.927371025085449219e+00,-2.948698997497558594e+01,8.936344146728515625e+00,-5.572567939758300781e+00
7.092858505249023438e+01,-1.766510009765625000e+01,6.149834632873535156e+00,4.420643806457519531e+00,-2.905085372924804688e+01,9.476058959960937500e+00,-5.057583332061767578e+00
7.094875025749206543e+01,-1.785282325744628906e+01,5.994471549987792969e+00,3.911152124404907227e+00,-2.891139411926269531e+01,9.365472793579101562e+00,-5.403900146484375000e+00
7.096849870681762695e+01,-1.750753784179687500e+01,5.982625007629394531e+00,4.600495338439941406e+00,-2.868292999267578125e+01,9.382850646972656250e+00,-4.748134136199951172e+00
7.098860430717468262e+01,-1.709999656677246094e+01,6.052153587341308594e+00,4.481387138366699219e+00,-2.882738876342773438e+01,9.520269393920898438e+00,-5.519315242767333984e+00
7.100875997543334961e+01,-1.702242279052734375e+01,6.059503555297851562e+00,4.595627784729003906e+00,-2.872574806213378906e+01,9.885998725891113281e+00,-5.133396148681640625e+00
7.102870798110961914e+01,-1.697940254211425781e+01,6.080430984497070312e+00,5.294231414794921875e+00,-2.864965438842773438e+01,9.794528961181640625e+00,-4.820080757141113281e+00
7.104940199851989746e+01,-1.684451103210449219e+01,6.016841888427734375e+00,5.376827716827392578e+00,-2.881118774414062500e+01,9.601114273071289062e+00,-5.534275531768798828e+00
7.106906676292419434e+01,-1.580292320251464844e+01,4.988837718963623047e+00,4.717943191528320312e+00,-2.911914634704589844e+01,9.857132911682128906e+00,-5.451344013214111328e+00
7.108934712409973145e+01,-1.720246887207031250e+01,5.528879165649414062e+00,4.724102020263671875e+00,-2.916061782836914062e+01,9.116173744201660156e+00,-5.614211082458496094e+00
7.110960221290588379e+01,-1.708530807495117188e+01,5.745563030242919922e+00,4.816531658172607422e+00,-2.904352569580078125e+01,8.969039916992187500e+00,-5.511141777038574219e+00
7.112982273101806641e+01,-1.705514907836914062e+01,5.989222526550292969e+00,4.348644256591796875e+00,-2.878413772583007812e+01,9.371273994445800781e+00,-5.479636192321777344e+00
7.115019083023071289e+01,-1.681634521484375000e+01,5.892058372497558594e+00,5.091014385223388672e+00,-2.872321701049804688e+01,9.577358245849609375e+00,-5.475094795227050781e+00
7.117012286186218262e+01,-1.656758880615234375e+01,5.921192169189453125e+00,5.955284595489501953e+00,-2.880643272399902344e+01,9.539371490478515625e+00,-5.524819374084472656e+00
7.119066524505615234e+01,-1.673963546752929688e+01,5.947621822357177734e+00,5.183186054229736328e+00,-2.882155036926269531e+01,9.586847305297851562e+00,-5.553191184997558594e+00
7.121069645881652832e+01,-1.674011421203613281e+01,5.981523513793945312e+00,5.111100673675537109e+00,-2.861163139343261719e+01,9.813329696655273438e+00,-4.754971981048583984e+00
7.123042654991149902e+01,-1.673908233642578125e+01,5.872957706451416016e+00,5.241428375244140625e+00,-2.863798904418945312e+01,9.734911918640136719e+00,-4.820149421691894531e+00
7.125051212310791016e+01,-1.650658416748046875e+01,5.859939098358154297e+00,5.507296085357666016e+00,-2.866851806640625000e+01,9.715757369995117188e+00,-4.836635589599609375e+00
7.127054905891418457e+01,-1.689122962951660156e+01,5.882750511169433594e+00,4.405606746673583984e+00,-2.877897834777832031e+01,9.523633003234863281e+00,-5.535488128662109375e+00
7.129063487052917480e+01,-1.676920700073242188e+01,5.852166652679443359e+00,4.636771202087402344e+00,-2.869055175781250000e+01,9.646095275878906250e+00,-5.115926265716552734e+00
7.131071400642395020e+01,-1.589866638183593750e+01,5.700064659118652344e+00,4.322318553924560547e+00,-2.888769531250000000e+01,9.492161750793457031e+00,-5.087362289428710938e+00
7.133083868026733398e+01,-1.637223815917968750e+01,4.906185626983642578e+00,5.731395721435546875e+00,-2.950884628295898438e+01,8.879874229431152344e+00,-5.429335117340087891e+00
7.135101723670959473e+01,-1.728763961791992188e+01,5.264820575714111328e+00,4.854516506195068359e+00,-2.942004013061523438e+01,8.468268394470214844e+00,-5.113958358764648438e+00
7.137115263938903809e+01,-1.726620864868164062e+01,5.537381649017333984e+00,4.332030773162841797e+00,-2.915252876281738281e+01,8.616057395935058594e+00,-5.016290187835693359e+00
7.139125776290893555e+01,-1.719816207885742188e+01,5.768554210662841797e+00,4.602980136871337891e+00,-2.898692512512207031e+01,8.793656349182128906e+00,-5.488418579101562500e+00
7.141131424903869629e+01,-1.715840339660644531e+01,5.869913101196289062e+00,4.512916564941406250e+00,-2.876014900207519531e+01,9.205608367919921875e+00,-5.013521671295166016e+00
7.143151831626892090e+01,-1.477316570281982422e+01,4.146200656890869141e+00,4.930167198181152344e+00,-2.933035278320312500e+01,9.329819679260253906e+00,-5.551748752593994141e+00
7.145185017585754395e+01,-1.644245529174804688e+01,4.460125446319580078e+00,4.634417057037353516e+00,-2.929117012023925781e+01,8.592287063598632812e+00,-4.872567176818847656e+00
7.147177696228027344e+01,-1.724975395202636719e+01,5.152602195739746094e+00,4.673299312591552734e+00,-2.850351333618164062e+01,8.405149459838867188e+00,-6.520926475524902344e+00
7.149190902709960938e+01,-1.760283660888671875e+01,4.999380111694335938e+00,4.989597320556640625e+00,-2.745180892944335938e+01,6.584579944610595703e+00,-3.766582965850830078e+00
7.151199173927307129e+01,-1.710143089294433594e+01,5.395177364349365234e+00,4.936442852020263672e+00,-2.833645057678222656e+01,8.212114334106445312e+00,-2.114013195037841797e+00
7.153211450576782227e+01,-1.682810211181640625e+01,5.814164638519287109e+00,4.293954849243164062e+00,-2.929256057739257812e+01,9.433077812194824219e+00,-4.246642112731933594e+00
7.155220508575439453e+01,-1.659116935729980469e+01,5.882471561431884766e+00,5.320840835571289062e+00,-2.969461441040039062e+01,9.593211174011230469e+00,-5.829553127288818359e+00
7.157240462303161621e+01,-1.706986618041992188e+01,5.714414596557617188e+00,5.170198917388916016e+00,-2.966310310363769531e+01,9.210659980773925781e+00,-5.936378955841064453e+00
7.159256124496459961e+01,-1.730954742431640625e+01,5.549394130706787109e+00,4.234025001525878906e+00,-2.939566040039062500e+01,9.029683113098144531e+00,-5.520596027374267578e+00
7.161264348030090332e+01,-1.668770980834960938e+01,5.661427497863769531e+00,5.325144767761230469e+00,-2.923369789123535156e+01,9.214022636413574219e+00,-5.241909980773925781e+00
7.163273382186889648e+01,-1.685871315002441406e+01,5.669178485870361328e+00,4.739706993103027344e+00,-2.899911308288574219e+01,9.363924980163574219e+00,-4.898304939270019531e+00
7.165377807617187500e+01,-1.566229534149169922e+01,4.663724422454833984e+00,4.867846965789794922e+00,-2.934318351745605469e+01,9.548130035400390625e+00,-4.888675212860107422e+00
7.167407703399658203e+01,-1.724242973327636719e+01,5.216758728027343750e+00,4.638906955718994141e+00,-2.930327033996582031e+01,8.765155792236328125e+00,-4.887392044067382812e+00
7.169444775581359863e+01,-1.699375724792480469e+01,5.458037376403808594e+00,4.772360324859619141e+00,-2.919980621337890625e+01,8.668630599975585938e+00,-4.772112846374511719e+00
7.171458339691162109e+01,-1.682682228088378906e+01,5.833018302917480469e+00,4.850307941436767578e+00,-2.918220901489257812e+01,8.914929389953613281e+00,-5.584342479705810547e+00
7.173470377922058105e+01,-1.673825073242187500e+01,5.062877655029296875e+00,4.929091930389404297e+00,-2.949166488647460938e+01,8.839602470397949219e+00,-5.559822082519531250e+00
7.175456190109252930e+01,-1.722250938415527344e+01,5.412702560424804688e+00,4.779572486877441406e+00,-2.950852966308593750e+01,8.643259048461914062e+00,-5.368610858917236328e+00
7.177464127540588379e+01,-1.723676681518554688e+01,5.473697185516357422e+00,4.765609741210937500e+00,-2.949967956542968750e+01,8.594601631164550781e+00,-5.526188373565673828e+00
7.179430961608886719e+01,-1.707212257385253906e+01,5.750643253326416016e+00,4.880862236022949219e+00,-2.923975944519042969e+01,8.750250816345214844e+00,-5.275022983551025391e+00
7.181464242935180664e+01,-1.693094062805175781e+01,5.766743183135986328e+00,4.987786293029785156e+00,-2.908888244628906250e+01,9.115290641784667969e+00,-5.005701065063476562e+00
7.183470678329467773e+01,-1.597489929199218750e+01,5.919734954833984375e+00,2.925690650939941406e+00,-2.933864593505859375e+01,9.403635025024414062e+00,-5.535330295562744141e+00
7.185552501678466797e+01,-1.641886901855468750e+01,4.877435207366943359e+00,6.507561206817626953e+00,-2.926996612548828125e+01,8.916996955871582031e+00,-5.520683288574218750e+00
7.187560272216796875e+01,-1.823797988891601562e+01,5.749061107635498047e+00,5.064925193786621094e+00,-2.866028022766113281e+01,8.235385894775390625e+00,-2.783100605010986328e+00
7.189542436599731445e+01,-1.745592117309570312e+01,5.524919986724853516e+00,3.648399829864501953e+00,-2.953216934204101562e+01,9.227141380310058594e+00,-4.272825717926025391e+00
7.191551756858825684e+01,-1.677052497863769531e+01,6.066523551940917969e+00,5.256111621856689453e+00,-2.939376449584960938e+01,9.498795509338378906e+00,-5.808784961700439453e+00
7.193526244163513184e+01,-1.655956840515136719e+01,4.891281127929687500e+00,4.484912872314453125e+00,-2.967540550231933594e+01,9.006608963012695312e+00,-5.967431068420410156e+00
7.195530390739440918e+01,-1.715364265441894531e+01,5.381093025207519531e+00,5.053099632263183594e+00,-2.957406234741210938e+01,8.702541351318359375e+00,-5.754504203796386719e+00
7.197543406486511230e+01,-1.708786773681640625e+01,5.733191490173339844e+00,4.828487396240234375e+00,-2.920928764343261719e+01,8.901180267333984375e+00,-5.183679580688476562e+00
7.199552726745605469e+01,-1.690169525146484375e+01,6.008536815643310547e+00,4.883752822875976562e+00,-2.908740425109863281e+01,9.319347381591796875e+00,-5.719484329223632812e+00
7.201560831069946289e+01,-1.697628211975097656e+01,6.050941467285156250e+00,4.820965290069580078e+00,-2.895983886718750000e+01,9.688365936279296875e+00,-5.553556919097900391e+00
7.203566718101501465e+01,-1.728439903259277344e+01,5.975431919097900391e+00,4.200245380401611328e+00,-2.890909767150878906e+01,9.726387977600097656e+00,-5.544448375701904297e+00
7.205589270591735840e+01,-1.713596725463867188e+01,5.905904293060302734e+00,4.306620597839355469e+00,-2.892643165588378906e+01,9.711002349853515625e+00,-5.564788818359375000e+00
7.207601594924926758e+01,-1.702324867248535156e+01,6.083276748657226562e+00,4.865849971771240234e+00,-2.866779708862304688e+01,9.874160766601562500e+00,-4.783910274505615234e+00
7.209618139266967773e+01,-1.706512069702148438e+01,5.890959739685058594e+00,4.551845073699951172e+00,-2.865425491333007812e+01,9.816314697265625000e+00,-4.836230754852294922e+00
7.211626315116882324e+01,-1.596151542663574219e+01,5.854436397552490234e+00,3.168653726577758789e+00,-2.882725524902343750e+01,9.774215698242187500e+00,-4.854053974151611328e+00
7.213653016090393066e+01,-1.617283439636230469e+01,4.945894718170166016e+00,6.475324153900146484e+00,-2.953875541687011719e+01,9.165194511413574219e+00,-5.160266399383544922e+00
7.215656065940856934e+01,-1.735019493103027344e+01,5.456000328063964844e+00,4.984912395477294922e+00,-2.942851448059082031e+01,8.857175827026367188e+00,-4.918309688568115234e+00
7.217670989036560059e+01,-1.735169792175292969e+01,5.841568470001220703e+00,4.933408737182617188e+00,-2.934981155395507812e+01,8.856219291687011719e+00,-5.537470340728759766e+00
7.219696640968322754e+01,-1.765473365783691406e+01,5.845937728881835938e+00,4.116572856903076172e+00,-2.880294799804687500e+01,9.171480178833007812e+00,-4.726868629455566406e+00
7.221689844131469727e+01,-1.736820220947265625e+01,5.947257041931152344e+00,4.328206539154052734e+00,-2.863128471374511719e+01,9.391104698181152344e+00,-4.726153850555419922e+00
7.223705124855041504e+01,-1.622257232666015625e+01,5.376200675964355469e+00,5.500812053680419922e+00,-2.910707283020019531e+01,9.761674880981445312e+00,-4.857765197753906250e+00
7.225713682174682617e+01,-1.743702125549316406e+01,5.632104396820068359e+00,4.772071361541748047e+00,-2.901408386230468750e+01,9.053037643432617188e+00,-4.849816799163818359e+00
7.227733016014099121e+01,-1.713622665405273438e+01,5.824207782745361328e+00,4.891638755798339844e+00,-2.911876678466796875e+01,8.898623466491699219e+00,-5.510879039764404297e+00
7.229747509956359863e+01,-1.715067291259765625e+01,6.042019367218017578e+00,4.375957012176513672e+00,-2.881432723999023438e+01,9.338017463684082031e+00,-5.499288082122802734e+00
7.231759262084960938e+01,-1.695298004150390625e+01,5.758681774139404297e+00,5.128054618835449219e+00,-2.878162765502929688e+01,9.318822860717773438e+00,-5.276000499725341797e+00
7.233773565292358398e+01,-1.663816070556640625e+01,5.754337310791015625e+00,6.004500865936279297e+00,-2.890088462829589844e+01,9.208536148071289062e+00,-5.327754020690917969e+00
7.235775160789489746e+01,-1.676100349426269531e+01,5.804126262664794922e+00,5.243210792541503906e+00,-2.895053100585937500e+01,9.263258934020996094e+00,-5.355094432830810547e+00
7.237813282012939453e+01,-1.674175071716308594e+01,5.864296913146972656e+00,5.153936386108398438e+00,-2.893781280517578125e+01,9.325555801391601562e+00,-5.346575260162353516e+00
7.239890599250793457e+01,-1.700196456909179688e+01,5.688773632049560547e+00,4.661386489868164062e+00,-2.892324447631835938e+01,9.271339416503906250e+00,-5.318535327911376953e+00
7.241876888275146484e+01,-1.703507423400878906e+01,5.675103664398193359e+00,4.521873474121093750e+00,-2.892771530151367188e+01,9.215491294860839844e+00,-5.321811199188232422e+00
7.243879532814025879e+01,-1.695294380187988281e+01,5.631440162658691406e+00,4.644065856933593750e+00,-2.895794105529785156e+01,9.207710266113281250e+00,-5.320515155792236328e+00
7.245921587944030762e+01,-1.612381172180175781e+01,5.654111862182617188e+00,2.655187606811523438e+00,-2.908922767639160156e+01,9.215271949768066406e+00,-5.342295646667480469e+00
7.247948074340820312e+01,-1.504950141906738281e+01,4.580323219299316406e+00,6.374647140502929688e+00,-2.979702568054199219e+01,9.399922370910644531e+00,-5.432241439819335938e+00
7.249938750267028809e+01,-1.764354705810546875e+01,5.414267063140869141e+00,4.688307762145996094e+00,-2.965435409545898438e+01,8.819262504577636719e+00,-5.694898605346679688e+00
7.251944422721862793e+01,-1.743913459777832031e+01,5.676578998565673828e+00,4.856414318084716797e+00,-2.935838699340820312e+01,8.728789329528808594e+00,-5.538081645965576172e+00
7.253960323333740234e+01,-1.750831985473632812e+01,5.773523330688476562e+00,4.044601917266845703e+00,-2.885395622253417969e+01,9.048208236694335938e+00,-5.021850585937500000e+00
7.256011486053466797e+01,-1.506486797332763672e+01,4.185830116271972656e+00,4.964054584503173828e+00,-2.902452659606933594e+01,9.393383026123046875e+00,-4.786580562591552734e+00
7.258019018173217773e+01,-1.647080993652343750e+01,4.712926864624023438e+00,4.666480541229248047e+00,-2.925369071960449219e+01,8.763197898864746094e+00,-5.401778697967529297e+00
7.260010027885437012e+01,-1.714071655273437500e+01,5.146138668060302734e+00,4.734050750732421875e+00,-2.925876617431640625e+01,8.383751869201660156e+00,-5.072760105133056641e+00
7.262025809288024902e+01,-1.703207206726074219e+01,5.584213733673095703e+00,4.835880279541015625e+00,-2.911729621887207031e+01,8.569817543029785156e+00,-5.030033111572265625e+00
7.264039206504821777e+01,-1.694165611267089844e+01,6.011846065521240234e+00,4.914171695709228516e+00,-2.907985115051269531e+01,8.987875938415527344e+00,-5.554278850555419922e+00
7.266052794456481934e+01,-1.626080894470214844e+01,5.461345195770263672e+00,5.390541076660156250e+00,-2.934805679321289062e+01,9.574759483337402344e+00,-5.567763328552246094e+00
7.268052840232849121e+01,-1.749783897399902344e+01,5.681890964508056641e+00,4.752081871032714844e+00,-2.926847839355468750e+01,8.958317756652832031e+00,-5.572109222412109375e+00
7.270068001747131348e+01,-1.722517395019531250e+01,5.845754623413085938e+00,4.861134052276611328e+00,-2.911682128906250000e+01,8.979762077331542969e+00,-5.516316413879394531e+00
7.272081613540649414e+01,-1.721228408813476562e+01,6.177981376647949219e+00,4.918619632720947266e+00,-2.881057739257812500e+01,9.521197319030761719e+00,-5.087325572967529297e+00
7.274080848693847656e+01,-1.749337959289550781e+01,6.003012657165527344e+00,4.065721035003662109e+00,-2.882556724548339844e+01,9.488207817077636719e+00,-5.456590652465820312e+00
7.276110482215881348e+01,-1.650000190734863281e+01,5.822333335876464844e+00,6.225818634033203125e+00,-2.885260963439941406e+01,9.562788963317871094e+00,-4.850866794586181641e+00
7.278109478950500488e+01,-1.725524902343750000e+01,5.930818557739257812e+00,4.371540069580078125e+00,-2.830958938598632812e+01,9.906010627746582031e+00,-5.561321735382080078e+00
7.280123043060302734e+01,-1.797232246398925781e+01,6.171617984771728516e+00,4.837292194366455078e+00,-2.621673965454101562e+01,7.666322231292724609e+00,-5.611288070678710938e+00
7.282133793830871582e+01,-1.737523269653320312e+01,5.671175479888916016e+00,5.402383327484130859e+00,-2.773475265502929688e+01,8.546101570129394531e+00,-2.762669086456298828e+00
7.284148383140563965e+01,-1.725295066833496094e+01,5.601763248443603516e+00,4.082293987274169922e+00,-2.846702194213867188e+01,9.528014183044433594e+00,-2.817558288574218750e+00
7.286152625083923340e+01,-1.671330642700195312e+01,5.831579685211181641e+00,4.261440277099609375e+00,-2.922066116333007812e+01,9.988398551940917969e+00,-5.100553512573242188e+00
7.288165855407714844e+01,-1.669532775878906250e+01,5.907326221466064453e+00,5.052817821502685547e+00,-2.935942649841308594e+01,9.721820831298828125e+00,-5.935551166534423828e+00
7.290182399749755859e+01,-1.691985702514648438e+01,5.680455684661865234e+00,5.173759937286376953e+00,-2.911385917663574219e+01,9.453233718872070312e+00,-5.244628429412841797e+00
7.292192745208740234e+01,-1.703161048889160156e+01,5.772858619689941406e+00,4.182293415069580078e+00,-2.918401908874511719e+01,9.409485816955566406e+00,-5.908496379852294922e+00
7.294203972816467285e+01,-1.685475349426269531e+01,5.913829803466796875e+00,4.908296585083007812e+00,-2.897122573852539062e+01,9.561866760253906250e+00,-5.504019737243652344e+00
7.296211624145507812e+01,-1.690057945251464844e+01,5.738109111785888672e+00,5.124082088470458984e+00,-2.876832580566406250e+01,9.532027244567871094e+00,-4.797982215881347656e+00
7.298226118087768555e+01,-1.501885509490966797e+01,4.230912208557128906e+00,4.553436756134033203e+00,-2.928178024291992188e+01,9.614807128906250000e+00,-5.472175121307373047e+00
7.300228381156921387e+01,-1.614355087280273438e+01,4.635811805725097656e+00,5.008993148803710938e+00,-2.950436782836914062e+01,8.777274131774902344e+00,-5.744178771972656250e+00
7.302242064476013184e+01,-1.681933975219726562e+01,5.001421928405761719e+00,4.772768497467041016e+00,-2.944374275207519531e+01,8.567603111267089844e+00,-5.217845439910888672e+00
7.304248046875000000e+01,-1.698314476013183594e+01,5.330200195312500000e+00,4.816149711608886719e+00,-2.922827529907226562e+01,8.605117797851562500e+00,-4.695325374603271484e+00
7.306260943412780762e+01,-1.687789535522460938e+01,5.768535137176513672e+00,4.847958087921142578e+00,-2.925557899475097656e+01,8.721802711486816406e+00,-5.581171035766601562e+00
7.308268547058105469e+01,-1.680558776855468750e+01,5.816892623901367188e+00,4.887563228607177734e+00,-2.906122970581054688e+01,9.071458816528320312e+00,-5.266121864318847656e+00
7.310375857353210449e+01,-1.583702945709228516e+01,5.777066707611083984e+00,5.677880764007568359e+00,-2.932746505737304688e+01,9.313597679138183594e+00,-5.321812629699707031e+00
7.312383818626403809e+01,-1.692781829833984375e+01,5.042408466339111328e+00,5.109504699707031250e+00,-2.981951332092285156e+01,8.873523712158203125e+00,-5.481807231903076172e+00
7.314365363121032715e+01,-1.756427001953125000e+01,5.440367698669433594e+00,4.830669879913330078e+00,-2.971938323974609375e+01,8.642843246459960938e+00,-5.405082702636718750e+00
7.316410017013549805e+01,-1.743277931213378906e+01,5.699098587036132812e+00,4.939736843109130859e+00,-2.956942939758300781e+01,8.617620468139648438e+00,-5.581333160400390625e+00
7.318400168418884277e+01,-1.750298118591308594e+01,5.850391864776611328e+00,3.972555398941040039e+00,-2.910540580749511719e+01,9.064146995544433594e+00,-5.472979545593261719e+00
7.320438981056213379e+01,-1.704848289489746094e+01,5.771480560302734375e+00,5.295499801635742188e+00,-2.886623764038085938e+01,9.104514122009277344e+00,-4.990761756896972656e+00
7.322500538825988770e+01,-1.684613990783691406e+01,5.917823314666748047e+00,4.894735336303710938e+00,-2.899974441528320312e+01,9.358120918273925781e+00,-5.515156269073486328e+00
7.324479675292968750e+01,-1.706369400024414062e+01,5.935083389282226562e+00,5.023161888122558594e+00,-2.893780326843261719e+01,9.406332015991210938e+00,-5.513386249542236328e+00
7.326499056816101074e+01,-1.633798599243164062e+01,5.289752006530761719e+00,5.379535198211669922e+00,-2.936046600341796875e+01,9.617812156677246094e+00,-5.600134372711181641e+00
7.328498172760009766e+01,-1.750920677185058594e+01,5.492295265197753906e+00,4.708137035369873047e+00,-2.907897949218750000e+01,9.023577690124511719e+00,-4.821128368377685547e+00
7.330500483512878418e+01,-1.710397911071777344e+01,5.690937042236328125e+00,4.857854843139648438e+00,-2.896634101867675781e+01,8.954794883728027344e+00,-4.847370624542236328e+00
7.332549023628234863e+01,-1.516379261016845703e+01,4.294998168945312500e+00,4.608731746673583984e+00,-2.910207748413085938e+01,9.483942985534667969e+00,-4.797238826751708984e+00
7.334562921524047852e+01,-1.711947250366210938e+01,5.371201515197753906e+00,4.821370601654052734e+00,-2.920766258239746094e+01,9.069746971130371094e+00,-4.865975379943847656e+00
7.336572813987731934e+01,-1.725993156433105469e+01,5.624564170837402344e+00,4.824389457702636719e+00,-2.936952781677246094e+01,8.659884452819824219e+00,-5.616751670837402344e+00
7.338586258888244629e+01,-1.720736122131347656e+01,5.832048416137695312e+00,4.348564147949218750e+00,-2.908537483215332031e+01,9.056351661682128906e+00,-5.494612216949462891e+00
7.340588760375976562e+01,-1.614212036132812500e+01,5.811043262481689453e+00,3.118686676025390625e+00,-2.905958366394042969e+01,9.355051040649414062e+00,-5.501968383789062500e+00
7.342606091499328613e+01,-1.466010475158691406e+01,3.601135015487670898e+00,3.275172472000122070e+00,-2.936468505859375000e+01,9.150934219360351562e+00,-4.861130714416503906e+00
7.344618630409240723e+01,-1.678108978271484375e+01,5.042276382446289062e+00,5.873006343841552734e+00,-2.971603393554687500e+01,8.791108131408691406e+00,-4.944264888763427734e+00
7.346632122993469238e+01,-1.760973358154296875e+01,5.622884750366210938e+00,4.853205680847167969e+00,-2.942932128906250000e+01,8.771486282348632812e+00,-4.852930068969726562e+00
7.348645043373107910e+01,-1.763777542114257812e+01,5.868363857269287109e+00,4.004313468933105469e+00,-2.926900863647460938e+01,9.015626907348632812e+00,-5.589953899383544922e+00
7.350651717185974121e+01,-1.691206169128417969e+01,5.955241203308105469e+00,6.065584182739257812e+00,-2.896481513977050781e+01,9.274879455566406250e+00,-5.470413684844970703e+00
7.352662801742553711e+01,-1.707144355773925781e+01,6.024288654327392578e+00,5.232918262481689453e+00,-2.890693092346191406e+01,9.530191421508789062e+00,-5.540978908538818359e+00
7.354678225517272949e+01,-1.738363075256347656e+01,5.963763236999511719e+00,4.268918037414550781e+00,-2.827400970458984375e+01,9.646671295166015625e+00,-5.440937995910644531e+00
7.356694912910461426e+01,-1.784207725524902344e+01,6.171778202056884766e+00,4.501585960388183594e+00,-2.776309776306152344e+01,9.180881500244140625e+00,-2.707495450973510742e+00
7.358715224266052246e+01,-1.706200218200683594e+01,5.624176025390625000e+00,4.309870243072509766e+00,-2.890816116333007812e+01,9.933122634887695312e+00,-3.478505611419677734e+00
7.360702157020568848e+01,-1.670444297790527344e+01,5.842506408691406250e+00,4.274807929992675781e+00,-2.923739624023437500e+01,9.837695121765136719e+00,-5.811817646026611328e+00
7.362726926803588867e+01,-1.674606704711914062e+01,5.743583202362060547e+00,5.081597805023193359e+00,-2.897197532653808594e+01,9.653032302856445312e+00,-5.015863418579101562e+00
7.364726495742797852e+01,-1.658358383178710938e+01,5.712979316711425781e+00,5.862204551696777344e+00,-2.913776397705078125e+01,9.354789733886718750e+00,-5.829363822937011719e+00
7.366742992401123047e+01,-1.676968574523925781e+01,5.801593780517578125e+00,5.140312194824218750e+00,-2.899361610412597656e+01,9.507105827331542969e+00,-5.703568458557128906e+00
7.368748545646667480e+01,-1.682474327087402344e+01,5.756744384765625000e+00,5.021599769592285156e+00,-2.890066337585449219e+01,9.384599685668945312e+00,-5.419437408447265625e+00
7.370768141746520996e+01,-1.618824577331542969e+01,5.085804462432861328e+00,5.364737987518310547e+00,-2.932293891906738281e+01,9.434445381164550781e+00,-5.398777484893798828e+00
7.372747898101806641e+01,-1.701619148254394531e+01,5.055174350738525391e+00,4.816916942596435547e+00,-2.947980690002441406e+01,8.535886764526367188e+00,-5.681051731109619141e+00
7.374749827384948730e+01,-1.725272369384765625e+01,5.439481258392333984e+00,4.796939849853515625e+00,-2.833585739135742188e+01,8.507560729980468750e+00,-6.417411804199218750e+00
7.376759028434753418e+01,-1.745770835876464844e+01,5.388496875762939453e+00,5.072325706481933594e+00,-2.790149307250976562e+01,7.691227912902832031e+00,-2.506210088729858398e+00
7.378778576850891113e+01,-1.751913452148437500e+01,5.280233860015869141e+00,4.543431282043457031e+00,-2.830107688903808594e+01,8.122716903686523438e+00,-1.861090779304504395e+00
7.380878448486328125e+01,-1.658509445190429688e+01,5.841112136840820312e+00,5.403276443481445312e+00,-2.930261993408203125e+01,9.746379852294921875e+00,-4.302750587463378906e+00
7.382925653457641602e+01,-1.648451614379882812e+01,4.919102668762207031e+00,4.455976009368896484e+00,-3.010685920715332031e+01,9.290089607238769531e+00,-5.822405815124511719e+00
7.384864521026611328e+01,-1.707529640197753906e+01,5.079897880554199219e+00,5.313308238983154297e+00,-3.027221298217773438e+01,8.414641380310058594e+00,-5.989468574523925781e+00
7.386920690536499023e+01,-1.724389648437500000e+01,5.291175365447998047e+00,4.821738243103027344e+00,-2.975353813171386719e+01,8.437618255615234375e+00,-4.986797809600830078e+00
7.388885927200317383e+01,-1.713988113403320312e+01,5.736663818359375000e+00,4.831200599670410156e+00,-2.952964210510253906e+01,8.828669548034667969e+00,-5.483288764953613281e+00
7.390899181365966797e+01,-1.728214454650878906e+01,5.899463653564453125e+00,4.367383003234863281e+00,-2.934499168395996094e+01,9.102039337158203125e+00,-5.685126304626464844e+00
7.392965173721313477e+01,-1.716647911071777344e+01,5.738943099975585938e+00,5.061125755310058594e+00,-2.904745292663574219e+01,9.242944717407226562e+00,-4.824513435363769531e+00
7.395007896423339844e+01,-1.720977020263671875e+01,5.867884635925292969e+00,4.441456317901611328e+00,-2.914356994628906250e+01,9.399954795837402344e+00,-5.438483238220214844e+00
7.396991395950317383e+01,-1.683186149597167969e+01,5.890421390533447266e+00,5.375998020172119141e+00,-2.913083839416503906e+01,9.482535362243652344e+00,-5.193113803863525391e+00
7.398996973037719727e+01,-1.719789505004882812e+01,5.770160675048828125e+00,4.597982883453369141e+00,-2.912815856933593750e+01,9.305187225341796875e+00,-5.558741092681884766e+00
7.401014256477355957e+01,-1.699197578430175781e+01,5.871844291687011719e+00,4.717173099517822266e+00,-2.902483177185058594e+01,9.616148948669433594e+00,-5.167867183685302734e+00
7.403010439872741699e+01,-1.624444007873535156e+01,5.777575969696044922e+00,2.852953433990478516e+00,-2.903844642639160156e+01,9.614849090576171875e+00,-4.835753440856933594e+00
7.405019044876098633e+01,-1.447991847991943359e+01,4.154539585113525391e+00,4.777646541595458984e+00,-2.970430564880371094e+01,9.622569084167480469e+00,-5.483001232147216797e+00
7.407066011428833008e+01,-1.580614471435546875e+01,4.575935363769531250e+00,6.076745033264160156e+00,-2.975747489929199219e+01,8.979693412780761719e+00,-4.988000392913818359e+00
7.409059810638427734e+01,-1.743993186950683594e+01,5.339566707611083984e+00,4.824111461639404297e+00,-2.965686607360839844e+01,8.602622985839843750e+00,-5.153448104858398438e+00
7.411078667640686035e+01,-1.735325431823730469e+01,5.742920398712158203e+00,4.932054996490478516e+00,-2.951469612121582031e+01,8.671905517578125000e+00,-5.600246429443359375e+00
7.413099431991577148e+01,-1.749737548828125000e+01,5.887900829315185547e+00,4.320437431335449219e+00,-2.907535934448242188e+01,9.131264686584472656e+00,-5.295965194702148438e+00
7.415116429328918457e+01,-1.731849861145019531e+01,5.987308502197265625e+00,4.770051479339599609e+00,-2.905347824096679688e+01,9.148622512817382812e+00,-5.513187885284423828e+00
7.417106842994689941e+01,-1.510323238372802734e+01,4.128979206085205078e+00,4.984563350677490234e+00,-2.934288597106933594e+01,9.442982673645019531e+00,-5.397768974304199219e+00
7.419122385978698730e+01,-1.698346900939941406e+01,5.037232875823974609e+00,5.449858188629150391e+00,-2.945430564880371094e+01,8.613409042358398438e+00,-5.399551391601562500e+00
7.421132516860961914e+01,-1.716809463500976562e+01,5.404183387756347656e+00,4.883678436279296875e+00,-2.943716239929199219e+01,8.383356094360351562e+00,-5.339164733886718750e+00
7.423139905929565430e+01,-1.707571983337402344e+01,5.825286865234375000e+00,4.949900150299072266e+00,-2.912195777893066406e+01,8.913197517395019531e+00,-4.778039932250976562e+00
7.425159192085266113e+01,-1.733476448059082031e+01,5.953238964080810547e+00,4.314756393432617188e+00,-2.908213233947753906e+01,9.201109886169433594e+00,-5.457918643951416016e+00
7.427177071571350098e+01,-1.593716812133789062e+01,4.953869819641113281e+00,4.747251987457275391e+00,-2.947591590881347656e+01,9.597195625305175781e+00,-5.581263065338134766e+00
7.429194092750549316e+01,-1.689346122741699219e+01,5.115338802337646484e+00,5.103849411010742188e+00,-2.953239440917968750e+01,9.049627304077148438e+00,-5.229699134826660156e+00
7.431196331977844238e+01,-1.739082908630371094e+01,5.377872943878173828e+00,4.842350482940673828e+00,-2.937435722351074219e+01,8.694515228271484375e+00,-4.847795963287353516e+00
7.433203411102294922e+01,-1.728061485290527344e+01,5.731735229492187500e+00,4.921429634094238281e+00,-2.934364318847656250e+01,8.809512138366699219e+00,-5.363485336303710938e+00
7.435210275650024414e+01,-1.726770782470703125e+01,5.969912052154541016e+00,4.953537940979003906e+00,-2.903239822387695312e+01,9.169266700744628906e+00,-4.739493370056152344e+00
7.437232446670532227e+01,-1.736483001708984375e+01,6.100691795349121094e+00,4.422801971435546875e+00,-2.906822967529296875e+01,9.417855262756347656e+00,-5.327904701232910156e+00
7.439240336418151855e+01,-1.721241188049316406e+01,5.898217678070068359e+00,5.095997333526611328e+00,-2.909862327575683594e+01,9.258846282958984375e+00,-5.554476737976074219e+00
7.441245532035827637e+01,-1.707472038269042969e+01,5.981550693511962891e+00,4.802031040191650391e+00,-2.899998664855957031e+01,9.674375534057617188e+00,-5.182151794433593750e+00
7.443267869949340820e+01,-1.717062377929687500e+01,5.762741565704345703e+00,5.098863124847412109e+00,-2.906323623657226562e+01,9.361698150634765625e+00,-5.525742530822753906e+00
7.445283174514770508e+01,-1.700008583068847656e+01,5.906561851501464844e+00,4.937403202056884766e+00,-2.899111938476562500e+01,9.672339439392089844e+00,-5.192003726959228516e+00
7.447393345832824707e+01,-1.738788223266601562e+01,5.743958473205566406e+00,4.454388618469238281e+00,-2.900149345397949219e+01,9.343223571777343750e+00,-5.520778179168701172e+00
7.449367165565490723e+01,-1.698466491699218750e+01,5.932966232299804688e+00,5.176895618438720703e+00,-2.893653106689453125e+01,9.580689430236816406e+00,-5.161692142486572266e+00
7.451356220245361328e+01,-1.725527954101562500e+01,5.891013622283935547e+00,4.425063133239746094e+00,-2.896495437622070312e+01,9.469867706298828125e+00,-5.532168388366699219e+00
7.453389930725097656e+01,-1.687332534790039062e+01,5.955539703369140625e+00,5.308261871337890625e+00,-2.894662284851074219e+01,9.636110305786132812e+00,-5.407600402832031250e+00
7.455379652976989746e+01,-1.722113418579101562e+01,5.685460567474365234e+00,4.622856616973876953e+00,-2.896297454833984375e+01,9.339308738708496094e+00,-5.498781204223632812e+00
7.457379055023193359e+01,-1.695795059204101562e+01,5.889783382415771484e+00,5.128295421600341797e+00,-2.890918350219726562e+01,9.577559471130371094e+00,-5.160397529602050781e+00
7.459380531311035156e+01,-1.679053878784179688e+01,5.728624343872070312e+00,5.633944034576416016e+00,-2.885284042358398438e+01,9.520638465881347656e+00,-4.818297386169433594e+00
7.461402487754821777e+01,-1.703890991210937500e+01,5.771853923797607422e+00,4.805896759033203125e+00,-2.895975494384765625e+01,9.397580146789550781e+00,-5.388030052185058594e+00
7.463438224792480469e+01,-1.707937812805175781e+01,5.805467605590820312e+00,4.850218296051025391e+00,-2.880776405334472656e+01,9.414179801940917969e+00,-4.800791263580322266e+00
7.465435385704040527e+01,-1.548499393463134766e+01,4.244868278503417969e+00,5.427320957183837891e+00,-2.941971969604492188e+01,8.891290664672851562e+00,-5.468202114105224609e+00
7.467444944381713867e+01,-1.657673454284667969e+01,4.871452331542968750e+00,4.926439285278320312e+00,-2.950502395629882812e+01,8.711926460266113281e+00,-5.186421394348144531e+00
7.469431805610656738e+01,-1.698823928833007812e+01,5.228779792785644531e+00,4.840418338775634766e+00,-2.957539939880371094e+01,8.426674842834472656e+00,-5.546179771423339844e+00
7.471458053588867188e+01,-1.709745788574218750e+01,5.552798271179199219e+00,4.884031772613525391e+00,-2.927535629272460938e+01,8.545900344848632812e+00,-5.039797306060791016e+00
7.473447489738464355e+01,-1.725982856750488281e+01,5.723177433013916016e+00,3.988193273544311523e+00,-2.907878684997558594e+01,8.967369079589843750e+00,-5.010979175567626953e+00
7.475455474853515625e+01,-1.723450279235839844e+01,5.826005935668945312e+00,4.916548728942871094e+00,-2.897574043273925781e+01,9.209019660949707031e+00,-5.056372165679931641e+00
7.477558755874633789e+01,-1.687240409851074219e+01,5.008278369903564453e+00,5.051064014434814453e+00,-2.945432472229003906e+01,8.838041305541992188e+00,-5.149468421936035156e+00
7.479572486877441406e+01,-1.725426292419433594e+01,5.392948150634765625e+00,4.817770004272460938e+00,-2.947085380554199219e+01,8.496385574340820312e+00,-5.094465732574462891e+00
7.481583809852600098e+01,-1.707261466979980469e+01,5.782374858856201172e+00,4.915379047393798828e+00,-2.922315216064453125e+01,8.912056922912597656e+00,-4.751176357269287109e+00
7.483583903312683105e+01,-1.727304458618164062e+01,6.012921333312988281e+00,4.214153766632080078e+00,-2.914072227478027344e+01,9.262008666992187500e+00,-5.591941356658935547e+00
7.485576152801513672e+01,-1.690797233581542969e+01,6.111843585968017578e+00,5.305142879486083984e+00,-2.902939796447753906e+01,9.670482635498046875e+00,-5.141193866729736328e+00
7.487618732452392578e+01,-1.649512100219726562e+01,5.839183807373046875e+00,4.494606018066406250e+00,-2.936106491088867188e+01,9.472096443176269531e+00,-5.486435413360595703e+00
7.489632010459899902e+01,-1.460195350646972656e+01,4.238893508911132812e+00,5.495455265045166016e+00,-2.978656578063964844e+01,9.876523971557617188e+00,-5.321536064147949219e+00
7.491635584831237793e+01,-1.652922439575195312e+01,4.745384216308593750e+00,5.391980171203613281e+00,-2.975668716430664062e+01,9.197760581970214844e+00,-4.965261459350585938e+00
7.493641567230224609e+01,-1.746803283691406250e+01,5.125884532928466797e+00,4.942050457000732422e+00,-2.980941963195800781e+01,8.632908821105957031e+00,-5.504181385040283203e+00
7.495640730857849121e+01,-1.761419677734375000e+01,5.566490650177001953e+00,4.924551010131835938e+00,-2.942881774902343750e+01,8.491592407226562500e+00,-5.339236736297607422e+00
7.497648143768310547e+01,-1.748062705993652344e+01,5.887151718139648438e+00,4.308290481567382812e+00,-2.899488258361816406e+01,9.022459983825683594e+00,-5.040939331054687500e+00
7.499695587158203125e+01,-1.739039802551269531e+01,6.050702095031738281e+00,4.355864048004150391e+00,-2.893519592285156250e+01,9.268290519714355469e+00,-5.539879798889160156e+00
7.501704072952270508e+01,-1.510689830780029297e+01,4.396100521087646484e+00,4.875261783599853516e+00,-2.922890663146972656e+01,9.790612220764160156e+00,-5.198639392852783203e+00
7.503715705871582031e+01,-1.720500564575195312e+01,5.058603763580322266e+00,4.663284301757812500e+00,-2.922586059570312500e+01,9.034139633178710938e+00,-4.900890827178955078e+00
7.505733346939086914e+01,-1.698433685302734375e+01,5.224518299102783203e+00,5.523039817810058594e+00,-2.944085311889648438e+01,8.562294960021972656e+00,-5.433015823364257812e+00
7.507732033729553223e+01,-1.711630821228027344e+01,5.721936225891113281e+00,5.094319343566894531e+00,-2.921577072143554688e+01,8.957790374755859375e+00,-5.122323989868164062e+00
7.509750485420227051e+01,-1.721582603454589844e+01,6.037363529205322266e+00,4.903661251068115234e+00,-2.893358612060546875e+01,9.226717948913574219e+00,-4.839690208435058594e+00
7.511711335182189941e+01,-1.731259727478027344e+01,6.328568935394287109e+00,4.960458278656005859e+00,-2.891287231445312500e+01,9.600796699523925781e+00,-5.098957538604736328e+00
7.513723397254943848e+01,-1.765495681762695312e+01,6.079015254974365234e+00,4.059551715850830078e+00,-2.890588378906250000e+01,9.534578323364257812e+00,-5.470782756805419922e+00
7.515733432769775391e+01,-1.687976264953613281e+01,6.131235122680664062e+00,5.810232639312744141e+00,-2.889120483398437500e+01,9.779644966125488281e+00,-5.145825386047363281e+00
7.517759919166564941e+01,-1.481567287445068359e+01,4.209422111511230469e+00,3.567636489868164062e+00,-2.954289817810058594e+01,9.679577827453613281e+00,-5.581996917724609375e+00
7.519770622253417969e+01,-1.592345523834228516e+01,4.679112911224365234e+00,5.806061267852783203e+00,-2.962553977966308594e+01,9.147992134094238281e+00,-5.320810317993164062e+00
7.521877980232238770e+01,-1.680189895629882812e+01,5.184169292449951172e+00,5.673019886016845703e+00,-2.958871841430664062e+01,8.900464057922363281e+00,-4.933925628662109375e+00
7.523881077766418457e+01,-1.746340942382812500e+01,5.634493350982666016e+00,5.065594673156738281e+00,-2.950843048095703125e+01,8.836631774902343750e+00,-5.454341888427734375e+00
7.525806641578674316e+01,-1.752569580078125000e+01,5.964976310729980469e+00,4.979278087615966797e+00,-2.906899261474609375e+01,8.980432510375976562e+00,-5.084352016448974609e+00
7.527868556976318359e+01,-1.751876640319824219e+01,5.997551441192626953e+00,4.078879356384277344e+00,-2.869696617126464844e+01,9.227742195129394531e+00,-5.415671348571777344e+00
7.529918503761291504e+01,-1.701788711547851562e+01,5.597731590270996094e+00,4.876905441284179688e+00,-2.885697937011718750e+01,8.808449745178222656e+00,-5.304173469543457031e+00
7.531965398788452148e+01,-1.578207397460937500e+01,4.875826358795166016e+00,3.333800077438354492e+00,-3.022926330566406250e+01,7.955792427062988281e+00,-5.753341674804687500e+00
7.533993172645568848e+01,-1.474248504638671875e+01,3.676457643508911133e+00,6.176575660705566406e+00,-3.161970138549804688e+01,7.744817733764648438e+00,-5.751291751861572266e+00
7.536025500297546387e+01,-1.584462165832519531e+01,4.294942378997802734e+00,6.018689155578613281e+00,-3.184476280212402344e+01,7.387347698211669922e+00,-5.254995346069335938e+00
7.538046598434448242e+01,-1.667841911315917969e+01,5.142742633819580078e+00,5.368074893951416016e+00,-3.188928604125976562e+01,7.484429836273193359e+00,-5.977570533752441406e+00
7.540049862861633301e+01,-1.681004142761230469e+01,5.877017974853515625e+00,5.408251762390136719e+00,-3.132971000671386719e+01,8.206106185913085938e+00,-5.952222824096679688e+00
7.542044472694396973e+01,-1.710718154907226562e+01,6.310381412506103516e+00,4.812487125396728516e+00,-3.066065597534179688e+01,9.119121551513671875e+00,-5.577495574951171875e+00
7.544052457809448242e+01,-1.730765151977539062e+01,6.530590534210205078e+00,4.805902481079101562e+00,-3.017165184020996094e+01,9.513731956481933594e+00,-5.733411312103271484e+00
7.546065425872802734e+01,-1.418802356719970703e+01,4.903291225433349609e+00,3.798714399337768555e+00,-3.005285835266113281e+01,1.010865974426269531e+01,-5.612828731536865234e+00
7.548069620132446289e+01,-1.669402885437011719e+01,6.531566619873046875e+00,6.328461170196533203e+00,-2.934600067138671875e+01,1.017517280578613281e+01,-5.834138393402099609e+00
7.550084638595581055e+01,-1.753158760070800781e+01,7.166759014129638672e+00,5.297334194183349609e+00,-2.854087066650390625e+01,1.042294692993164062e+01,-5.617736339569091797e+00
7.552096700668334961e+01,-1.778706550598144531e+01,7.664571762084960938e+00,5.426300048828125000e+00,-2.774159049987792969e+01,1.087213325500488281e+01,-4.969885349273681641e+00
7.554056835174560547e+01,-1.774254035949707031e+01,8.176268577575683594e+00,4.755434989929199219e+00,-2.655274772644042969e+01,1.156030941009521484e+01,-4.984869956970214844e+00
7.556069183349609375e+01,-1.709670829772949219e+01,8.966454505920410156e+00,5.978231906890869141e+00,-2.551078796386718750e+01,1.247564315795898438e+01,-4.804204463958740234e+00
7.558080482482910156e+01,-1.748824310302734375e+01,9.159691810607910156e+00,5.038214683532714844e+00,-2.505779075622558594e+01,1.273013114929199219e+01,-5.382586956024169922e+00
7.560103678703308105e+01,-1.706090354919433594e+01,9.428801536560058594e+00,5.826829433441162109e+00,-2.447758674621582031e+01,1.311303615570068359e+01,-4.927512168884277344e+00
7.562098240852355957e+01,-1.772773742675781250e+01,9.422909736633300781e+00,4.787918567657470703e+00,-2.425302314758300781e+01,1.328381919860839844e+01,-4.880478382110595703e+00
7.564106655120849609e+01,-1.799706459045410156e+01,8.314661979675292969e+00,6.095270633697509766e+00,-2.539239692687988281e+01,1.191565132141113281e+01,-5.264370918273925781e+00
7.566119933128356934e+01,-1.853420829772949219e+01,6.057149887084960938e+00,6.099409103393554688e+00,-2.728704261779785156e+01,9.425533294677734375e+00,-5.848702907562255859e+00
7.568129205703735352e+01,-1.795424652099609375e+01,4.343914031982421875e+00,6.170895099639892578e+00,-2.909289550781250000e+01,7.267300605773925781e+00,-6.488863945007324219e+00
7.570131778717041016e+01,-1.518729782104492188e+01,2.129539966583251953e+00,5.583507537841796875e+00,-3.064773750305175781e+01,6.255398273468017578e+00,-6.581466197967529297e+00
7.572145509719848633e+01,-1.723966217041015625e+01,3.145689725875854492e+00,6.616971969604492188e+00,-3.127592277526855469e+01,5.444264888763427734e+00,-6.014503002166748047e+00
7.574149680137634277e+01,-1.814389801025390625e+01,3.781499147415161133e+00,5.583232879638671875e+00,-3.095853996276855469e+01,5.245441436767578125e+00,-8.137099266052246094e+00
7.576161766052246094e+01,-1.865155410766601562e+01,3.523446559906005859e+00,4.796871662139892578e+00,-3.101801109313964844e+01,5.141384124755859375e+00,-2.541991472244262695e+00
7.578172039985656738e+01,-1.751120567321777344e+01,4.342089653015136719e+00,5.974131584167480469e+00,-3.184245300292968750e+01,6.822067737579345703e+00,-4.810791969299316406e+00
7.580186653137207031e+01,-1.772713279724121094e+01,4.160740852355957031e+00,5.841747760772705078e+00,-3.165217208862304688e+01,6.883772373199462891e+00,-8.371767997741699219e+00
7.582184958457946777e+01,-1.859870338439941406e+01,4.054151535034179688e+00,5.322171688079833984e+00,-3.210928344726562500e+01,5.984461784362792969e+00,-3.929389953613281250e+00
7.584201335906982422e+01,-1.781306076049804688e+01,4.741501808166503906e+00,5.036895275115966797e+00,-3.229977798461914062e+01,7.300820350646972656e+00,-5.578186511993408203e+00
7.586218166351318359e+01,-1.638748550415039062e+01,3.798856019973754883e+00,4.589593410491943359e+00,-3.126784515380859375e+01,8.249689102172851562e+00,-7.839359760284423828e+00
7.588221597671508789e+01,-1.699550247192382812e+01,4.032703399658203125e+00,5.424087047576904297e+00,-3.093585777282714844e+01,7.993112087249755859e+00,-7.820446968078613281e+00
7.590239119529724121e+01,-1.834554672241210938e+01,4.668443202972412109e+00,5.734223842620849609e+00,-2.935253715515136719e+01,5.810874462127685547e+00,-6.733255386352539062e+00
7.592375779151916504e+01,-1.868443489074707031e+01,4.376526832580566406e+00,5.176392555236816406e+00,-3.048193168640136719e+01,6.704753398895263672e+00,-3.211923599243164062e+00
7.594268345832824707e+01,-1.793585968017578125e+01,5.004647731781005859e+00,4.969444751739501953e+00,-3.139570426940917969e+01,8.178776741027832031e+00,-4.536615848541259766e+00
7.596376180648803711e+01,-1.789327812194824219e+01,5.674441814422607422e+00,4.316715717315673828e+00,-3.122481727600097656e+01,8.965929985046386719e+00,-6.263668060302734375e+00
7.598372840881347656e+01,-1.676648521423339844e+01,4.672909259796142578e+00,5.094204902648925781e+00,-3.103629684448242188e+01,9.510243415832519531e+00,-5.401362895965576172e+00
7.600988459587097168e+01,-1.852948760986328125e+01,5.234757423400878906e+00,4.689319133758544922e+00,-3.086776924133300781e+01,8.734708786010742188e+00,-6.292777061462402344e+00
7.604457497596740723e+01,-1.817490959167480469e+01,5.435410022735595703e+00,4.944140434265136719e+00,-3.034347534179687500e+01,8.739919662475585938e+00,-5.564707279205322266e+00
7.604702401161193848e+01,-1.776819419860839844e+01,5.426445007324218750e+00,5.604995727539062500e+00,-3.043173027038574219e+01,8.626112937927246094e+00,-6.031247615814208984e+00
7.606737136840820312e+01,-1.773233985900878906e+01,6.338315486907958984e+00,5.320694446563720703e+00,-2.975104904174804688e+01,9.699146270751953125e+00,-6.100013256072998047e+00
7.608755159378051758e+01,-1.823005485534667969e+01,6.307271957397460938e+00,4.243148803710937500e+00,-2.935373687744140625e+01,1.025291728973388672e+01,-5.481394767761230469e+00
7.610698628425598145e+01,-1.790240097045898438e+01,6.240417480468750000e+00,5.093544483184814453e+00,-2.944068717956542969e+01,1.014746761322021484e+01,-6.051739692687988281e+00
7.612712931632995605e+01,-1.803602600097656250e+01,6.275779724121093750e+00,4.915891170501708984e+00,-2.926914024353027344e+01,1.020735263824462891e+01,-5.982138633728027344e+00
7.614709901809692383e+01,-1.671792602539062500e+01,5.244647979736328125e+00,4.942691802978515625e+00,-2.958167266845703125e+01,1.041532802581787109e+01,-6.041502475738525391e+00
7.616717386245727539e+01,-1.815528297424316406e+01,5.803302288055419922e+00,4.990222930908203125e+00,-2.927444839477539062e+01,9.886249542236328125e+00,-5.208065032958984375e+00
7.618741083145141602e+01,-1.804738426208496094e+01,5.999799728393554688e+00,5.067543029785156250e+00,-2.937105941772460938e+01,9.614643096923828125e+00,-5.723291397094726562e+00
7.620763063430786133e+01,-1.795206260681152344e+01,6.238784313201904297e+00,5.117507934570312500e+00,-2.924309349060058594e+01,9.632995605468750000e+00,-5.914526462554931641e+00
7.622773051261901855e+01,-1.789052581787109375e+01,6.531286239624023438e+00,5.105424880981445312e+00,-2.894600296020507812e+01,1.014930248260498047e+01,-5.412744045257568359e+00
7.624879407882690430e+01,-1.792852020263671875e+01,6.646980285644531250e+00,5.098405838012695312e+00,-2.896231079101562500e+01,1.022827816009521484e+01,-5.804015636444091797e+00
7.626886010169982910e+01,-1.785008621215820312e+01,6.442887306213378906e+00,5.110883235931396484e+00,-2.887011909484863281e+01,1.043402957916259766e+01,-5.686996936798095703e+00
7.628875088691711426e+01,-1.786563301086425781e+01,6.406095981597900391e+00,4.921546459197998047e+00,-2.875890159606933594e+01,1.050765323638916016e+01,-5.168148994445800781e+00
7.630876398086547852e+01,-1.793272209167480469e+01,6.371284484863281250e+00,4.765439987182617188e+00,-2.871863746643066406e+01,1.048543167114257812e+01,-5.191413879394531250e+00
7.632899928092956543e+01,-1.679865074157714844e+01,6.392258644104003906e+00,3.276186704635620117e+00,-2.885214614868164062e+01,1.059887886047363281e+01,-5.126054763793945312e+00
7.634952855110168457e+01,-1.516376876831054688e+01,4.764911174774169922e+00,5.027166843414306641e+00,-2.950240707397460938e+01,1.063585567474365234e+01,-5.801167488098144531e+00
7.636928534507751465e+01,-1.739393615722656250e+01,5.525241851806640625e+00,5.858606338500976562e+00,-2.957278442382812500e+01,9.864901542663574219e+00,-5.589396953582763672e+00
7.638935422897338867e+01,-1.835717582702636719e+01,5.957167625427246094e+00,5.017413139343261719e+00,-2.943149948120117188e+01,9.376105308532714844e+00,-5.691654205322265625e+00
7.641053533554077148e+01,-1.815109634399414062e+01,6.225131988525390625e+00,4.635663032531738281e+00,-2.900745201110839844e+01,9.632694244384765625e+00,-5.357908725738525391e+00
7.642966294288635254e+01,-1.806261634826660156e+01,6.428389072418212891e+00,4.851056098937988281e+00,-2.885641288757324219e+01,9.811432838439941406e+00,-5.814772605895996094e+00
7.645001125335693359e+01,-1.772156906127929688e+01,6.612701892852783203e+00,5.020302772521972656e+00,-2.872266578674316406e+01,1.038833141326904297e+01,-5.381920337677001953e+00
7.647003889083862305e+01,-1.764524841308593750e+01,6.320435523986816406e+00,5.599433898925781250e+00,-2.886491584777832031e+01,1.015711688995361328e+01,-5.771440029144287109e+00
7.649024343490600586e+01,-1.757491111755371094e+01,6.445863723754882812e+00,5.211730480194091797e+00,-2.884572982788085938e+01,1.047362709045410156e+01,-5.475143909454345703e+00
7.651033473014831543e+01,-1.806258392333984375e+01,6.229368686676025391e+00,4.652271270751953125e+00,-2.890963172912597656e+01,1.007332706451416016e+01,-5.808259487152099609e+00
7.653045344352722168e+01,-1.732801628112792969e+01,6.366021156311035156e+00,6.154126644134521484e+00,-2.890755081176757812e+01,1.026449584960937500e+01,-5.465219497680664062e+00
7.655057120323181152e+01,-1.775799179077148438e+01,6.391093730926513672e+00,4.860288143157958984e+00,-2.894659233093261719e+01,1.019882678985595703e+01,-5.853028297424316406e+00
7.657062578201293945e+01,-1.741180229187011719e+01,6.299622058868408203e+00,6.215523719787597656e+00,-2.874781799316406250e+01,1.028555011749267578e+01,-5.039920806884765625e+00
7.659088611602783203e+01,-1.761261177062988281e+01,6.359721660614013672e+00,5.076838970184326172e+00,-2.875732612609863281e+01,1.039957523345947266e+01,-5.155807495117187500e+00
7.661092472076416016e+01,-1.784593582153320312e+01,6.257978439331054688e+00,4.164627075195312500e+00,-2.874175071716308594e+01,1.034671783447265625e+01,-5.160363197326660156e+00
7.663101410865783691e+01,-1.765889739990234375e+01,6.166011333465576172e+00,4.889992713928222656e+00,-2.877237701416015625e+01,1.016065883636474609e+01,-5.129632472991943359e+00
7.665116310119628906e+01,-1.740728187561035156e+01,6.083225727081298828e+00,5.829450130462646484e+00,-2.889641380310058594e+01,9.894566535949707031e+00,-5.331423282623291016e+00
7.667120885848999023e+01,-1.720073699951171875e+01,6.050533771514892578e+00,5.959534645080566406e+00,-2.890167999267578125e+01,9.905326843261718750e+00,-5.146354675292968750e+00
7.669129729270935059e+01,-1.760016441345214844e+01,6.267454624176025391e+00,4.783170700073242188e+00,-2.840911102294921875e+01,1.027061271667480469e+01,-5.782255649566650391e+00
7.671150183677673340e+01,-1.854862785339355469e+01,6.259409427642822266e+00,4.709596633911132812e+00,-2.627992248535156250e+01,7.892642974853515625e+00,-5.795896530151367188e+00
7.673160028457641602e+01,-1.776118659973144531e+01,5.573161125183105469e+00,5.407240390777587891e+00,-2.838263511657714844e+01,9.118011474609375000e+00,-2.338044643402099609e+00
7.675167036056518555e+01,-1.712508583068847656e+01,5.775392532348632812e+00,5.357908725738525391e+00,-2.929348182678222656e+01,9.820779800415039062e+00,-4.658136367797851562e+00
7.677174115180969238e+01,-1.685609054565429688e+01,6.114229202270507812e+00,5.872613906860351562e+00,-2.972101402282714844e+01,9.920705795288085938e+00,-6.160661697387695312e+00
7.679199552536010742e+01,-1.646296691894531250e+01,5.121734142303466797e+00,6.170108318328857422e+00,-3.023476028442382812e+01,9.824658393859863281e+00,-5.560841083526611328e+00
7.681212782859802246e+01,-1.825345993041992188e+01,5.438480377197265625e+00,4.951123714447021484e+00,-3.003312110900878906e+01,9.026838302612304688e+00,-5.311452865600585938e+00
7.683256173133850098e+01,-1.795632934570312500e+01,5.663676261901855469e+00,4.975559711456298828e+00,-2.995466804504394531e+01,8.752144813537597656e+00,-6.006265163421630859e+00
7.685216116905212402e+01,-1.792834854125976562e+01,5.877801418304443359e+00,4.568670749664306641e+00,-2.930073165893554688e+01,9.216869354248046875e+00,-5.018065929412841797e+00
7.687232732772827148e+01,-1.746855545043945312e+01,5.972931861877441406e+00,5.433431625366210938e+00,-2.933061981201171875e+01,9.254035949707031250e+00,-5.834172248840332031e+00
7.689242386817932129e+01,-1.640067100524902344e+01,4.270555973052978516e+00,4.661018371582031250e+00,-2.957155227661132812e+01,8.883185386657714844e+00,-5.124439239501953125e+00
7.691352772712707520e+01,-1.734073638916015625e+01,5.056109905242919922e+00,5.058291435241699219e+00,-2.978293991088867188e+01,8.633525848388671875e+00,-4.990734100341796875e+00
7.693270826339721680e+01,-1.756328773498535156e+01,5.568686962127685547e+00,4.950424194335937500e+00,-2.994599723815917969e+01,8.498801231384277344e+00,-5.844396591186523438e+00
7.695374035835266113e+01,-1.769617080688476562e+01,5.737629890441894531e+00,4.517803668975830078e+00,-2.967654609680175781e+01,8.805150985717773438e+00,-5.471171855926513672e+00
7.697386717796325684e+01,-1.726262664794921875e+01,5.774512767791748047e+00,6.034987926483154297e+00,-2.963120269775390625e+01,9.097078323364257812e+00,-5.193582057952880859e+00
7.699421572685241699e+01,-1.518241024017333984e+01,4.048523902893066406e+00,3.718370199203491211e+00,-3.036426544189453125e+01,9.293936729431152344e+00,-5.742391586303710938e+00
7.701420545578002930e+01,-1.639536094665527344e+01,4.443835258483886719e+00,5.924906730651855469e+00,-3.046915435791015625e+01,8.682614326477050781e+00,-5.175994873046875000e+00
7.703425168991088867e+01,-1.724101829528808594e+01,5.019513130187988281e+00,5.746584892272949219e+00,-3.070343017578125000e+01,8.386713027954101562e+00,-5.789417743682861328e+00
7.705452966690063477e+01,-1.811376380920410156e+01,5.638677120208740234e+00,4.973232746124267578e+00,-3.036822319030761719e+01,8.543957710266113281e+00,-5.800465106964111328e+00
7.707431530952453613e+01,-1.826939582824707031e+01,5.763458728790283203e+00,4.136876583099365234e+00,-2.986763191223144531e+01,8.912276268005371094e+00,-5.244524002075195312e+00
7.709452152252197266e+01,-1.747342872619628906e+01,5.815081119537353516e+00,6.219715595245361328e+00,-2.962733459472656250e+01,9.168370246887207031e+00,-4.965048313140869141e+00
7.711466217041015625e+01,-1.756929588317871094e+01,5.946611881256103516e+00,5.394688606262207031e+00,-2.955467033386230469e+01,9.515464782714843750e+00,-5.014937877655029297e+00
7.713541483879089355e+01,-1.777726745605468750e+01,6.011166572570800781e+00,4.355994701385498047e+00,-2.971577262878417969e+01,9.556189537048339844e+00,-5.898462295532226562e+00
7.715490341186523438e+01,-1.780618286132812500e+01,5.838070392608642578e+00,4.445727825164794922e+00,-2.947586250305175781e+01,9.764108657836914062e+00,-4.987896919250488281e+00
7.717473220825195312e+01,-1.755412864685058594e+01,5.783356666564941406e+00,5.309938430786132812e+00,-2.967958641052246094e+01,9.422872543334960938e+00,-5.875191688537597656e+00
7.719500827789306641e+01,-1.753854179382324219e+01,5.719285964965820312e+00,5.298016548156738281e+00,-2.950812530517578125e+01,9.507753372192382812e+00,-5.298341751098632812e+00
7.721503591537475586e+01,-1.755424308776855469e+01,5.767698764801025391e+00,5.389517784118652344e+00,-2.944158935546875000e+01,9.438557624816894531e+00,-5.087713241577148438e+00
7.723521542549133301e+01,-1.751363563537597656e+01,5.743862628936767578e+00,4.979537487030029297e+00,-2.945250701904296875e+01,9.568750381469726562e+00,-5.065921306610107422e+00
7.725523042678833008e+01,-1.765529060363769531e+01,5.791074752807617188e+00,4.874245166778564453e+00,-2.943390655517578125e+01,9.545041084289550781e+00,-5.046891689300537109e+00
7.727550435066223145e+01,-1.735509872436523438e+01,5.836983203887939453e+00,5.338416576385498047e+00,-2.966554260253906250e+01,9.463488578796386719e+00,-5.797108650207519531e+00
7.729569983482360840e+01,-1.764178276062011719e+01,5.785048961639404297e+00,4.811491966247558594e+00,-2.959483528137207031e+01,9.433917999267578125e+00,-5.772898674011230469e+00
7.731578969955444336e+01,-1.728362274169921875e+01,5.881918907165527344e+00,5.468186378479003906e+00,-2.961451530456542969e+01,9.519463539123535156e+00,-5.796832084655761719e+00
7.733587908744812012e+01,-1.504173088073730469e+01,3.976562738418579102e+00,5.905572891235351562e+00,-3.034854507446289062e+01,9.561261177062988281e+00,-5.814743041992187500e+00
7.735598731040954590e+01,-1.799288749694824219e+01,5.186950683593750000e+00,4.870553493499755859e+00,-3.028809738159179688e+01,8.887592315673828125e+00,-5.951394081115722656e+00
7.737626719474792480e+01,-1.809727668762207031e+01,5.459223270416259766e+00,4.958290576934814453e+00,-3.010513496398925781e+01,8.556756019592285156e+00,-5.759362697601318359e+00
7.739635443687438965e+01,-1.802590370178222656e+01,5.546026229858398438e+00,4.134677886962890625e+00,-2.969127273559570312e+01,8.730321884155273438e+00,-5.467845439910888672e+00
7.741637516021728516e+01,-1.718681907653808594e+01,5.648412227630615234e+00,6.195445060729980469e+00,-2.954632377624511719e+01,8.950145721435546875e+00,-5.202506065368652344e+00
7.743656849861145020e+01,-1.747031021118164062e+01,5.785955429077148438e+00,5.172846794128417969e+00,-2.948719406127929688e+01,9.272832870483398438e+00,-5.028348445892333984e+00
7.745670747756958008e+01,-1.609862709045410156e+01,4.691194057464599609e+00,5.607602596282958984e+00,-2.994972229003906250e+01,9.480998039245605469e+00,-5.063215255737304688e+00
7.747673487663269043e+01,-1.791364288330078125e+01,5.265522480010986328e+00,4.812790393829345703e+00,-2.998267936706542969e+01,8.760578155517578125e+00,-5.097369670867919922e+00
7.749682736396789551e+01,-1.777615547180175781e+01,5.430673599243164062e+00,4.956365585327148438e+00,-3.010546112060546875e+01,8.526792526245117188e+00,-5.582753181457519531e+00
7.751698303222656250e+01,-1.765682983398437500e+01,5.656461715698242188e+00,5.020329952239990234e+00,-2.983979606628417969e+01,8.703184127807617188e+00,-5.223321437835693359e+00
7.753708362579345703e+01,-1.757187843322753906e+01,5.961086750030517578e+00,5.040640354156494141e+00,-2.981183052062988281e+01,9.016510963439941406e+00,-5.676311016082763672e+00
7.755719232559204102e+01,-1.697397804260253906e+01,5.912189483642578125e+00,2.581489562988281250e+00,-2.969820022583007812e+01,9.375988006591796875e+00,-4.973967552185058594e+00
7.757733869552612305e+01,-1.638753890991210938e+01,4.580404758453369141e+00,5.979153156280517578e+00,-3.044471549987792969e+01,8.785642623901367188e+00,-5.804948806762695312e+00
7.759736704826354980e+01,-1.741004562377929688e+01,5.266655445098876953e+00,5.927344799041748047e+00,-3.057811546325683594e+01,8.647839546203613281e+00,-5.761513710021972656e+00
7.761755180358886719e+01,-1.806119346618652344e+01,5.565241813659667969e+00,5.190137863159179688e+00,-3.026581382751464844e+01,8.750956535339355469e+00,-5.019985198974609375e+00
7.763765835762023926e+01,-1.824980735778808594e+01,5.828705787658691406e+00,4.529507637023925781e+00,-3.012520027160644531e+01,8.890923500061035156e+00,-5.723106384277343750e+00
7.765877723693847656e+01,-1.808790016174316406e+01,5.827155113220214844e+00,4.885718345642089844e+00,-2.976210403442382812e+01,8.917901039123535156e+00,-5.459573268890380859e+00
7.767877984046936035e+01,-1.621038055419921875e+01,4.802328109741210938e+00,5.903950691223144531e+00,-3.002592849731445312e+01,9.381756782531738281e+00,-5.065101623535156250e+00
7.769889378547668457e+01,-1.777256393432617188e+01,5.322363853454589844e+00,4.966951847076416016e+00,-3.021296882629394531e+01,8.750906944274902344e+00,-5.844165325164794922e+00
7.771877479553222656e+01,-1.788035774230957031e+01,5.663058757781982422e+00,4.993637561798095703e+00,-3.009621047973632812e+01,8.728200912475585938e+00,-5.761241912841796875e+00
7.773875856399536133e+01,-1.788595199584960938e+01,5.795854568481445312e+00,4.552072048187255859e+00,-2.981937217712402344e+01,8.971116065979003906e+00,-5.509542465209960938e+00
7.775897026062011719e+01,-1.649455451965332031e+01,4.776949405670166016e+00,5.097872734069824219e+00,-3.006261444091796875e+01,9.393086433410644531e+00,-5.293708801269531250e+00
7.777914094924926758e+01,-1.778360557556152344e+01,5.347489833831787109e+00,5.435259819030761719e+00,-3.016155052185058594e+01,8.760945320129394531e+00,-5.361722946166992188e+00
7.779966020584106445e+01,-1.778816223144531250e+01,5.667944431304931641e+00,5.002053737640380859e+00,-3.008040237426757812e+01,8.765678405761718750e+00,-5.305109500885009766e+00
7.781941628456115723e+01,-1.781947517395019531e+01,5.934524059295654297e+00,4.519814014434814453e+00,-2.976916313171386719e+01,9.290705680847167969e+00,-5.025492668151855469e+00
7.783988976478576660e+01,-1.724091148376464844e+01,5.937500000000000000e+00,6.227118492126464844e+00,-2.989053726196289062e+01,9.418516159057617188e+00,-5.728226661682128906e+00
7.785993719100952148e+01,-1.758574676513671875e+01,5.921306610107421875e+00,5.356991291046142578e+00,-2.984167098999023438e+01,9.458463668823242188e+00,-5.590186119079589844e+00
7.787985754013061523e+01,-1.738901138305664062e+01,6.095396995544433594e+00,5.272974967956542969e+00,-2.990404319763183594e+01,9.720720291137695312e+00,-5.935773849487304688e+00
7.790019798278808594e+01,-1.776477432250976562e+01,6.096257209777832031e+00,4.380166530609130859e+00,-2.955248260498046875e+01,1.005268669128417969e+01,-5.022611141204833984e+00
7.792028474807739258e+01,-1.772445869445800781e+01,6.032946109771728516e+00,4.479609012603759766e+00,-2.967245483398437500e+01,9.763256072998046875e+00,-5.887014389038085938e+00
7.794033741950988770e+01,-1.625944328308105469e+01,4.898896217346191406e+00,5.678066730499267578e+00,-2.899947929382324219e+01,9.946821212768554688e+00,-6.891921997070312500e+00
7.796045851707458496e+01,-1.837356376647949219e+01,4.971595287322998047e+00,5.111034393310546875e+00,-2.924771308898925781e+01,8.163969993591308594e+00,-2.154621601104736328e+00
7.798067665100097656e+01,-1.753654670715332031e+01,5.506837844848632812e+00,5.004658222198486328e+00,-2.999846458435058594e+01,9.182299613952636719e+00,-3.601300954818725586e+00
7.800074553489685059e+01,-1.752513885498046875e+01,6.176820755004882812e+00,4.947391033172607422e+00,-3.036031150817871094e+01,9.714003562927246094e+00,-5.323505401611328125e+00
7.802083969116210938e+01,-1.787329864501953125e+01,6.251570701599121094e+00,4.393448352813720703e+00,-3.047778892517089844e+01,9.839648246765136719e+00,-5.894353866577148438e+00
7.804087686538696289e+01,-1.778900527954101562e+01,5.900564193725585938e+00,5.055065155029296875e+00,-3.043208312988281250e+01,9.503605842590332031e+00,-6.045935153961181641e+00
7.806100726127624512e+01,-1.750357055664062500e+01,5.828056335449218750e+00,4.934873104095458984e+00,-3.033250236511230469e+01,9.441856384277343750e+00,-6.162617206573486328e+00
7.808110904693603516e+01,-1.755268287658691406e+01,5.602314472198486328e+00,5.171175956726074219e+00,-2.987159729003906250e+01,9.435178756713867188e+00,-5.156477928161621094e+00
7.810130238533020020e+01,-1.731980895996093750e+01,5.856665134429931641e+00,4.959353446960449219e+00,-2.988550186157226562e+01,9.658905029296875000e+00,-5.789818763732910156e+00
7.812148237228393555e+01,-1.666681289672851562e+01,5.452177047729492188e+00,5.918157100677490234e+00,-2.954317283630371094e+01,9.145682334899902344e+00,-5.379794120788574219e+00
7.814173603057861328e+01,-1.706468009948730469e+01,4.818871498107910156e+00,4.355893135070800781e+00,-3.094964408874511719e+01,8.204930305480957031e+00,-6.041651248931884766e+00
7.816182684898376465e+01,-1.648213958740234375e+01,4.456101894378662109e+00,5.589900970458984375e+00,-3.200205230712890625e+01,7.482206344604492188e+00,-5.853056907653808594e+00
7.818181657791137695e+01,-1.614668846130371094e+01,4.832590579986572266e+00,6.563632488250732422e+00,-3.247052001953125000e+01,7.658081054687500000e+00,-5.352361202239990234e+00
7.820196461677551270e+01,-1.603695106506347656e+01,5.470937728881835938e+00,6.390411853790283203e+00,-3.262938308715820312e+01,8.234376907348632812e+00,-6.251038551330566406e+00
7.822205448150634766e+01,-1.632332038879394531e+01,5.774983882904052734e+00,6.374454498291015625e+00,-3.225380706787109375e+01,8.746306419372558594e+00,-5.878163337707519531e+00
7.824213075637817383e+01,-1.678010940551757812e+01,6.009915828704833984e+00,5.492735862731933594e+00,-3.191913223266601562e+01,9.240993499755859375e+00,-5.612876415252685547e+00
7.826224255561828613e+01,-1.696934509277343750e+01,6.351786136627197266e+00,5.130178451538085938e+00,-3.135674476623535156e+01,9.746852874755859375e+00,-5.343766212463378906e+00
7.828249669075012207e+01,-1.706747245788574219e+01,6.573910236358642578e+00,5.171517848968505859e+00,-3.106191635131835938e+01,9.979879379272460938e+00,-6.040386199951171875e+00
7.830255532264709473e+01,-1.673653793334960938e+01,6.829653739929199219e+00,6.146578788757324219e+00,-3.042205429077148438e+01,1.041056823730468750e+01,-6.062132835388183594e+00
7.832266855239868164e+01,-1.717547225952148438e+01,7.237105846405029297e+00,4.883697032928466797e+00,-2.962484741210937500e+01,1.090737915039062500e+01,-6.092225551605224609e+00
7.834400701522827148e+01,-1.727553367614746094e+01,7.312672138214111328e+00,5.513791561126708984e+00,-2.920248603820800781e+01,1.089118766784667969e+01,-6.133267879486083984e+00
7.836349773406982422e+01,-1.712772560119628906e+01,7.851869106292724609e+00,6.263171195983886719e+00,-2.828170394897460938e+01,1.138515377044677734e+01,-5.931273460388183594e+00
7.838392972946166992e+01,-1.737914276123046875e+01,8.036484718322753906e+00,5.959473609924316406e+00,-2.771772766113281250e+01,1.157974147796630859e+01,-5.388303279876708984e+00
7.840380620956420898e+01,-1.720971679687500000e+01,8.274649620056152344e+00,6.414091587066650391e+00,-2.719777679443359375e+01,1.192105007171630859e+01,-5.896458148956298828e+00
7.842401432991027832e+01,-1.717095947265625000e+01,8.923979759216308594e+00,5.756157875061035156e+00,-2.634187698364257812e+01,1.286780643463134766e+01,-5.566480159759521484e+00
7.844385218620300293e+01,-1.795452499389648438e+01,9.228058815002441406e+00,5.302617549896240234e+00,-2.598756408691406250e+01,1.305370712280273438e+01,-5.164895534515380859e+00
7.846442723274230957e+01,-1.862178802490234375e+01,7.564717292785644531e+00,5.877127170562744141e+00,-2.724019241333007812e+01,1.137413597106933594e+01,-5.563667297363281250e+00
7.848441982269287109e+01,-1.868385887145996094e+01,5.819813251495361328e+00,7.108682632446289062e+00,-2.881180191040039062e+01,9.288106918334960938e+00,-6.415767192840576172e+00
7.850475764274597168e+01,-1.854586601257324219e+01,3.960263490676879883e+00,6.970921993255615234e+00,-3.059742164611816406e+01,7.037731647491455078e+00,-6.541751861572265625e+00
7.852483320236206055e+01,-1.804006195068359375e+01,3.124707937240600586e+00,6.121439933776855469e+00,-3.144002914428710938e+01,5.794500827789306641e+00,-6.265145778656005859e+00
7.854461359977722168e+01,-1.770429420471191406e+01,3.180730581283569336e+00,6.213486671447753906e+00,-3.168032836914062500e+01,5.180509567260742188e+00,-8.129913330078125000e+00
7.856456398963928223e+01,-1.849081611633300781e+01,3.385591745376586914e+00,5.700415611267089844e+00,-3.217766189575195312e+01,5.279484272003173828e+00,-2.833459377288818359e+00
7.858464527130126953e+01,-1.703657150268554688e+01,3.211270570755004883e+00,6.009570598602294922e+00,-3.339453125000000000e+01,6.317818641662597656e+00,-6.675487995147705078e+00
7.860473513603210449e+01,-1.868988800048828125e+01,4.145757675170898438e+00,5.382160663604736328e+00,-3.140596580505371094e+01,4.153388977050781250e+00,-7.281597137451171875e+00
7.862514686584472656e+01,-1.825967979431152344e+01,3.944977521896362305e+00,5.310550212860107422e+00,-3.291806793212890625e+01,5.870509147644042969e+00,-4.003706932067871094e+00
7.864505267143249512e+01,-1.693170356750488281e+01,4.589776039123535156e+00,2.639967441558837891e+00,-3.320182037353515625e+01,7.234073162078857422e+00,-6.129272460937500000e+00
7.866513085365295410e+01,-1.685328674316406250e+01,4.060667991638183594e+00,6.610828876495361328e+00,-3.336019134521484375e+01,7.265209197998046875e+00,-6.610545635223388672e+00
7.868530797958374023e+01,-1.827030563354492188e+01,4.783187389373779297e+00,4.925698757171630859e+00,-3.248363113403320312e+01,7.537584781646728516e+00,-5.514087677001953125e+00
7.870537352561950684e+01,-1.846172714233398438e+01,5.141723632812500000e+00,3.990816116333007812e+00,-3.186440658569335938e+01,8.023866653442382812e+00,-6.229143142700195312e+00
7.872556304931640625e+01,-1.786365127563476562e+01,5.520562171936035156e+00,5.579859733581542969e+00,-3.110172080993652344e+01,8.502166748046875000e+00,-6.165148735046386719e+00
7.874566864967346191e+01,-1.782295036315917969e+01,4.997217655181884766e+00,4.733610630035400391e+00,-3.081247901916503906e+01,8.775612831115722656e+00,-5.976790428161621094e+00
7.876590895652770996e+01,-1.807798767089843750e+01,5.436254978179931641e+00,4.891903400421142578e+00,-3.052174377441406250e+01,8.621340751647949219e+00,-5.624692440032958984e+00
7.878589534759521484e+01,-1.786592292785644531e+01,5.922227859497070312e+00,5.005520820617675781e+00,-3.029132270812988281e+01,9.079163551330566406e+00,-5.857304096221923828e+00
7.880598664283752441e+01,-1.790920639038085938e+01,6.376052379608154297e+00,4.963697433471679688e+00,-2.981111907958984375e+01,9.855072975158691406e+00,-5.594552516937255859e+00
7.882610654830932617e+01,-1.605465888977050781e+01,4.825175762176513672e+00,4.861501216888427734e+00,-3.007275772094726562e+01,1.014815330505371094e+01,-5.880029201507568359e+00
7.884621953964233398e+01,-1.813051795959472656e+01,5.813221931457519531e+00,4.825242996215820312e+00,-2.974120330810546875e+01,9.967411041259765625e+00,-5.095195770263671875e+00
7.886635708808898926e+01,-1.821375274658203125e+01,6.062866210937500000e+00,4.932714939117431641e+00,-2.981384658813476562e+01,9.612910270690917969e+00,-5.783741474151611328e+00
7.888703989982604980e+01,-1.798651504516601562e+01,6.300314903259277344e+00,4.989390373229980469e+00,-2.940252876281738281e+01,9.756073951721191406e+00,-5.540328025817871094e+00
7.890722227096557617e+01,-1.757894706726074219e+01,6.432684898376464844e+00,5.784924030303955078e+00,-2.916072463989257812e+01,1.022488403320312500e+01,-5.531466484069824219e+00
7.892721438407897949e+01,-1.773686218261718750e+01,6.491788864135742188e+00,4.941399097442626953e+00,-2.906542587280273438e+01,1.040636157989501953e+01,-5.549510478973388672e+00
7.894741082191467285e+01,-1.778667259216308594e+01,6.551551818847656250e+00,4.882285594940185547e+00,-2.907239151000976562e+01,1.045170688629150391e+01,-5.549001693725585938e+00
7.896703886985778809e+01,-1.759553909301757812e+01,6.684862136840820312e+00,4.800986289978027344e+00,-2.904533767700195312e+01,1.077319240570068359e+01,-5.804625511169433594e+00
7.898708796501159668e+01,-1.783110046386718750e+01,6.666105270385742188e+00,4.659890174865722656e+00,-2.873590850830078125e+01,1.097032833099365234e+01,-5.030379772186279297e+00
7.900723123550415039e+01,-1.734538650512695312e+01,6.656655788421630859e+00,5.542813777923583984e+00,-2.865453529357910156e+01,1.098292255401611328e+01,-5.127721309661865234e+00
7.902736544609069824e+01,-1.736331939697265625e+01,6.733039379119873047e+00,5.381227016448974609e+00,-2.861697196960449219e+01,1.092057895660400391e+01,-5.327066898345947266e+00
7.904740738868713379e+01,-1.757841300964355469e+01,6.732721805572509766e+00,4.342148780822753906e+00,-2.854968452453613281e+01,1.094625949859619141e+01,-5.352069377899169922e+00
7.906753754615783691e+01,-1.751737594604492188e+01,6.534754753112792969e+00,4.371965408325195312e+00,-2.858702087402343750e+01,1.075326538085937500e+01,-5.520247936248779297e+00
7.908851361274719238e+01,-1.736854743957519531e+01,6.684358596801757812e+00,5.154608249664306641e+00,-2.856090164184570312e+01,1.068810844421386719e+01,-5.696081161499023438e+00
7.910873913764953613e+01,-1.684909248352050781e+01,6.674321651458740234e+00,6.123184204101562500e+00,-2.841368484497070312e+01,1.096929740905761719e+01,-4.957884788513183594e+00
7.912879991531372070e+01,-1.726004219055175781e+01,6.603724479675292969e+00,5.226023197174072266e+00,-2.843039894104003906e+01,1.085824394226074219e+01,-5.028296947479248047e+00
7.914913797378540039e+01,-1.726353073120117188e+01,6.576349258422851562e+00,4.660342693328857422e+00,-2.846130752563476562e+01,1.081498146057128906e+01,-4.961586952209472656e+00
7.916958618164062500e+01,-1.691352081298828125e+01,6.434119701385498047e+00,6.040322780609130859e+00,-2.849091339111328125e+01,1.056888008117675781e+01,-4.977146148681640625e+00
7.918945765495300293e+01,-1.719287490844726562e+01,6.587798118591308594e+00,5.278879165649414062e+00,-2.772498703002929688e+01,1.062945842742919922e+01,-6.878721237182617188e+00
7.920910048484802246e+01,-1.818220329284667969e+01,6.676536560058593750e+00,4.648546695709228516e+00,-2.629593086242675781e+01,8.994137763977050781e+00,-2.998870849609375000e+00
7.922902655601501465e+01,-1.721444511413574219e+01,5.904348373413085938e+00,5.766947746276855469e+00,-2.794185256958007812e+01,9.649995803833007812e+00,-1.944615244865417480e+00
7.924951887130737305e+01,-1.634039497375488281e+01,6.049005985260009766e+00,5.737399101257324219e+00,-2.887205505371093750e+01,1.070158672332763672e+01,-3.563932418823242188e+00
7.926953959465026855e+01,-1.662623977661132812e+01,6.451151371002197266e+00,5.061558723449707031e+00,-2.930343627929687500e+01,1.071343231201171875e+01,-5.956614494323730469e+00
7.928957676887512207e+01,-1.737850189208984375e+01,6.261207103729248047e+00,4.151222705841064453e+00,-2.928530883789062500e+01,1.024854469299316406e+01,-6.090268611907958984e+00
7.930942940711975098e+01,-1.744416046142578125e+01,5.931455612182617188e+00,4.055047988891601562e+00,-2.917306709289550781e+01,1.014309215545654297e+01,-5.866339206695556641e+00
7.932965540885925293e+01,-1.708224487304687500e+01,5.737619876861572266e+00,5.082605361938476562e+00,-2.910002326965332031e+01,9.690235137939453125e+00,-5.558943748474121094e+00
7.934945797920227051e+01,-1.715055084228515625e+01,5.720303058624267578e+00,4.414073944091796875e+00,-2.908459854125976562e+01,9.449620246887207031e+00,-5.771162509918212891e+00
7.936994123458862305e+01,-1.689468765258789062e+01,5.956322193145751953e+00,4.324774265289306641e+00,-2.898949813842773438e+01,9.715978622436523438e+00,-5.682776927947998047e+00
7.939008212089538574e+01,-1.666234779357910156e+01,6.077226161956787109e+00,5.209794044494628906e+00,-2.899369239807128906e+01,9.926620483398437500e+00,-5.479282379150390625e+00
7.941014647483825684e+01,-1.687107086181640625e+01,5.832589626312255859e+00,5.220935344696044922e+00,-2.894386100769042969e+01,9.750972747802734375e+00,-4.853464603424072266e+00
7.943030095100402832e+01,-1.702936553955078125e+01,5.893470287322998047e+00,4.423911571502685547e+00,-2.914697074890136719e+01,9.583492279052734375e+00,-5.618822574615478516e+00
7.945040559768676758e+01,-1.497529411315917969e+01,4.262693405151367188e+00,4.564555168151855469e+00,-2.954660415649414062e+01,9.744932174682617188e+00,-5.518271446228027344e+00
7.947054052352905273e+01,-1.651955413818359375e+01,4.525951385498046875e+00,4.490156650543212891e+00,-2.954561996459960938e+01,8.883399009704589844e+00,-4.914251327514648438e+00
7.949056673049926758e+01,-1.683171081542968750e+01,5.060098648071289062e+00,4.888347625732421875e+00,-2.991465377807617188e+01,8.346136093139648438e+00,-5.652295589447021484e+00
7.951067137718200684e+01,-1.697681808471679688e+01,5.530248165130615234e+00,4.762477874755859375e+00,-2.972418594360351562e+01,8.532108306884765625e+00,-5.567249774932861328e+00
7.953071594238281250e+01,-1.707215118408203125e+01,5.795985698699951172e+00,4.872440338134765625e+00,-2.943046951293945312e+01,8.952196121215820312e+00,-4.775476455688476562e+00
7.955092406272888184e+01,-1.741463661193847656e+01,5.715200424194335938e+00,3.990064144134521484e+00,-2.949618530273437500e+01,9.076510429382324219e+00,-5.329924583435058594e+00
7.957109665870666504e+01,-1.700210952758789062e+01,5.654377460479736328e+00,5.294500827789306641e+00,-2.944105720520019531e+01,9.133850097656250000e+00,-4.769286632537841797e+00
7.959115457534790039e+01,-1.591430473327636719e+01,4.654560089111328125e+00,4.692541122436523438e+00,-3.002302742004394531e+01,9.247996330261230469e+00,-5.656099319458007812e+00
7.961137151718139648e+01,-1.720624542236328125e+01,4.957627296447753906e+00,4.858256340026855469e+00,-2.989956092834472656e+01,8.669857978820800781e+00,-4.357594966888427734e+00
7.963158535957336426e+01,-1.794366645812988281e+01,5.490310192108154297e+00,4.889911651611328125e+00,-2.748635673522949219e+01,6.515265464782714844e+00,-5.860901832580566406e+00
7.965558886528015137e+01,-1.748338699340820312e+01,5.211216926574707031e+00,4.941562175750732422e+00,-2.958997726440429688e+01,8.291860580444335938e+00,-2.448512792587280273e+00
7.967189455032348633e+01,-1.714766693115234375e+01,5.732554912567138672e+00,4.241136550903320312e+00,-2.992914962768554688e+01,9.436434745788574219e+00,-4.408378601074218750e+00
7.969216799736022949e+01,-1.625045967102050781e+01,5.904121398925781250e+00,2.735815763473510742e+00,-3.009144401550292969e+01,9.689445495605468750e+00,-6.223468780517578125e+00
7.971206426620483398e+01,-1.505786609649658203e+01,4.139161109924316406e+00,4.789653778076171875e+00,-3.018716239929199219e+01,9.556475639343261719e+00,-7.356325149536132812e+00
7.973221445083618164e+01,-1.840891838073730469e+01,5.196174144744873047e+00,5.414834976196289062e+00,-2.847587394714355469e+01,6.550231933593750000e+00,-6.603261470794677734e+00
7.975231170654296875e+01,-1.822946357727050781e+01,4.672928333282470703e+00,4.885063648223876953e+00,-3.056847190856933594e+01,7.606914043426513672e+00,-2.328838348388671875e+00
7.977246141433715820e+01,-1.737449645996093750e+01,5.238888740539550781e+00,3.660901784896850586e+00,-3.058803367614746094e+01,8.859894752502441406e+00,-4.447010993957519531e+00
7.979278206825256348e+01,-1.703990936279296875e+01,5.850186347961425781e+00,5.300713539123535156e+00,-3.007705307006835938e+01,9.261474609375000000e+00,-6.778775215148925781e+00
7.981366348266601562e+01,-1.590027332305908203e+01,4.659451007843017578e+00,5.115426063537597656e+00,-3.021150588989257812e+01,9.366837501525878906e+00,-7.558387756347656250e+00
7.983372545242309570e+01,-1.822407150268554688e+01,4.567516326904296875e+00,5.350127220153808594e+00,-3.041142272949218750e+01,7.535015583038330078e+00,-2.125633239746093750e+00
7.985410714149475098e+01,-1.755997657775878906e+01,5.150438785552978516e+00,4.773741245269775391e+00,-3.076723480224609375e+01,8.631898880004882812e+00,-3.476148605346679688e+00
7.987383389472961426e+01,-1.741758346557617188e+01,5.895784378051757812e+00,4.770868778228759766e+00,-3.088795852661132812e+01,9.249896049499511719e+00,-5.242414951324462891e+00
7.989407062530517578e+01,-1.787286186218261719e+01,5.871056079864501953e+00,3.934339761734008789e+00,-3.080577659606933594e+01,9.354966163635253906e+00,-5.786991119384765625e+00
7.991445684432983398e+01,-1.775482177734375000e+01,5.898942470550537109e+00,4.151299476623535156e+00,-3.075454902648925781e+01,9.300092697143554688e+00,-5.933541774749755859e+00
7.993452572822570801e+01,-1.624842834472656250e+01,4.510769844055175781e+00,4.703890323638916016e+00,-3.086512565612792969e+01,9.076670646667480469e+00,-6.146644115447998047e+00
7.995432019233703613e+01,-1.734412002563476562e+01,4.697405815124511719e+00,5.150136470794677734e+00,-3.061809539794921875e+01,8.252075195312500000e+00,-5.409669876098632812e+00
7.997476887702941895e+01,-1.737013816833496094e+01,5.093987941741943359e+00,4.778005599975585938e+00,-3.065737342834472656e+01,8.056876182556152344e+00,-5.918313503265380859e+00
7.999530649185180664e+01,-1.739013671875000000e+01,5.280085086822509766e+00,4.326749801635742188e+00,-3.042953872680664062e+01,8.257784843444824219e+00,-5.652619361877441406e+00
8.001540708541870117e+01,-1.644388198852539062e+01,5.239122390747070312e+00,3.112288951873779297e+00,-3.055735397338867188e+01,8.592639923095703125e+00,-5.193722248077392578e+00
8.003565573692321777e+01,-1.662904357910156250e+01,4.430921077728271484e+00,6.437594890594482422e+00,-3.125061416625976562e+01,8.262744903564453125e+00,-5.004505157470703125e+00
8.005576920509338379e+01,-1.793277168273925781e+01,4.947537899017333984e+00,4.845036029815673828e+00,-3.128700065612792969e+01,7.931935310363769531e+00,-4.964435577392578125e+00
8.007586216926574707e+01,-1.814194679260253906e+01,5.114956378936767578e+00,4.397984981536865234e+00,-3.045887184143066406e+01,7.848798274993896484e+00,-6.889715194702148438e+00
8.009599423408508301e+01,-1.879753684997558594e+01,5.124185085296630859e+00,4.512821674346923828e+00,-2.961499214172363281e+01,7.239513397216796875e+00,-1.850077509880065918e+00
8.011607742309570312e+01,-1.670582771301269531e+01,4.014642715454101562e+00,5.519664764404296875e+00,-3.166446113586425781e+01,8.336585998535156250e+00,-3.395357847213745117e+00
8.013621211051940918e+01,-1.737050628662109375e+01,4.557659149169921875e+00,4.705833911895751953e+00,-3.212839508056640625e+01,7.556916236877441406e+00,-5.999318122863769531e+00
8.015627050399780273e+01,-1.734471130371093750e+01,4.577993869781494141e+00,4.726765632629394531e+00,-3.210131835937500000e+01,7.139801979064941406e+00,-6.134048938751220703e+00
8.017660403251647949e+01,-1.718363189697265625e+01,4.259804725646972656e+00,5.287810325622558594e+00,-3.175570678710937500e+01,7.146089553833007812e+00,-5.330780506134033203e+00
8.019674229621887207e+01,-1.623108482360839844e+01,3.304539918899536133e+00,4.616026401519775391e+00,-3.227344131469726562e+01,7.157288074493408203e+00,-5.983637332916259766e+00
8.021684288978576660e+01,-1.771877670288085938e+01,3.622277736663818359e+00,4.544380664825439453e+00,-3.222607421875000000e+01,6.273388862609863281e+00,-5.054547309875488281e+00
8.023691153526306152e+01,-1.755850410461425781e+01,3.808299541473388672e+00,4.894536972045898438e+00,-3.191104125976562500e+01,5.805290699005126953e+00,-7.061595916748046875e+00
8.025701189041137695e+01,-1.865313911437988281e+01,3.771459341049194336e+00,3.922495603561401367e+00,-3.140145492553710938e+01,5.286667346954345703e+00,-1.896784782409667969e+00
8.027712297439575195e+01,-1.744434928894042969e+01,3.212369680404663086e+00,4.698272705078125000e+00,-3.349334335327148438e+01,5.971158981323242188e+00,-4.126042366027832031e+00
8.029727745056152344e+01,-1.737016296386718750e+01,3.159166336059570312e+00,4.599925518035888672e+00,-3.420178222656250000e+01,5.390375614166259766e+00,-6.023776054382324219e+00
8.031742811203002930e+01,-1.725055122375488281e+01,2.115237951278686523e+00,4.747104167938232422e+00,-3.501003646850585938e+01,4.116076946258544922e+00,-6.230896949768066406e+00
8.033742880821228027e+01,-1.773872947692871094e+01,2.071319818496704102e+00,4.504652976989746094e+00,-3.503641891479492188e+01,3.315555572509765625e+00,-5.009932994842529297e+00
8.035761594772338867e+01,-1.812531471252441406e+01,2.257863998413085938e+00,4.269230842590332031e+00,-3.334497070312500000e+01,1.402095675468444824e+00,-6.352680206298828125e+00
8.037766456604003906e+01,-1.671177101135253906e+01,8.711512684822082520e-01,5.939975261688232422e+00,-3.615528869628906250e+01,2.928547382354736328e+00,-2.980459928512573242e+00
8.039885711669921875e+01,-1.710064506530761719e+01,1.524284362792968750e+00,5.421817779541015625e+00,-3.637123107910156250e+01,2.394574165344238281e+00,-6.201936244964599609e+00
8.041934657096862793e+01,-1.794268608093261719e+01,1.728706955909729004e+00,4.955415248870849609e+00,-3.617449569702148438e+01,1.874031782150268555e+00,-7.648167133331298828e+00
8.043937969207763672e+01,-1.873842430114746094e+01,1.050223588943481445e+00,3.931102037429809570e+00,-3.679724502563476562e+01,1.114513754844665527e+00,-3.086544036865234375e+00
8.045932960510253906e+01,-1.817842102050781250e+01,9.024074673652648926e-01,4.169764995574951172e+00,-3.705128479003906250e+01,9.398671984672546387e-01,-7.189707756042480469e+00
8.047943067550659180e+01,-1.830062484741210938e+01,5.637609362602233887e-01,4.469097137451171875e+00,-3.721622085571289062e+01,4.530513584613800049e-01,-7.738114833831787109e+00
8.049895739555358887e+01,-1.765686225891113281e+01,-2.937746345996856689e-01,3.878458738327026367e+00,-3.859486007690429688e+01,-4.832628667354583740e-01,-3.080488204956054688e+00
8.051938772201538086e+01,-1.723033523559570312e+01,-5.157481431961059570e-01,5.648257732391357422e+00,-3.958596420288085938e+01,-1.057582974433898926e+00,-7.653518676757812500e+00
8.053923320770263672e+01,-1.929852104187011719e+01,-3.688497543334960938e-01,4.125167846679687500e+00,-4.022185516357421875e+01,-1.871510624885559082e+00,-3.826933383941650391e+00
8.055936288833618164e+01,-1.909280395507812500e+01,-6.153757572174072266e-01,3.834023714065551758e+00,-4.035134887695312500e+01,-2.033707141876220703e+00,-6.907690048217773438e+00
8.057970738410949707e+01,-1.870590591430664062e+01,-1.661760926246643066e+00,5.095400333404541016e+00,-4.109019851684570312e+01,-3.653942346572875977e+00,-4.724487304687500000e+00
8.060023379325866699e+01,-1.682666015625000000e+01,-2.828887939453125000e+00,4.343404769897460938e+00,-4.235377502441406250e+01,-3.284664869308471680e+00,-4.777880668640136719e+00
8.062026524543762207e+01,-1.851586532592773438e+01,-1.871140241622924805e+00,4.793898105621337891e+00,-4.140377044677734375e+01,-5.639789104461669922e+00,-7.253560543060302734e+00
8.064031696319580078e+01,-1.856322288513183594e+01,-2.508515596389770508e+00,4.897121429443359375e+00,-4.366108703613281250e+01,-5.286568164825439453e+00,-3.652070522308349609e+00
8.066042351722717285e+01,-1.778923225402832031e+01,-2.339903116226196289e+00,1.996688008308410645e+00,-4.405307006835937500e+01,-5.329184532165527344e+00,-6.448061943054199219e+00
8.068054485321044922e+01,-1.717987060546875000e+01,-3.513628482818603516e+00,4.641895771026611328e+00,-4.342502593994140625e+01,-7.341325283050537109e+00,-6.959408283233642578e+00
8.070062923431396484e+01,-1.749816513061523438e+01,-4.051553726196289062e+00,5.519661426544189453e+00,-4.401559829711914062e+01,-8.159713745117187500e+00,-7.721204280853271484e+00
8.072076892852783203e+01,-1.844209098815917969e+01,-3.983188629150390625e+00,5.277010917663574219e+00,-4.586798095703125000e+01,-7.878923892974853516e+00,-5.340059757232666016e+00
8.074092841148376465e+01,-1.906731605529785156e+01,-3.673193216323852539e+00,4.489596366882324219e+00,-4.634159088134765625e+01,-7.879704952239990234e+00,-7.008167743682861328e+00
8.076095414161682129e+01,-2.048271369934082031e+01,-3.954356193542480469e+00,3.409679651260375977e+00,-4.629211044311523438e+01,-8.808387756347656250e+00,-6.844254016876220703e+00
8.078108739852905273e+01,-1.820549201965332031e+01,-5.581280231475830078e+00,4.982177257537841797e+00,-4.739693450927734375e+01,-8.483935356140136719e+00,-6.925160408020019531e+00
8.080118870735168457e+01,-2.016123962402343750e+01,-4.784357070922851562e+00,5.137573719024658203e+00,-4.819432830810546875e+01,-9.373211860656738281e+00,-5.106901168823242188e+00
8.082128524780273438e+01,-2.057429504394531250e+01,-4.691844940185546875e+00,4.016231536865234375e+00,-4.779318618774414062e+01,-1.048024272918701172e+01,-6.023242473602294922e+00
8.084139394760131836e+01,-2.005601119995117188e+01,-5.999927520751953125e+00,5.819277763366699219e+00,-4.831438064575195312e+01,-1.163493633270263672e+01,-7.849054813385009766e+00
8.086153125762939453e+01,-2.130752372741699219e+01,-6.077802181243896484e+00,5.161607742309570312e+00,-4.922245407104492188e+01,-1.228949832916259766e+01,-6.092518329620361328e+00
8.088166475296020508e+01,-2.035776901245117188e+01,-7.613070011138916016e+00,4.253245830535888672e+00,-5.183182907104492188e+01,-1.190187358856201172e+01,-7.078660011291503906e+00
8.090171766281127930e+01,-2.162608337402343750e+01,-7.243496417999267578e+00,5.520010471343994141e+00,-5.118610763549804688e+01,-1.365072250366210938e+01,-7.833212375640869141e+00
8.092177534103393555e+01,-2.183973693847656250e+01,-8.827125549316406250e+00,4.348678112030029297e+00,-5.159032440185546875e+01,-1.374896335601806641e+01,-5.045377731323242188e+00
8.094192790985107422e+01,-2.279685974121093750e+01,-8.059348106384277344e+00,5.704543113708496094e+00,-5.247011184692382812e+01,-1.436545181274414062e+01,-7.727606773376464844e+00
8.096213245391845703e+01,-2.289806175231933594e+01,-9.550814628601074219e+00,4.511102199554443359e+00,-5.305125427246093750e+01,-1.493921470642089844e+01,-8.820951461791992188e+00
8.098207330703735352e+01,-2.375743293762207031e+01,-9.247815132141113281e+00,5.982362270355224609e+00,-5.512945175170898438e+01,-1.512817573547363281e+01,-6.776316642761230469e+00
8.100224733352661133e+01,-2.262183952331542969e+01,-1.081572437286376953e+01,3.174467325210571289e+00,-5.573781967163085938e+01,-1.543629741668701172e+01,-7.137523651123046875e+00
8.102241134643554688e+01,-2.299186515808105469e+01,-1.077355766296386719e+01,5.533667564392089844e+00,-5.540731811523437500e+01,-1.607810211181640625e+01,-8.177830696105957031e+00
8.104239058494567871e+01,-2.477400970458984375e+01,-1.068791866302490234e+01,3.407633781433105469e+00,-5.442745208740234375e+01,-1.736545372009277344e+01,-7.640453815460205078e+00
8.106253576278686523e+01,-2.459357070922851562e+01,-1.181127071380615234e+01,6.546546459197998047e+00,-5.526332092285156250e+01,-1.656640625000000000e+01,-8.216219902038574219e+00
8.108265471458435059e+01,-2.618107604980468750e+01,-1.122755241394042969e+01,6.153410434722900391e+00,-5.526271820068359375e+01,-1.789133262634277344e+01,-7.510077953338623047e+00
8.110283589363098145e+01,-2.584419250488281250e+01,-1.191988658905029297e+01,3.035532712936401367e+00,-5.526936340332031250e+01,-1.740588569641113281e+01,-8.188373565673828125e+00
8.112420558929443359e+01,-2.619123458862304688e+01,-1.230450057983398438e+01,6.345834732055664062e+00,-5.624095535278320312e+01,-1.710882759094238281e+01,-8.348425865173339844e+00
8.114451670646667480e+01,-2.714101028442382812e+01,-1.265774536132812500e+01,5.576453208923339844e+00,-5.540374374389648438e+01,-1.756093406677246094e+01,-9.220333099365234375e+00
8.116459631919860840e+01,-2.842581748962402344e+01,-1.274560165405273438e+01,3.250596046447753906e+00,-5.642117309570312500e+01,-1.729942131042480469e+01,-5.967929840087890625e+00
8.118475794792175293e+01,-2.748112869262695312e+01,-1.298296070098876953e+01,7.480635166168212891e+00,-5.586973953247070312e+01,-1.836999893188476562e+01,-7.931935310363769531e+00
8.120494365692138672e+01,-2.888395500183105469e+01,-1.296364307403564453e+01,2.536578655242919922e+00,-5.670490264892578125e+01,-1.710974693298339844e+01,-7.162425518035888672e+00
8.125537753105163574e+01,-2.810173606872558594e+01,-1.367745399475097656e+01,5.297370433807373047e+00,-5.602004623413085938e+01,-1.858471298217773438e+01,-7.259003162384033203e+00
8.125942277908325195e+01,-2.920800781250000000e+01,-1.294874858856201172e+01,6.997054100036621094e+00,-5.804309844970703125e+01,-1.756990623474121094e+01,-8.012345314025878906e+00
8.127883481979370117e+01,-2.840307807922363281e+01,-1.400451660156250000e+01,3.833935976028442383e+00,-5.696874618530273438e+01,-1.734451293945312500e+01,-9.372074127197265625e+00
8.129757261276245117e+01,-2.909648323059082031e+01,-1.371987724304199219e+01,6.771924495697021484e+00,-5.619976043701171875e+01,-1.872855186462402344e+01,-8.105075836181640625e+00
8.131888747215270996e+01,-3.020090866088867188e+01,-1.356977462768554688e+01,5.868909358978271484e+00,-5.708949661254882812e+01,-1.764173698425292969e+01,-5.687073230743408203e+00
8.133777832984924316e+01,-2.847155952453613281e+01,-1.321563720703125000e+01,7.034152507781982422e+00,-5.676164245605468750e+01,-1.766376304626464844e+01,-8.569324493408203125e+00
8.135912585258483887e+01,-2.880379867553710938e+01,-1.340944576263427734e+01,6.498765468597412109e+00,-5.664930725097656250e+01,-1.786772346496582031e+01,-8.662926673889160156e+00
8.137878966331481934e+01,-3.032215690612792969e+01,-1.258237743377685547e+01,3.237694978713989258e+00,-5.729817199707031250e+01,-1.733669471740722656e+01,-9.406448364257812500e+00
8.139859533309936523e+01,-2.993491172790527344e+01,-1.290848064422607422e+01,7.625113964080810547e+00,-5.724305343627929688e+01,-1.710438346862792969e+01,-9.693865776062011719e+00
8.141856789588928223e+01,-3.084236717224121094e+01,-1.231499481201171875e+01,3.552824258804321289e+00,-5.736667251586914062e+01,-1.631527709960937500e+01,-7.552350521087646484e+00
8.143929004669189453e+01,-3.000541877746582031e+01,-1.250427436828613281e+01,6.649982929229736328e+00,-5.724798583984375000e+01,-1.667633819580078125e+01,-8.850934982299804688e+00
8.145948100090026855e+01,-3.088653755187988281e+01,-1.175583267211914062e+01,8.192244529724121094e+00,-5.722628402709960938e+01,-1.690260696411132812e+01,-8.992545127868652344e+00
8.147951364517211914e+01,-3.133304405212402344e+01,-1.167744255065917969e+01,3.818119764328002930e+00,-5.854753112792968750e+01,-1.577305316925048828e+01,-6.200749397277832031e+00
8.149938464164733887e+01,-3.127037048339843750e+01,-1.171429538726806641e+01,5.968448162078857422e+00,-5.801845932006835938e+01,-1.610324287414550781e+01,-7.640731811523437500e+00
8.151942896842956543e+01,-3.138655281066894531e+01,-1.111867618560791016e+01,8.255762100219726562e+00,-5.777241134643554688e+01,-1.558816814422607422e+01,-9.707999229431152344e+00
8.153979468345642090e+01,-3.065436363220214844e+01,-1.165449905395507812e+01,5.037954807281494141e+00,-5.864234542846679688e+01,-1.490959930419921875e+01,-6.118728160858154297e+00
8.155986928939819336e+01,-3.204991531372070312e+01,-9.630876541137695312e+00,7.261593341827392578e+00,-5.782157897949218750e+01,-1.492463493347167969e+01,-9.670639038085937500e+00
8.157997035980224609e+01,-3.146139717102050781e+01,-1.001694679260253906e+01,7.050720691680908203e+00,-5.748307037353515625e+01,-1.397800731658935547e+01,-8.648953437805175781e+00
8.160001492500305176e+01,-3.161792564392089844e+01,-8.816378593444824219e+00,3.900867223739624023e+00,-5.749620437622070312e+01,-1.356442832946777344e+01,-5.748089790344238281e+00
8.162011814117431641e+01,-3.095099830627441406e+01,-7.874670505523681641e+00,7.850591182708740234e+00,-5.648439407348632812e+01,-1.381811904907226562e+01,-8.091598510742187500e+00
8.164016175270080566e+01,-3.167837905883789062e+01,-7.581257820129394531e+00,3.232721567153930664e+00,-5.710149765014648438e+01,-1.265725994110107422e+01,-5.654142379760742188e+00
8.166038894653320312e+01,-3.119831466674804688e+01,-7.449353694915771484e+00,7.750659942626953125e+00,-5.679180908203125000e+01,-1.256707096099853516e+01,-8.711993217468261719e+00
8.168057942390441895e+01,-3.184314537048339844e+01,-9.474854469299316406e+00,4.549561023712158203e+00,-5.684480285644531250e+01,-1.486654949188232422e+01,-9.257668495178222656e+00
8.170137047767639160e+01,-3.314462661743164062e+01,-1.120314788818359375e+01,8.073055267333984375e+00,-5.910081481933593750e+01,-1.593375205993652344e+01,-9.321195602416992188e+00
8.172083520889282227e+01,-3.367052841186523438e+01,-1.226791095733642578e+01,4.156407356262207031e+00,-5.882188796997070312e+01,-1.657653999328613281e+01,-1.039509582519531250e+01
8.174079322814941406e+01,-3.355930709838867188e+01,-1.389186859130859375e+01,6.296963214874267578e+00,-5.740266418457031250e+01,-1.794074249267578125e+01,-8.899335861206054688e+00
8.176089930534362793e+01,-3.372802734375000000e+01,-1.362150573730468750e+01,3.879708766937255859e+00,-5.754383087158203125e+01,-1.658630561828613281e+01,-8.373792648315429688e+00
8.178127980232238770e+01,-3.335334777832031250e+01,-1.389695644378662109e+01,6.920695781707763672e+00,-5.650458145141601562e+01,-1.663953208923339844e+01,-8.769225120544433594e+00
8.180122184753417969e+01,-3.480306243896484375e+01,-1.219187927246093750e+01,6.694007873535156250e+00,-5.584664535522460938e+01,-1.603375816345214844e+01,-9.263205528259277344e+00
8.182174324989318848e+01,-3.392271423339843750e+01,-1.170612335205078125e+01,6.621849536895751953e+00,-5.512693786621093750e+01,-1.489728546142578125e+01,-8.916376113891601562e+00
8.184140634536743164e+01,-3.394743347167968750e+01,-1.036600589752197266e+01,7.885278701782226562e+00,-5.539210128784179688e+01,-1.343535423278808594e+01,-8.759991645812988281e+00
8.186144852638244629e+01,-3.475362777709960938e+01,-9.140419006347656250e+00,4.095630645751953125e+00,-5.453337860107421875e+01,-1.322141361236572266e+01,-8.286790847778320312e+00
8.188162112236022949e+01,-3.326585388183593750e+01,-8.854903221130371094e+00,6.898962020874023438e+00,-5.451082992553710938e+01,-1.157630252838134766e+01,-7.307667255401611328e+00
8.190160560607910156e+01,-3.366525650024414062e+01,-7.830171108245849609e+00,7.039202690124511719e+00,-5.479178237915039062e+01,-1.154905319213867188e+01,-7.479153156280517578e+00
8.192182660102844238e+01,-3.321276855468750000e+01,-6.778227806091308594e+00,3.173692226409912109e+00,-5.437239837646484375e+01,-1.010621547698974609e+01,-7.069720745086669922e+00
8.194187188148498535e+01,-3.221141052246093750e+01,-7.472939014434814453e+00,5.941300868988037109e+00,-5.329231262207031250e+01,-1.130721282958984375e+01,-8.034662246704101562e+00
8.196195006370544434e+01,-3.233531188964843750e+01,-6.865314960479736328e+00,3.993164539337158203e+00,-5.370393371582031250e+01,-9.215548515319824219e+00,-6.515009880065917969e+00
8.198204684257507324e+01,-3.283870315551757812e+01,-5.237190246582031250e+00,6.620144367218017578e+00,-5.198662948608398438e+01,-9.951357841491699219e+00,-8.244142532348632812e+00
8.200227069854736328e+01,-3.109869194030761719e+01,-6.113527297973632812e+00,3.977504014968872070e+00,-5.300033569335937500e+01,-8.104977607727050781e+00,-6.450102806091308594e+00
8.202234840393066406e+01,-3.196244239807128906e+01,-4.310286521911621094e+00,7.013452529907226562e+00,-5.070162582397460938e+01,-8.208666801452636719e+00,-8.633910179138183594e+00
8.204233980178833008e+01,-3.231885910034179688e+01,-3.729766607284545898e+00,2.570532560348510742e+00,-4.986787414550781250e+01,-7.813280582427978516e+00,-7.271112918853759766e+00
8.206249547004699707e+01,-3.113951683044433594e+01,-4.314844131469726562e+00,7.344027042388916016e+00,-5.027133560180664062e+01,-6.418442726135253906e+00,-5.961045265197753906e+00
8.208257389068603516e+01,-3.238963699340820312e+01,-2.774270534515380859e+00,5.550676822662353516e+00,-4.889380264282226562e+01,-5.982078552246093750e+00,-8.923045158386230469e+00
8.210266804695129395e+01,-3.044296455383300781e+01,-4.117875576019287109e+00,3.801527976989746094e+00,-5.008273315429687500e+01,-5.136982440948486328e+00,-7.402768135070800781e+00
8.212377810478210449e+01,-3.027731323242187500e+01,-3.728022336959838867e+00,5.584109306335449219e+00,-5.022451400756835938e+01,-4.999433994293212891e+00,-7.250376701354980469e+00
8.214297056198120117e+01,-3.102025032043457031e+01,-2.889930248260498047e+00,6.916860580444335938e+00,-4.888489151000976562e+01,-4.581674098968505859e+00,-8.526065826416015625e+00
8.216345167160034180e+01,-3.216587066650390625e+01,-2.825474739074707031e+00,5.394065856933593750e+00,-4.811500930786132812e+01,-4.791193962097167969e+00,-4.292227268218994141e+00
8.218308997154235840e+01,-3.209352111816406250e+01,-2.195474147796630859e+00,4.791285514831542969e+00,-4.602610397338867188e+01,-5.394134044647216797e+00,-7.664685726165771484e+00
8.220411658287048340e+01,-3.068358802795410156e+01,-2.977550029754638672e+00,6.103344917297363281e+00,-4.757547378540039062e+01,-4.215845584869384766e+00,-4.964359283447265625e+00
8.222431063652038574e+01,-3.117628860473632812e+01,-1.777420878410339355e+00,5.212951183319091797e+00,-4.565901947021484375e+01,-4.441052436828613281e+00,-8.252674102783203125e+00
8.224432420730590820e+01,-2.894415855407714844e+01,-3.029461145401000977e+00,5.474317073822021484e+00,-4.638347244262695312e+01,-3.345502853393554688e+00,-7.048542022705078125e+00
8.226445841789245605e+01,-3.018442726135253906e+01,-1.726104617118835449e+00,6.615858078002929688e+00,-4.560115051269531250e+01,-2.884718656539916992e+00,-4.049783229827880859e+00
8.228459119796752930e+01,-3.083613395690917969e+01,-1.336068511009216309e+00,4.781330585479736328e+00,-4.552393722534179688e+01,-2.471721172332763672e+00,-7.849660873413085938e+00
8.230466270446777344e+01,-3.109874153137207031e+01,-1.510007023811340332e+00,5.606084823608398438e+00,-4.495777893066406250e+01,-2.594791173934936523e+00,-5.214110851287841797e+00
8.232449054718017578e+01,-2.836632156372070312e+01,-2.453827619552612305e+00,5.230024337768554688e+00,-4.501231384277343750e+01,-2.096112251281738281e+00,-7.847720146179199219e+00
8.234472894668579102e+01,-2.977541923522949219e+01,-2.434572458267211914e+00,5.982304096221923828e+00,-4.531688308715820312e+01,-3.285713195800781250e+00,-3.920089960098266602e+00
8.236499357223510742e+01,-2.930621910095214844e+01,-2.184831857681274414e+00,1.948689341545104980e+00,-4.369242858886718750e+01,-4.800830841064453125e+00,-7.217395305633544922e+00
8.238503146171569824e+01,-2.841503906250000000e+01,-3.519536733627319336e+00,6.769091129302978516e+00,-4.580797576904296875e+01,-4.398109436035156250e+00,-4.572800159454345703e+00
8.240522193908691406e+01,-2.978816986083984375e+01,-2.645779132843017578e+00,4.966341495513916016e+00,-4.459622573852539062e+01,-5.428804874420166016e+00,-7.813791275024414062e+00
8.242534542083740234e+01,-2.961714744567871094e+01,-3.532218456268310547e+00,5.134265422821044922e+00,-4.565621185302734375e+01,-5.304239273071289062e+00,-6.687924861907958984e+00
8.244559502601623535e+01,-2.788334274291992188e+01,-4.292125701904296875e+00,5.258297920227050781e+00,-4.606752395629882812e+01,-5.485594749450683594e+00,-5.006876945495605469e+00
8.246569085121154785e+01,-2.894950294494628906e+01,-3.730090856552124023e+00,5.478131294250488281e+00,-4.584333038330078125e+01,-7.219138145446777344e+00,-6.417727470397949219e+00
8.248605990409851074e+01,-2.902729225158691406e+01,-4.543384552001953125e+00,2.048988580703735352e+00,-4.743834686279296875e+01,-6.916028022766113281e+00,-5.453046798706054688e+00
8.250603175163269043e+01,-2.840886688232421875e+01,-5.239529132843017578e+00,6.752614021301269531e+00,-4.639397430419921875e+01,-8.165389060974121094e+00,-7.834477424621582031e+00
8.252604126930236816e+01,-2.901745796203613281e+01,-5.254396915435791016e+00,5.538387775421142578e+00,-4.786500930786132812e+01,-8.174589157104492188e+00,-7.106453418731689453e+00
8.254622888565063477e+01,-3.025926971435546875e+01,-5.759490013122558594e+00,3.737500905990600586e+00,-4.762306976318359375e+01,-8.783987045288085938e+00,-5.631320953369140625e+00
8.256631207466125488e+01,-2.733503723144531250e+01,-7.423003196716308594e+00,4.004271984100341797e+00,-4.886684799194335938e+01,-1.016965103149414062e+01,-6.709336280822753906e+00
8.258659076690673828e+01,-2.800012779235839844e+01,-7.182753562927246094e+00,6.032063007354736328e+00,-4.969212341308593750e+01,-1.021401786804199219e+01,-5.680645465850830078e+00
8.260671710968017578e+01,-2.936750411987304688e+01,-7.397599220275878906e+00,4.747351646423339844e+00,-4.948247528076171875e+01,-1.160214900970458984e+01,-8.341690063476562500e+00
8.262671589851379395e+01,-2.818497085571289062e+01,-9.067574501037597656e+00,3.746674776077270508e+00,-4.982887649536132812e+01,-1.160388565063476562e+01,-8.994114875793457031e+00
8.264739966392517090e+01,-2.854312324523925781e+01,-9.427461624145507812e+00,6.455921649932861328e+00,-5.055300521850585938e+01,-1.305986213684082031e+01,-7.506663322448730469e+00
8.266691970825195312e+01,-2.937404632568359375e+01,-9.077249526977539062e+00,2.310157775878906250e+00,-5.129494476318359375e+01,-1.266481876373291016e+01,-8.294256210327148438e+00
8.268698978424072266e+01,-2.923712539672851562e+01,-1.035032653808593750e+01,6.605491638183593750e+00,-5.153119277954101562e+01,-1.389418506622314453e+01,-8.915336608886718750e+00
8.270704007148742676e+01,-2.991086578369140625e+01,-1.194345188140869141e+01,3.209189891815185547e+00,-5.308712768554687500e+01,-1.416379451751708984e+01,-3.923501253128051758e+00
8.272725963592529297e+01,-3.087835311889648438e+01,-1.116318225860595703e+01,6.564592361450195312e+00,-5.341813278198242188e+01,-1.548501300811767578e+01,-8.665736198425292969e+00
8.274844503402709961e+01,-3.094625854492187500e+01,-1.261286735534667969e+01,5.417208671569824219e+00,-5.394838714599609375e+01,-1.637488365173339844e+01,-8.447400093078613281e+00
8.276761674880981445e+01,-3.241523361206054688e+01,-1.314688587188720703e+01,5.657642841339111328e+00,-5.453126525878906250e+01,-1.698933410644531250e+01,-6.176307678222656250e+00
8.278759121894836426e+01,-3.267176437377929688e+01,-1.375128364562988281e+01,3.546027183532714844e+00,-5.440662384033203125e+01,-1.703862953186035156e+01,-8.847831726074218750e+00
8.280769109725952148e+01,-3.095042419433593750e+01,-1.566303539276123047e+01,6.016439914703369141e+00,-5.550596618652343750e+01,-1.799038696289062500e+01,-7.911233425140380859e+00
8.282774233818054199e+01,-3.189522171020507812e+01,-1.479591846466064453e+01,6.658151149749755859e+00,-5.626430892944335938e+01,-1.863239288330078125e+01,-7.295823097229003906e+00
8.284874725341796875e+01,-3.203641128540039062e+01,-1.599926280975341797e+01,5.013395309448242188e+00,-5.852835083007812500e+01,-1.888298606872558594e+01,-7.477519035339355469e+00
8.286872792243957520e+01,-3.194169998168945312e+01,-1.631584739685058594e+01,7.157580852508544922e+00,-5.916984558105468750e+01,-1.951826095581054688e+01,-7.699807643890380859e+00
8.288881349563598633e+01,-3.254858779907226562e+01,-1.699314308166503906e+01,5.544963359832763672e+00,-5.838682937622070312e+01,-2.026717948913574219e+01,-8.612008094787597656e+00
8.290875768661499023e+01,-3.398691558837890625e+01,-1.759410285949707031e+01,5.250240325927734375e+00,-5.941683578491210938e+01,-2.087002563476562500e+01,-8.454808235168457031e+00
8.292890167236328125e+01,-3.356285095214843750e+01,-1.822125816345214844e+01,4.132235527038574219e+00,-5.946248245239257812e+01,-2.140609550476074219e+01,-9.119330406188964844e+00
8.294967579841613770e+01,-3.421245193481445312e+01,-1.864908218383789062e+01,6.328368186950683594e+00,-6.021689605712890625e+01,-2.210063171386718750e+01,-7.954267978668212891e+00
8.296950173377990723e+01,-3.463076019287109375e+01,-1.953566741943359375e+01,5.825832366943359375e+00,-6.080006790161132812e+01,-2.227858924865722656e+01,-8.791961669921875000e+00
8.298946475982666016e+01,-3.532891845703125000e+01,-2.021434974670410156e+01,5.379467964172363281e+00,-6.081430816650390625e+01,-2.290102958679199219e+01,-9.597681045532226562e+00
8.300953245162963867e+01,-3.675414657592773438e+01,-2.058886718750000000e+01,5.067821025848388672e+00,-6.133061599731445312e+01,-2.356004524230957031e+01,-8.927634239196777344e+00
8.302937293052673340e+01,-3.645885086059570312e+01,-2.118605041503906250e+01,3.305998563766479492e+00,-6.198476791381835938e+01,-2.377986717224121094e+01,-8.972754478454589844e+00
8.304955792427062988e+01,-3.641506958007812500e+01,-2.166259956359863281e+01,7.519108772277832031e+00,-6.253006744384765625e+01,-2.407395553588867188e+01,-9.278903007507324219e+00
8.306971693038940430e+01,-3.843844985961914062e+01,-2.145556449890136719e+01,6.685097217559814453e+00,-6.349061965942382812e+01,-2.498907089233398438e+01,-8.185501098632812500e+00
8.308976435661315918e+01,-3.852254867553710938e+01,-2.156136703491210938e+01,4.430624008178710938e+00,-6.434319305419921875e+01,-2.493225669860839844e+01,-6.844870090484619141e+00
8.310988235473632812e+01,-3.838111877441406250e+01,-2.192636680603027344e+01,6.777487754821777344e+00,-6.472404479980468750e+01,-2.520161437988281250e+01,-9.107741355895996094e+00
8.313005137443542480e+01,-3.866961669921875000e+01,-2.258864402770996094e+01,6.343298435211181641e+00,-6.537682342529296875e+01,-2.570904731750488281e+01,-9.112019538879394531e+00
8.315015983581542969e+01,-3.948198318481445312e+01,-2.264063262939453125e+01,5.335784912109375000e+00,-6.570716094970703125e+01,-2.608291244506835938e+01,-9.107117652893066406e+00
8.317028427124023438e+01,-3.913521194458007812e+01,-2.285018539428710938e+01,6.283791542053222656e+00,-6.626506805419921875e+01,-2.640915679931640625e+01,-8.165522575378417969e+00
8.319033360481262207e+01,-3.927983856201171875e+01,-2.307909774780273438e+01,6.037666797637939453e+00,-6.662064361572265625e+01,-2.668801498413085938e+01,-8.103999137878417969e+00
8.321053004264831543e+01,-3.960240936279296875e+01,-2.317671585083007812e+01,5.665338993072509766e+00,-6.681695556640625000e+01,-2.678522300720214844e+01,-8.225963592529296875e+00
8.323071265220642090e+01,-3.943537902832031250e+01,-2.289839553833007812e+01,6.139552593231201172e+00,-6.680899047851562500e+01,-2.668308067321777344e+01,-8.314192771911621094e+00
8.325100302696228027e+01,-3.937196350097656250e+01,-2.289184761047363281e+01,6.498336791992187500e+00,-6.678336334228515625e+01,-2.659303855895996094e+01,-8.374253273010253906e+00
8.327094197273254395e+01,-3.986975479125976562e+01,-2.296046638488769531e+01,5.749763011932373047e+00,-6.679055786132812500e+01,-2.648385238647460938e+01,-8.411536216735839844e+00
8.329105257987976074e+01,-3.977701568603515625e+01,-2.270373344421386719e+01,6.131206512451171875e+00,-6.683155059814453125e+01,-2.636261367797851562e+01,-8.436543464660644531e+00
8.331128859519958496e+01,-4.005163955688476562e+01,-2.248244857788085938e+01,6.585610866546630859e+00,-6.674464416503906250e+01,-2.625784301757812500e+01,-8.451904296875000000e+00
8.333128714561462402e+01,-4.028087997436523438e+01,-2.216611480712890625e+01,6.477254390716552734e+00,-6.679199981689453125e+01,-2.604257011413574219e+01,-8.458503723144531250e+00
8.335140180587768555e+01,-4.095514297485351562e+01,-2.243300819396972656e+01,5.470808506011962891e+00,-6.678549194335937500e+01,-2.591668128967285156e+01,-8.450977325439453125e+00
8.337145972251892090e+01,-4.110227966308593750e+01,-2.225298690795898438e+01,6.103496551513671875e+00,-6.682967376708984375e+01,-2.583364295959472656e+01,-8.448931694030761719e+00
8.339153599739074707e+01,-4.163198089599609375e+01,-2.191891098022460938e+01,6.500477313995361328e+00,-6.665126037597656250e+01,-2.576561355590820312e+01,-8.435676574707031250e+00
8.341164422035217285e+01,-4.177048110961914062e+01,-2.193204498291015625e+01,6.589866638183593750e+00,-6.652651977539062500e+01,-2.553235244750976562e+01,-8.410023689270019531e+00
8.343200898170471191e+01,-4.110168457031250000e+01,-2.162196159362792969e+01,5.099008560180664062e+00,-6.653327941894531250e+01,-2.542378234863281250e+01,-8.398943901062011719e+00
8.345197653770446777e+01,-4.076256179809570312e+01,-2.150069999694824219e+01,7.520093441009521484e+00,-6.632044219970703125e+01,-2.521629714965820312e+01,-8.385571479797363281e+00
8.347210478782653809e+01,-4.242007064819335938e+01,-2.171738243103027344e+01,6.075884819030761719e+00,-6.612081909179687500e+01,-2.507982444763183594e+01,-8.400702476501464844e+00
8.349208402633666992e+01,-4.285592269897460938e+01,-2.108498191833496094e+01,7.911452770233154297e+00,-6.541302490234375000e+01,-2.468408966064453125e+01,-9.348452568054199219e+00
8.351225256919860840e+01,-4.360396194458007812e+01,-2.107342147827148438e+01,6.349747657775878906e+00,-6.518818664550781250e+01,-2.433398628234863281e+01,-8.640525817871093750e+00
8.353249168395996094e+01,-4.398261642456054688e+01,-2.104881858825683594e+01,5.707481861114501953e+00,-6.472705841064453125e+01,-2.394717216491699219e+01,-9.123564720153808594e+00
8.355263352394104004e+01,-4.346397781372070312e+01,-2.055495262145996094e+01,7.398869037628173828e+00,-6.426206207275390625e+01,-2.335746383666992188e+01,-9.803077697753906250e+00
8.357283139228820801e+01,-4.410937881469726562e+01,-2.050100517272949219e+01,5.848949432373046875e+00,-6.420001220703125000e+01,-2.343300247192382812e+01,-8.344758033752441406e+00
8.359381508827209473e+01,-4.338262557983398438e+01,-2.012368965148925781e+01,7.487297058105468750e+00,-6.369500350952148438e+01,-2.248901367187500000e+01,-9.771314620971679688e+00
8.361371159553527832e+01,-4.370352554321289062e+01,-1.977277565002441406e+01,6.976288795471191406e+00,-6.362446594238281250e+01,-2.274024581909179688e+01,-8.568765640258789062e+00
8.363372302055358887e+01,-4.277236557006835938e+01,-1.980801773071289062e+01,7.694306373596191406e+00,-6.330756759643554688e+01,-2.225242614746093750e+01,-8.594297409057617188e+00
8.365426588058471680e+01,-4.264887619018554688e+01,-1.977611732482910156e+01,6.951572895050048828e+00,-6.476816558837890625e+01,-2.157963943481445312e+01,-8.283530235290527344e+00
8.367453718185424805e+01,-4.308042526245117188e+01,-1.825963401794433594e+01,4.370940208435058594e+00,-6.384581756591796875e+01,-2.165238761901855469e+01,-9.211474418640136719e+00
8.369463109970092773e+01,-4.280090713500976562e+01,-1.887878227233886719e+01,7.226023197174072266e+00,-6.400897979736328125e+01,-2.106077766418457031e+01,-8.049599647521972656e+00
8.371466755867004395e+01,-4.285649871826171875e+01,-1.721445655822753906e+01,7.926053524017333984e+00,-6.400485229492187500e+01,-1.988225555419921875e+01,-7.419380187988281250e+00
8.373460125923156738e+01,-4.223344802856445312e+01,-1.744107627868652344e+01,6.670956134796142578e+00,-6.334924697875976562e+01,-2.003236579895019531e+01,-8.834650039672851562e+00
8.375512194633483887e+01,-4.286081695556640625e+01,-1.697706604003906250e+01,7.814790248870849609e+00,-6.307134246826171875e+01,-1.954081344604492188e+01,-9.652894973754882812e+00
8.377496671676635742e+01,-4.261354446411132812e+01,-1.697334098815917969e+01,5.929178237915039062e+00,-6.308221435546875000e+01,-1.855897331237792969e+01,-5.841944217681884766e+00
8.379515171051025391e+01,-4.249816131591796875e+01,-1.526106357574462891e+01,4.640466213226318359e+00,-6.190592575073242188e+01,-1.918677139282226562e+01,-8.482344627380371094e+00
8.381525325775146484e+01,-4.218227386474609375e+01,-1.585027980804443359e+01,8.030310630798339844e+00,-6.109038162231445312e+01,-1.861893463134765625e+01,-9.251478195190429688e+00
8.383535051345825195e+01,-4.393671417236328125e+01,-1.509733295440673828e+01,5.629621982574462891e+00,-6.078927612304687500e+01,-1.749216270446777344e+01,-7.934757709503173828e+00
8.385546827316284180e+01,-4.247159957885742188e+01,-1.464309501647949219e+01,6.761151313781738281e+00,-5.932981109619140625e+01,-1.757705307006835938e+01,-8.026440620422363281e+00
8.387565898895263672e+01,-4.169873046875000000e+01,-1.449615669250488281e+01,7.929536819458007812e+00,-6.021807861328125000e+01,-1.676776885986328125e+01,-8.519712448120117188e+00
8.389571857452392578e+01,-4.148945617675781250e+01,-1.349141407012939453e+01,4.366816043853759766e+00,-6.051052093505859375e+01,-1.616974449157714844e+01,-8.858990669250488281e+00
8.391621446609497070e+01,-4.136865615844726562e+01,-1.333073139190673828e+01,6.746718406677246094e+00,-5.931890487670898438e+01,-1.623984146118164062e+01,-8.597854614257812500e+00
8.393606591224670410e+01,-4.092920303344726562e+01,-1.367910575866699219e+01,7.586832523345947266e+00,-5.924471282958984375e+01,-1.572231101989746094e+01,-5.634487152099609375e+00
8.395596694946289062e+01,-4.161877822875976562e+01,-1.237280941009521484e+01,6.964828014373779297e+00,-5.959362411499023438e+01,-1.538131141662597656e+01,-7.930764198303222656e+00
8.397610211372375488e+01,-4.289506530761718750e+01,-1.195108127593994141e+01,5.785374164581298828e+00,-5.821868133544921875e+01,-1.559135246276855469e+01,-8.371765136718750000e+00
8.399626660346984863e+01,-4.246113204956054688e+01,-1.276316547393798828e+01,5.494142532348632812e+00,-5.761296844482421875e+01,-1.477986621856689453e+01,-9.396193504333496094e+00
8.401640367507934570e+01,-4.170161819458007812e+01,-1.244810771942138672e+01,7.320191860198974609e+00,-5.769082641601562500e+01,-1.519065856933593750e+01,-8.051988601684570312e+00
8.403650188446044922e+01,-4.107139205932617188e+01,-1.134290504455566406e+01,7.227001667022705078e+00,-5.781547927856445312e+01,-1.404375171661376953e+01,-7.187129497528076172e+00
8.405655026435852051e+01,-3.980244445800781250e+01,-1.186737442016601562e+01,5.066851615905761719e+00,-5.700672531127929688e+01,-1.434105873107910156e+01,-8.291923522949218750e+00
8.407666563987731934e+01,-4.001450729370117188e+01,-1.128916740417480469e+01,7.642813205718994141e+00,-5.644697189331054688e+01,-1.480233001708984375e+01,-8.354040145874023438e+00
8.409680461883544922e+01,-4.019977951049804688e+01,-1.139658260345458984e+01,6.915585517883300781e+00,-5.716265106201171875e+01,-1.403966236114501953e+01,-7.672248363494873047e+00
8.411703658103942871e+01,-4.053449630737304688e+01,-1.086577320098876953e+01,4.025440692901611328e+00,-5.555199432373046875e+01,-1.480582523345947266e+01,-8.453144073486328125e+00
8.413725733757019043e+01,-3.907550811767578125e+01,-1.152239322662353516e+01,7.873608589172363281e+00,-5.553522872924804688e+01,-1.445099735260009766e+01,-6.974576950073242188e+00
8.415736269950866699e+01,-3.950614547729492188e+01,-1.065310955047607422e+01,3.908537387847900391e+00,-5.486568450927734375e+01,-1.447163391113281250e+01,-8.684528350830078125e+00
8.417748737335205078e+01,-3.893512725830078125e+01,-1.104575824737548828e+01,7.963766574859619141e+00,-5.499561309814453125e+01,-1.420974349975585938e+01,-6.965783596038818359e+00
8.419754123687744141e+01,-3.903787231445312500e+01,-1.073620605468750000e+01,7.613609313964843750e+00,-5.435703277587890625e+01,-1.394582462310791016e+01,-8.650127410888671875e+00
8.421781373023986816e+01,-3.908579254150390625e+01,-1.089650726318359375e+01,6.201914310455322266e+00,-5.476744079589843750e+01,-1.370497512817382812e+01,-7.207488536834716797e+00
8.423775672912597656e+01,-3.969937133789062500e+01,-1.017548274993896484e+01,6.392267704010009766e+00,-5.473292922973632812e+01,-1.301604080200195312e+01,-8.240673065185546875e+00
8.425880765914916992e+01,-3.850333786010742188e+01,-1.055590438842773438e+01,7.605105400085449219e+00,-5.450769042968750000e+01,-1.238214015960693359e+01,-3.578420877456665039e+00
8.427865719795227051e+01,-3.720570755004882812e+01,-1.049142932891845703e+01,3.839238882064819336e+00,-5.428682708740234375e+01,-1.350922775268554688e+01,-8.169340133666992188e+00
8.429832220077514648e+01,-3.811107254028320312e+01,-9.840374946594238281e+00,7.560339927673339844e+00,-5.412912368774414062e+01,-1.370104217529296875e+01,-8.859539031982421875e+00
8.431899142265319824e+01,-3.735428237915039062e+01,-1.077869319915771484e+01,5.236092567443847656e+00,-5.524194335937500000e+01,-1.297427463531494141e+01,-7.570467472076416016e+00
8.433935904502868652e+01,-3.716924285888671875e+01,-1.056610012054443359e+01,7.340439796447753906e+00,-5.288744354248046875e+01,-1.435048294067382812e+01,-7.609753131866455078e+00
8.435937619209289551e+01,-3.741372680664062500e+01,-1.015653419494628906e+01,3.435775756835937500e+00,-5.375518417358398438e+01,-1.295164394378662109e+01,-6.887973785400390625e+00
8.437933993339538574e+01,-3.703791046142578125e+01,-1.050817489624023438e+01,7.603886604309082031e+00,-5.322302627563476562e+01,-1.343213176727294922e+01,-9.342052459716796875e+00
8.439956212043762207e+01,-3.661108779907226562e+01,-1.145382213592529297e+01,4.565679550170898438e+00,-5.386791610717773438e+01,-1.353631973266601562e+01,-8.346109390258789062e+00
8.441933774948120117e+01,-3.682305908203125000e+01,-1.103882217407226562e+01,7.294639587402343750e+00,-5.428741836547851562e+01,-1.348259544372558594e+01,-8.565390586853027344e+00
8.443958759307861328e+01,-3.687042236328125000e+01,-1.144948101043701172e+01,4.348673820495605469e+00,-5.355644989013671875e+01,-1.301473045349121094e+01,-6.250933647155761719e+00
8.445946621894836426e+01,-3.728056716918945312e+01,-1.081957244873046875e+01,3.991928577423095703e+00,-5.326225662231445312e+01,-1.374515438079833984e+01,-5.771567344665527344e+00
8.447987508773803711e+01,-3.704376602172851562e+01,-1.122218227386474609e+01,7.691785335540771484e+00,-5.408983612060546875e+01,-1.444419670104980469e+01,-7.492205142974853516e+00
8.449995636940002441e+01,-3.646452713012695312e+01,-1.195893287658691406e+01,5.620507717132568359e+00,-5.526247406005859375e+01,-1.416351890563964844e+01,-7.450584411621093750e+00
8.452007627487182617e+01,-3.701038360595703125e+01,-1.146262836456298828e+01,3.869345188140869141e+00,-5.319234085083007812e+01,-1.573428630828857422e+01,-7.713298797607421875e+00
8.454020237922668457e+01,-3.671084213256835938e+01,-1.253454399108886719e+01,5.915819168090820312e+00,-5.427091217041015625e+01,-1.487295818328857422e+01,-6.018298625946044922e+00
8.456026196479797363e+01,-3.686831665039062500e+01,-1.216543483734130859e+01,7.611578941345214844e+00,-5.380679321289062500e+01,-1.485722923278808594e+01,-8.695331573486328125e+00
8.458038187026977539e+01,-3.704501342773437500e+01,-1.280466365814208984e+01,5.773773670196533203e+00,-5.339584350585937500e+01,-1.580617809295654297e+01,-8.478423118591308594e+00
8.460057759284973145e+01,-3.748117065429687500e+01,-1.275728225708007812e+01,3.448598146438598633e+00,-5.358109283447265625e+01,-1.588988494873046875e+01,-6.981896400451660156e+00
8.462063479423522949e+01,-3.735002136230468750e+01,-1.370808124542236328e+01,7.608266353607177734e+00,-5.334309768676757812e+01,-1.564549446105957031e+01,-8.895192146301269531e+00
8.464072012901306152e+01,-3.859561157226562500e+01,-1.331939506530761719e+01,7.147148609161376953e+00,-5.333180236816406250e+01,-1.641077613830566406e+01,-8.687472343444824219e+00
8.466080689430236816e+01,-3.809555435180664062e+01,-1.399738407135009766e+01,5.642901420593261719e+00,-5.370776367187500000e+01,-1.604784393310546875e+01,-8.305814743041992188e+00
8.468092036247253418e+01,-3.844046401977539062e+01,-1.387398147583007812e+01,7.357587814331054688e+00,-5.407737731933593750e+01,-1.593283843994140625e+01,-5.853504657745361328e+00
8.470101785659790039e+01,-3.901564407348632812e+01,-1.436885356903076172e+01,6.214461326599121094e+00,-5.404122924804687500e+01,-1.668268775939941406e+01,-9.262936592102050781e+00
8.472114920616149902e+01,-3.742655944824218750e+01,-1.556208801269531250e+01,7.331747531890869141e+00,-5.499511337280273438e+01,-1.616572761535644531e+01,-6.967370033264160156e+00
8.474145269393920898e+01,-3.756958770751953125e+01,-1.567597293853759766e+01,4.074713706970214844e+00,-5.637054061889648438e+01,-1.731816291809082031e+01,-7.556057453155517578e+00
8.476133441925048828e+01,-3.739099502563476562e+01,-1.503416824340820312e+01,4.543202877044677734e+00,-5.604315948486328125e+01,-1.800705337524414062e+01,-8.267997741699218750e+00
8.478142547607421875e+01,-3.838325119018554688e+01,-1.553737068176269531e+01,7.319538593292236328e+00,-5.633177185058593750e+01,-1.821249008178710938e+01,-9.832319259643554688e+00
8.480157709121704102e+01,-3.952305984497070312e+01,-1.606802940368652344e+01,6.311650276184082031e+00,-5.618971252441406250e+01,-1.910241127014160156e+01,-8.918624877929687500e+00
8.482180738449096680e+01,-3.849393844604492188e+01,-1.727445220947265625e+01,6.747937202453613281e+00,-5.589259719848632812e+01,-1.936800003051757812e+01,-8.074187278747558594e+00
8.484182929992675781e+01,-3.816074752807617188e+01,-1.677009010314941406e+01,4.094450473785400391e+00,-5.666722869873046875e+01,-1.912833786010742188e+01,-6.757082462310791016e+00
8.486195731163024902e+01,-3.824998092651367188e+01,-1.763841819763183594e+01,7.762211799621582031e+00,-5.746060180664062500e+01,-1.925634002685546875e+01,-1.004954910278320312e+01
8.488198065757751465e+01,-3.896141433715820312e+01,-1.768513488769531250e+01,4.559162139892578125e+00,-5.795791625976562500e+01,-1.978012847900390625e+01,-9.234207153320312500e+00
8.490215373039245605e+01,-3.970820617675781250e+01,-1.769117546081542969e+01,6.786965370178222656e+00,-5.865528869628906250e+01,-2.013153457641601562e+01,-8.592234611511230469e+00
8.492219209671020508e+01,-3.942398834228515625e+01,-1.828374671936035156e+01,6.785855293273925781e+00,-5.819873809814453125e+01,-2.022162628173828125e+01,-8.642659187316894531e+00
8.494247412681579590e+01,-3.963169097900390625e+01,-1.758716392517089844e+01,7.385631084442138672e+00,-5.868853378295898438e+01,-1.986159133911132812e+01,-9.347440719604492188e+00
8.496257734298706055e+01,-4.001045608520507812e+01,-1.840904617309570312e+01,3.824514865875244141e+00,-5.869904708862304688e+01,-2.049588966369628906e+01,-9.161850929260253906e+00
8.498268651962280273e+01,-3.912160491943359375e+01,-1.864581871032714844e+01,7.697629928588867188e+00,-5.909375000000000000e+01,-2.011624145507812500e+01,-9.944563865661621094e+00
8.500280165672302246e+01,-4.038241195678710938e+01,-1.846289443969726562e+01,6.889332771301269531e+00,-5.885531234741210938e+01,-2.088172721862792969e+01,-9.219050407409667969e+00
8.502386927604675293e+01,-4.029248046875000000e+01,-1.853473663330078125e+01,3.443205356597900391e+00,-5.928854751586914062e+01,-2.045239257812500000e+01,-9.370813369750976562e+00
8.504389476776123047e+01,-4.002847290039062500e+01,-1.909801483154296875e+01,6.919455051422119141e+00,-5.903125762939453125e+01,-2.002865219116210938e+01,-5.731351852416992188e+00
8.506414747238159180e+01,-3.995678710937500000e+01,-1.859725570678710938e+01,6.880389690399169922e+00,-5.915589141845703125e+01,-2.096194648742675781e+01,-7.653482437133789062e+00
8.508468651771545410e+01,-4.036832809448242188e+01,-1.854431152343750000e+01,6.720534324645996094e+00,-5.922696304321289062e+01,-2.038617324829101562e+01,-9.637047767639160156e+00
8.510500812530517578e+01,-3.991509628295898438e+01,-1.880222511291503906e+01,5.125709533691406250e+00,-5.934946441650390625e+01,-2.122987365722656250e+01,-8.584903717041015625e+00
8.512475132942199707e+01,-3.918340682983398438e+01,-1.927056694030761719e+01,7.274287700653076172e+00,-6.014205169677734375e+01,-2.064253997802734375e+01,-8.856540679931640625e+00
8.514507865905761719e+01,-3.981770324707031250e+01,-1.878277206420898438e+01,7.438088893890380859e+00,-6.010771179199218750e+01,-2.110643768310546875e+01,-8.869884490966796875e+00
8.516544079780578613e+01,-4.035831832885742188e+01,-1.837649536132812500e+01,4.094720363616943359e+00,-5.998528671264648438e+01,-2.111403083801269531e+01,-8.831205368041992188e+00
8.518548107147216797e+01,-4.038785171508789062e+01,-1.893153762817382812e+01,4.166378974914550781e+00,-6.070701217651367188e+01,-2.078070449829101562e+01,-8.470324516296386719e+00
8.520517444610595703e+01,-4.012549591064453125e+01,-1.898710060119628906e+01,7.202950954437255859e+00,-6.065466308593750000e+01,-2.046203422546386719e+01,-9.070655822753906250e+00
8.522488641738891602e+01,-3.999405288696289062e+01,-1.925821304321289062e+01,5.697066307067871094e+00,-6.056769943237304688e+01,-2.145165634155273438e+01,-8.882882118225097656e+00
8.524525403976440430e+01,-4.095112609863281250e+01,-1.861317634582519531e+01,6.098275184631347656e+00,-6.076471328735351562e+01,-2.102908515930175781e+01,-8.474443435668945312e+00
8.526546812057495117e+01,-4.200995635986328125e+01,-1.826776123046875000e+01,5.984348773956298828e+00,-6.014875411987304688e+01,-2.047114753723144531e+01,-1.001186370849609375e+01
8.528552675247192383e+01,-4.057621383666992188e+01,-1.886238288879394531e+01,6.563114166259765625e+00,-5.998359680175781250e+01,-2.053316116333007812e+01,-9.231301307678222656e+00
8.530574345588684082e+01,-4.038774108886718750e+01,-1.868580055236816406e+01,7.863131046295166016e+00,-5.982573699951171875e+01,-2.063846969604492188e+01,-9.105524063110351562e+00
8.532543730735778809e+01,-4.175221252441406250e+01,-1.811938095092773438e+01,7.384157180786132812e+00,-5.980246353149414062e+01,-2.120574760437011719e+01,-8.535236358642578125e+00
8.534539484977722168e+01,-4.118869018554687500e+01,-1.816842842102050781e+01,6.105863571166992188e+00,-6.006826400756835938e+01,-1.999649810791015625e+01,-6.802307605743408203e+00
8.536554050445556641e+01,-4.087490463256835938e+01,-1.787104988098144531e+01,6.943821907043457031e+00,-6.118661880493164062e+01,-2.029734611511230469e+01,-8.647962570190429688e+00
8.538561415672302246e+01,-4.115562057495117188e+01,-1.790111351013183594e+01,5.800223350524902344e+00,-6.124987792968750000e+01,-2.004038429260253906e+01,-9.701550483703613281e+00
8.540575861930847168e+01,-4.123076629638671875e+01,-1.767606353759765625e+01,6.797484874725341797e+00,-6.033115005493164062e+01,-2.071686935424804688e+01,-8.181958198547363281e+00
8.542577815055847168e+01,-4.037832260131835938e+01,-1.767673492431640625e+01,4.917490482330322266e+00,-6.005194091796875000e+01,-2.020606422424316406e+01,-9.219126701354980469e+00
8.544594264030456543e+01,-4.004859542846679688e+01,-1.761131668090820312e+01,6.584889411926269531e+00,-5.984711837768554688e+01,-1.963662338256835938e+01,-9.528750419616699219e+00
8.546603560447692871e+01,-4.000534439086914062e+01,-1.810084342956542969e+01,6.889371395111083984e+00,-6.059318923950195312e+01,-1.935126686096191406e+01,-8.967839241027832031e+00
8.548617887496948242e+01,-4.123846054077148438e+01,-1.712091636657714844e+01,6.888245582580566406e+00,-6.013596343994140625e+01,-1.969577598571777344e+01,-8.712699890136718750e+00
8.550622963905334473e+01,-4.060366058349609375e+01,-1.762301254272460938e+01,4.807542324066162109e+00,-6.046194458007812500e+01,-1.913543319702148438e+01,-6.020925045013427734e+00
8.552635264396667480e+01,-4.002465820312500000e+01,-1.676386833190917969e+01,4.701979160308837891e+00,-5.984136199951171875e+01,-1.996147346496582031e+01,-8.299999237060546875e+00
8.554644489288330078e+01,-4.028131484985351562e+01,-1.693072891235351562e+01,8.078446388244628906e+00,-6.090825271606445312e+01,-1.882470321655273438e+01,-9.123917579650878906e+00
8.556651544570922852e+01,-4.022857284545898438e+01,-1.706345367431640625e+01,5.667998790740966797e+00,-6.095080184936523438e+01,-1.901166152954101562e+01,-8.166391372680664062e+00
8.558673930168151855e+01,-3.999225616455078125e+01,-1.593516731262207031e+01,7.683693408966064453e+00,-6.105663299560546875e+01,-1.827885055541992188e+01,-7.440394401550292969e+00
8.560726928710937500e+01,-4.034114074707031250e+01,-1.536407947540283203e+01,4.204510211944580078e+00,-6.042298507690429688e+01,-1.932615470886230469e+01,-7.596862792968750000e+00
8.562757802009582520e+01,-3.998312759399414062e+01,-1.641639328002929688e+01,7.297717571258544922e+00,-6.009696960449218750e+01,-1.851242637634277344e+01,-1.001632213592529297e+01
8.564710998535156250e+01,-4.073994445800781250e+01,-1.587431049346923828e+01,7.812690258026123047e+00,-5.984514617919921875e+01,-1.873923301696777344e+01,-9.561555862426757812e+00
8.566716289520263672e+01,-4.016694259643554688e+01,-1.652632141113281250e+01,5.689336776733398438e+00,-5.950505447387695312e+01,-1.873036575317382812e+01,-8.751587867736816406e+00
8.568730068206787109e+01,-4.089739227294921875e+01,-1.519820785522460938e+01,6.744419097900390625e+00,-5.956140518188476562e+01,-1.844404792785644531e+01,-7.903472423553466797e+00
8.570743703842163086e+01,-4.044585037231445312e+01,-1.524037647247314453e+01,7.394162654876708984e+00,-5.884804153442382812e+01,-1.856767082214355469e+01,-8.242757797241210938e+00
8.572769975662231445e+01,-3.959290695190429688e+01,-1.494729042053222656e+01,7.541162967681884766e+00,-6.039373016357421875e+01,-1.754728317260742188e+01,-6.427385807037353516e+00
8.574763178825378418e+01,-3.935007858276367188e+01,-1.508397388458251953e+01,4.794350624084472656e+00,-5.937697982788085938e+01,-1.797378540039062500e+01,-8.674116134643554688e+00
8.576875567436218262e+01,-3.953964233398437500e+01,-1.487520599365234375e+01,8.102495193481445312e+00,-6.022171020507812500e+01,-1.787090682983398438e+01,-7.924003601074218750e+00
8.578882646560668945e+01,-3.985599136352539062e+01,-1.512685108184814453e+01,6.045195579528808594e+00,-6.074351882934570312e+01,-1.769068336486816406e+01,-7.935822963714599609e+00
8.580913043022155762e+01,-3.977631378173828125e+01,-1.505759429931640625e+01,5.520934581756591797e+00,-5.908127593994140625e+01,-1.810707473754882812e+01,-8.693954467773437500e+00
8.582904386520385742e+01,-3.947558212280273438e+01,-1.466213798522949219e+01,3.895697116851806641e+00,-5.832873535156250000e+01,-1.773363876342773438e+01,-9.343444824218750000e+00
8.584890270233154297e+01,-3.920717239379882812e+01,-1.485247325897216797e+01,8.023621559143066406e+00,-5.825585174560546875e+01,-1.708102035522460938e+01,-5.658317089080810547e+00
8.586929488182067871e+01,-3.916765975952148438e+01,-1.456695938110351562e+01,4.522089958190917969e+00,-5.850487518310546875e+01,-1.681750869750976562e+01,-7.787966251373291016e+00
8.588937616348266602e+01,-3.930138778686523438e+01,-1.413891792297363281e+01,8.136841773986816406e+00,-5.905145263671875000e+01,-1.751576805114746094e+01,-7.913133621215820312e+00
8.590944933891296387e+01,-3.947385787963867188e+01,-1.445880508422851562e+01,6.916800975799560547e+00,-5.957078552246093750e+01,-1.654518508911132812e+01,-6.158121109008789062e+00
8.592946600914001465e+01,-3.870375442504882812e+01,-1.442585372924804688e+01,4.009067535400390625e+00,-5.896216964721679688e+01,-1.722768020629882812e+01,-9.459668159484863281e+00
8.594974088668823242e+01,-3.874835205078125000e+01,-1.506234645843505859e+01,7.019855976104736328e+00,-5.842916488647460938e+01,-1.801479148864746094e+01,-8.830964088439941406e+00
8.597011542320251465e+01,-3.987797164916992188e+01,-1.477571487426757812e+01,6.679089546203613281e+00,-5.821889114379882812e+01,-1.757463073730468750e+01,-9.687824249267578125e+00
8.599036073684692383e+01,-3.923426437377929688e+01,-1.557931613922119141e+01,4.058806419372558594e+00,-5.811185455322265625e+01,-1.776460838317871094e+01,-6.163922309875488281e+00
8.601039910316467285e+01,-3.970363998413085938e+01,-1.498579025268554688e+01,6.625061511993408203e+00,-5.792661666870117188e+01,-1.748038482666015625e+01,-9.805706977844238281e+00
8.603048062324523926e+01,-3.907450866699218750e+01,-1.567722511291503906e+01,6.359220981597900391e+00,-5.794660949707031250e+01,-1.797263526916503906e+01,-7.345816135406494141e+00
8.605066275596618652e+01,-3.863729858398437500e+01,-1.596683788299560547e+01,7.269469261169433594e+00,-5.970359802246093750e+01,-1.741081809997558594e+01,-6.084133148193359375e+00
8.607080268859863281e+01,-3.892311477661132812e+01,-1.495615196228027344e+01,3.864066839218139648e+00,-5.904300308227539062e+01,-1.840119171142578125e+01,-8.611989974975585938e+00
8.609091448783874512e+01,-3.872029113769531250e+01,-1.587397384643554688e+01,7.715445518493652344e+00,-5.915069961547851562e+01,-1.839435768127441406e+01,-9.945236206054687500e+00
8.611100482940673828e+01,-3.942133331298828125e+01,-1.582366752624511719e+01,3.539263010025024414e+00,-5.901657104492187500e+01,-1.858505439758300781e+01,-9.900439262390136719e+00
8.613109779357910156e+01,-3.884257125854492188e+01,-1.680572509765625000e+01,7.393567085266113281e+00,-5.801716232299804688e+01,-1.908274459838867188e+01,-5.983901500701904297e+00
8.615103363990783691e+01,-3.949748229980468750e+01,-1.672716140747070312e+01,6.572043418884277344e+00,-5.959049987792968750e+01,-1.905549621582031250e+01,-7.710302352905273438e+00
8.617089748382568359e+01,-3.945864486694335938e+01,-1.650249671936035156e+01,3.447913646697998047e+00,-6.028797912597656250e+01,-1.901288223266601562e+01,-8.703641891479492188e+00
8.619116473197937012e+01,-3.839902114868164062e+01,-1.733269882202148438e+01,7.673794269561767578e+00,-5.960930633544921875e+01,-1.955004119873046875e+01,-9.159404754638671875e+00
8.621106028556823730e+01,-3.969173812866210938e+01,-1.727497863769531250e+01,7.046350955963134766e+00,-5.949908065795898438e+01,-2.057386970520019531e+01,-8.351964950561523438e+00
8.623123598098754883e+01,-3.930429077148437500e+01,-1.724396705627441406e+01,3.096386671066284180e+00,-6.000632095336914062e+01,-1.998204421997070312e+01,-8.711069107055664062e+00
8.625124883651733398e+01,-3.920308685302734375e+01,-1.776954650878906250e+01,7.707299709320068359e+00,-5.984807968139648438e+01,-2.018849945068359375e+01,-9.802487373352050781e+00
8.627153730392456055e+01,-4.050726318359375000e+01,-1.794910621643066406e+01,6.252572059631347656e+00,-5.995385742187500000e+01,-2.077390098571777344e+01,-9.429927825927734375e+00
8.629151654243469238e+01,-3.999876022338867188e+01,-1.843894195556640625e+01,4.944694995880126953e+00,-5.983694839477539062e+01,-2.067567253112792969e+01,-9.494300842285156250e+00
8.631162214279174805e+01,-3.905411529541015625e+01,-1.906563568115234375e+01,7.593513965606689453e+00,-6.004606246948242188e+01,-2.131374740600585938e+01,-6.657864570617675781e+00
8.633164095878601074e+01,-3.986270904541015625e+01,-1.845271873474121094e+01,7.130512237548828125e+00,-6.259194946289062500e+01,-2.121734237670898438e+01,-7.876786231994628906e+00
8.635177636146545410e+01,-4.042532730102539062e+01,-1.867455101013183594e+01,4.759835720062255859e+00,-6.170457839965820312e+01,-2.143554496765136719e+01,-8.944492340087890625e+00
8.637208747863769531e+01,-3.964932632446289062e+01,-1.932394027709960938e+01,6.932634830474853516e+00,-6.146386337280273438e+01,-2.221294784545898438e+01,-8.202163696289062500e+00
8.639196085929870605e+01,-4.069996261596679688e+01,-1.930088996887207031e+01,6.480385780334472656e+00,-6.142377853393554688e+01,-2.219739151000976562e+01,-9.392715454101562500e+00
8.641208434104919434e+01,-3.992521286010742188e+01,-1.995496177673339844e+01,6.258210182189941406e+00,-6.266600799560546875e+01,-2.204972267150878906e+01,-8.070388793945312500e+00
8.643223094940185547e+01,-4.018907546997070312e+01,-1.981379318237304688e+01,6.799686431884765625e+00,-6.249822616577148438e+01,-2.242042541503906250e+01,-8.653182983398437500e+00
8.645227098464965820e+01,-4.026344680786132812e+01,-2.013658142089843750e+01,5.675167083740234375e+00,-6.219922256469726562e+01,-2.248373222351074219e+01,-9.720483779907226562e+00
8.647232699394226074e+01,-4.046665954589843750e+01,-1.994083595275878906e+01,4.269679069519042969e+00,-6.221228790283203125e+01,-2.265101242065429688e+01,-9.972959518432617188e+00
8.649249434471130371e+01,-4.049735260009765625e+01,-2.080196762084960938e+01,7.399650573730468750e+00,-6.224165725708007812e+01,-2.280944252014160156e+01,-9.418145179748535156e+00
8.651250243186950684e+01,-4.215854644775390625e+01,-2.051536941528320312e+01,7.243082523345947266e+00,-6.223315429687500000e+01,-2.338191604614257812e+01,-8.702322006225585938e+00
8.653267121315002441e+01,-4.247023010253906250e+01,-2.067286491394042969e+01,3.602890729904174805e+00,-6.179809188842773438e+01,-2.281936073303222656e+01,-1.002753543853759766e+01
8.655372214317321777e+01,-4.269414901733398438e+01,-2.102920150756835938e+01,6.363532066345214844e+00,-6.253520202636718750e+01,-2.290067863464355469e+01,-8.298278808593750000e+00
8.657385373115539551e+01,-4.330104827880859375e+01,-2.087519454956054688e+01,6.092850685119628906e+00,-6.289681243896484375e+01,-2.266161346435546875e+01,-8.117196083068847656e+00
8.659364151954650879e+01,-4.396846008300781250e+01,-2.082376289367675781e+01,5.745365619659423828e+00,-6.212300872802734375e+01,-2.314430427551269531e+01,-8.307977676391601562e+00
8.661472725868225098e+01,-4.389904403686523438e+01,-2.097149467468261719e+01,5.736024856567382812e+00,-6.154941940307617188e+01,-2.299644279479980469e+01,-8.936888694763183594e+00
8.663506197929382324e+01,-4.342882537841796875e+01,-2.106550216674804688e+01,6.358452796936035156e+00,-6.135615539550781250e+01,-2.301234817504882812e+01,-8.100846290588378906e+00
8.665428185462951660e+01,-4.340373992919921875e+01,-2.102210807800292969e+01,5.772463798522949219e+00,-6.113078308105468750e+01,-2.292832565307617188e+01,-8.452358245849609375e+00
8.667438745498657227e+01,-4.300650024414062500e+01,-2.115227890014648438e+01,5.733019828796386719e+00,-6.207521438598632812e+01,-2.255645751953125000e+01,-7.921481132507324219e+00
8.669442081451416016e+01,-4.233903503417968750e+01,-2.083214759826660156e+01,5.904125690460205078e+00,-6.191861724853515625e+01,-2.301800155639648438e+01,-8.204819679260253906e+00
8.671465969085693359e+01,-4.253833770751953125e+01,-2.098315620422363281e+01,5.796673297882080078e+00,-6.182454299926757812e+01,-2.307725524902343750e+01,-9.000427246093750000e+00
8.673494410514831543e+01,-4.262685012817382812e+01,-2.107853698730468750e+01,5.917809486389160156e+00,-6.229493713378906250e+01,-2.338426971435546875e+01,-8.560925483703613281e+00
8.675526642799377441e+01,-4.236143875122070312e+01,-2.138416862487792969e+01,6.357739448547363281e+00,-6.373838424682617188e+01,-2.290152931213378906e+01,-7.929834842681884766e+00
8.677539992332458496e+01,-4.264216232299804688e+01,-2.121734809875488281e+01,5.872113704681396484e+00,-6.296837234497070312e+01,-2.322502517700195312e+01,-9.035383224487304688e+00
8.679555845260620117e+01,-4.226503753662109375e+01,-2.134646987915039062e+01,6.593708038330078125e+00,-6.296625137329101562e+01,-2.334487915039062500e+01,-9.337513923645019531e+00
8.681565928459167480e+01,-4.267579269409179688e+01,-2.141703414916992188e+01,6.004382610321044922e+00,-6.315702438354492188e+01,-2.354576873779296875e+01,-9.179685592651367188e+00
8.683580088615417480e+01,-4.300282287597656250e+01,-2.153357315063476562e+01,5.906015872955322266e+00,-6.324404144287109375e+01,-2.373837661743164062e+01,-8.517895698547363281e+00
8.685600781440734863e+01,-4.251264572143554688e+01,-2.162995719909667969e+01,5.990151882171630859e+00,-6.480352783203125000e+01,-2.335573387145996094e+01,-7.942558288574218750e+00
8.687620639801025391e+01,-4.259701156616210938e+01,-2.147167968750000000e+01,5.858955860137939453e+00,-6.394123077392578125e+01,-2.364312553405761719e+01,-9.062881469726562500e+00
8.689608192443847656e+01,-4.245135498046875000e+01,-2.148285484313964844e+01,5.966350555419921875e+00,-6.398347091674804688e+01,-2.363904190063476562e+01,-9.828777313232421875e+00
8.691631865501403809e+01,-4.263149642944335938e+01,-2.157150650024414062e+01,6.211065292358398438e+00,-6.423690032958984375e+01,-2.392625045776367188e+01,-9.116317749023437500e+00
8.693644952774047852e+01,-4.292955017089843750e+01,-2.167553138732910156e+01,5.941473960876464844e+00,-6.420044708251953125e+01,-2.411955261230468750e+01,-8.539608001708984375e+00
8.695656156539916992e+01,-4.267657852172851562e+01,-2.161597633361816406e+01,6.415197849273681641e+00,-6.408758544921875000e+01,-2.379957580566406250e+01,-9.210358619689941406e+00
8.697680425643920898e+01,-4.280157852172851562e+01,-2.173361206054687500e+01,6.065242767333984375e+00,-6.438423156738281250e+01,-2.433682823181152344e+01,-8.230592727661132812e+00
8.699684166908264160e+01,-4.233902359008789062e+01,-2.134946632385253906e+01,5.884031295776367188e+00,-6.480235290527343750e+01,-2.344987106323242188e+01,-7.448193073272705078e+00
8.701695179939270020e+01,-4.209291839599609375e+01,-2.126498413085937500e+01,6.412414550781250000e+00,-6.514709472656250000e+01,-2.410219573974609375e+01,-8.879645347595214844e+00
8.703696012496948242e+01,-4.248471832275390625e+01,-2.144427871704101562e+01,5.947818756103515625e+00,-6.524256134033203125e+01,-2.437040901184082031e+01,-8.579623222351074219e+00
8.705706763267517090e+01,-4.217863464355468750e+01,-2.152589225769042969e+01,6.660280227661132812e+00,-6.516311645507812500e+01,-2.432298660278320312e+01,-8.811518669128417969e+00
8.707724690437316895e+01,-4.229268646240234375e+01,-2.152892112731933594e+01,6.408802986145019531e+00,-6.496046447753906250e+01,-2.402114677429199219e+01,-9.451640129089355469e+00
8.709737157821655273e+01,-4.257184600830078125e+01,-2.157545661926269531e+01,5.930390834808349609e+00,-6.492628479003906250e+01,-2.394362258911132812e+01,-9.939268112182617188e+00
8.714055371284484863e+01,-4.247900772094726562e+01,-2.161474418640136719e+01,6.231392383575439453e+00,-6.583264160156250000e+01,-2.411638259887695312e+01,-8.055019378662109375e+00
8.717840266227722168e+01,-4.223529815673828125e+01,-2.155369949340820312e+01,6.500045299530029297e+00,-6.568177032470703125e+01,-2.389567184448242188e+01,-8.506045341491699219e+00
8.718191552162170410e+01,-4.242268371582031250e+01,-2.144486618041992188e+01,5.885774135589599609e+00,-6.552945709228515625e+01,-2.428878784179687500e+01,-9.128012657165527344e+00
8.720054244995117188e+01,-4.259901046752929688e+01,-2.132048606872558594e+01,6.248630523681640625e+00,-6.548734283447265625e+01,-2.431826210021972656e+01,-8.194466590881347656e+00
8.722057628631591797e+01,-4.286796188354492188e+01,-2.134086036682128906e+01,5.953135490417480469e+00,-6.517910766601562500e+01,-2.420846176147460938e+01,-8.583009719848632812e+00
8.724062991142272949e+01,-4.278644943237304688e+01,-2.123430633544921875e+01,6.096603393554687500e+00,-6.512642669677734375e+01,-2.392647933959960938e+01,-8.856437683105468750e+00
8.726077032089233398e+01,-4.263462829589843750e+01,-2.117376136779785156e+01,6.660606861114501953e+00,-6.522595214843750000e+01,-2.299517250061035156e+01,-5.693104743957519531e+00
8.728084492683410645e+01,-4.244132232666015625e+01,-2.066884803771972656e+01,5.962292194366455078e+00,-6.513940429687500000e+01,-2.337073898315429688e+01,-9.526731491088867188e+00
8.730096697807312012e+01,-4.222169113159179688e+01,-2.069009399414062500e+01,6.657931327819824219e+00,-6.531169891357421875e+01,-2.353158378601074219e+01,-9.279569625854492188e+00
8.732104158401489258e+01,-4.260545730590820312e+01,-2.072741889953613281e+01,6.006066322326660156e+00,-6.526398468017578125e+01,-2.348777008056640625e+01,-9.510673522949218750e+00
8.734111356735229492e+01,-4.258916473388671875e+01,-2.078306198120117188e+01,6.259049415588378906e+00,-6.521741485595703125e+01,-2.383053398132324219e+01,-8.406919479370117188e+00
8.736124086380004883e+01,-4.211409759521484375e+01,-2.067067527770996094e+01,6.602853775024414062e+00,-6.554782867431640625e+01,-2.346510505676269531e+01,-8.607876777648925781e+00
8.738139367103576660e+01,-4.246714401245117188e+01,-2.053651618957519531e+01,5.955954551696777344e+00,-6.502617645263671875e+01,-2.345894432067871094e+01,-9.138059616088867188e+00
8.740151667594909668e+01,-4.232914352416992188e+01,-2.054064750671386719e+01,6.401281356811523438e+00,-6.594589996337890625e+01,-2.302072334289550781e+01,-7.950872421264648438e+00
8.742163968086242676e+01,-4.235122680664062500e+01,-2.021543312072753906e+01,5.899123191833496094e+00,-6.529074859619140625e+01,-2.340225410461425781e+01,-8.260080337524414062e+00
8.744192171096801758e+01,-4.242892074584960938e+01,-2.006064414978027344e+01,6.047598838806152344e+00,-6.479577636718750000e+01,-2.299566650390625000e+01,-9.068677902221679688e+00
8.746189427375793457e+01,-4.263343811035156250e+01,-2.006717109680175781e+01,6.462719917297363281e+00,-6.432823944091796875e+01,-2.270449638366699219e+01,-9.233869552612304688e+00
8.748192811012268066e+01,-4.314412307739257812e+01,-2.000221443176269531e+01,5.998583793640136719e+00,-6.388874053955078125e+01,-2.247654724121093750e+01,-9.260334968566894531e+00
8.750201320648193359e+01,-4.314152145385742188e+01,-1.994229316711425781e+01,6.105063915252685547e+00,-6.360828018188476562e+01,-2.196180725097656250e+01,-5.392040252685546875e+00
8.752234768867492676e+01,-4.221573257446289062e+01,-1.951815032958984375e+01,6.614824771881103516e+00,-6.424221801757812500e+01,-2.231388664245605469e+01,-8.059441566467285156e+00
8.754230546951293945e+01,-4.255101776123046875e+01,-1.953457450866699219e+01,5.993309020996093750e+00,-6.415887451171875000e+01,-2.259934043884277344e+01,-9.079768180847167969e+00
8.756241679191589355e+01,-4.261693954467773438e+01,-1.980002593994140625e+01,6.260251998901367188e+00,-6.383110809326171875e+01,-2.210752677917480469e+01,-1.033169460296630859e+01
8.758252406120300293e+01,-4.264769744873046875e+01,-1.981702041625976562e+01,6.679560184478759766e+00,-6.380913925170898438e+01,-2.278375053405761719e+01,-8.119294166564941406e+00
8.760265398025512695e+01,-4.246738052368164062e+01,-1.932156562805175781e+01,6.009762287139892578e+00,-6.410538482666015625e+01,-2.219614028930664062e+01,-7.555196285247802734e+00
8.762275290489196777e+01,-4.273846435546875000e+01,-1.928278732299804688e+01,5.969060420989990234e+00,-6.390859985351562500e+01,-2.221587753295898438e+01,-8.475806236267089844e+00
8.764379858970642090e+01,-4.251121902465820312e+01,-1.940196609497070312e+01,6.060103893280029297e+00,-6.374304962158203125e+01,-2.191321754455566406e+01,-1.026354312896728516e+01
8.766376924514770508e+01,-4.261047363281250000e+01,-1.953115081787109375e+01,6.455738067626953125e+00,-6.359414291381835938e+01,-2.205091857910156250e+01,-9.282625198364257812e+00
8.768415522575378418e+01,-4.258830642700195312e+01,-1.952996444702148438e+01,6.652353286743164062e+00,-6.355384826660156250e+01,-2.130981826782226562e+01,-5.721356868743896484e+00
8.770380187034606934e+01,-4.254103469848632812e+01,-1.901745605468750000e+01,6.163456916809082031e+00,-6.356681442260742188e+01,-2.165155029296875000e+01,-7.560871601104736328e+00
8.772412085533142090e+01,-4.260757827758789062e+01,-1.908292770385742188e+01,5.921198368072509766e+00,-6.332453155517578125e+01,-2.168741989135742188e+01,-9.676547050476074219e+00
8.774441695213317871e+01,-4.252346420288085938e+01,-1.921299934387207031e+01,6.051745414733886719e+00,-6.332784271240234375e+01,-2.181867218017578125e+01,-9.455538749694824219e+00
8.776425647735595703e+01,-4.234514617919921875e+01,-1.936129188537597656e+01,6.128595352172851562e+00,-6.432987213134765625e+01,-2.160302352905273438e+01,-8.150915145874023438e+00
8.778443813323974609e+01,-4.213042068481445312e+01,-1.924727630615234375e+01,6.585084438323974609e+00,-6.343483734130859375e+01,-2.210446739196777344e+01,-8.122396469116210938e+00
8.780458378791809082e+01,-4.218186569213867188e+01,-1.920459747314453125e+01,6.081586837768554688e+00,-6.436428070068359375e+01,-2.169988632202148438e+01,-7.955248355865478516e+00
8.782496500015258789e+01,-4.219335937500000000e+01,-1.905580711364746094e+01,5.863397598266601562e+00,-6.404067230224609375e+01,-2.150462722778320312e+01,-8.886267662048339844e+00
8.784480285644531250e+01,-4.171898651123046875e+01,-1.910797882080078125e+01,6.488450527191162109e+00,-6.355038452148437500e+01,-2.223559570312500000e+01,-8.156305313110351562e+00
8.786489892005920410e+01,-4.243054580688476562e+01,-1.910129356384277344e+01,6.005421161651611328e+00,-6.278229141235351562e+01,-2.186886024475097656e+01,-8.952700614929199219e+00
8.788498353958129883e+01,-4.212257385253906250e+01,-1.933477973937988281e+01,6.616548538208007812e+00,-6.257976150512695312e+01,-2.176886749267578125e+01,-9.137548446655273438e+00
8.790510058403015137e+01,-4.253856658935546875e+01,-1.926141548156738281e+01,6.400651931762695312e+00,-6.223207855224609375e+01,-2.127567100524902344e+01,-9.717320442199707031e+00
8.792521739006042480e+01,-4.285437011718750000e+01,-1.937728118896484375e+01,5.958635330200195312e+00,-6.242808532714843750e+01,-2.105754089355468750e+01,-5.715760707855224609e+00
8.794529247283935547e+01,-4.220380401611328125e+01,-1.884014129638671875e+01,6.352557659149169922e+00,-6.257651901245117188e+01,-2.132427978515625000e+01,-7.542840480804443359e+00
8.796576714515686035e+01,-4.248696517944335938e+01,-1.887800025939941406e+01,5.934176921844482422e+00,-6.244699859619140625e+01,-2.139149665832519531e+01,-9.610371589660644531e+00
8.798567247390747070e+01,-4.225546646118164062e+01,-1.908116149902343750e+01,6.367304325103759766e+00,-6.256167602539062500e+01,-2.151781845092773438e+01,-9.450160980224609375e+00
8.800566720962524414e+01,-4.223650741577148438e+01,-1.927457618713378906e+01,6.601831912994384766e+00,-6.239004135131835938e+01,-2.179112243652343750e+01,-9.139193534851074219e+00
8.802574539184570312e+01,-4.260623168945312500e+01,-1.941406059265136719e+01,6.135170936584472656e+00,-6.263261795043945312e+01,-2.118465614318847656e+01,-5.753080844879150391e+00
8.804579615592956543e+01,-4.262448883056640625e+01,-1.894643402099609375e+01,5.927738666534423828e+00,-6.262363052368164062e+01,-2.142764663696289062e+01,-7.538576602935791016e+00
8.806590080261230469e+01,-4.221405410766601562e+01,-1.897530364990234375e+01,6.113363265991210938e+00,-6.257676696777343750e+01,-2.151990509033203125e+01,-9.623215675354003906e+00
8.808619689941406250e+01,-4.265441894531250000e+01,-1.915738677978515625e+01,5.949741363525390625e+00,-6.250356674194335938e+01,-2.158049201965332031e+01,-9.459346771240234375e+00
8.810629582405090332e+01,-4.229479217529296875e+01,-1.929000854492187500e+01,6.345351219177246094e+00,-6.247232055664062500e+01,-2.165800857543945312e+01,-9.387467384338378906e+00
8.812645554542541504e+01,-4.268753433227539062e+01,-1.938484382629394531e+01,6.007627487182617188e+00,-6.233278656005859375e+01,-2.167731857299804688e+01,-9.364884376525878906e+00
8.814647221565246582e+01,-4.251446533203125000e+01,-1.946766471862792969e+01,6.641893863677978516e+00,-6.205775451660156250e+01,-2.163851547241210938e+01,-9.016977310180664062e+00
8.816655945777893066e+01,-4.271460723876953125e+01,-1.953096771240234375e+01,6.121664524078369141e+00,-6.232260894775390625e+01,-2.113284492492675781e+01,-5.739288330078125000e+00
8.818662095069885254e+01,-4.232314682006835938e+01,-1.907451057434082031e+01,6.359612941741943359e+00,-6.223545837402343750e+01,-2.148715972900390625e+01,-8.720914840698242188e+00
8.820670986175537109e+01,-4.272002029418945312e+01,-1.909552001953125000e+01,6.031506538391113281e+00,-6.211668395996093750e+01,-2.163524627685546875e+01,-8.900989532470703125e+00
8.822685670852661133e+01,-4.253367996215820312e+01,-1.926191520690917969e+01,6.393720626831054688e+00,-6.196469879150390625e+01,-2.115815734863281250e+01,-9.956878662109375000e+00
8.824705958366394043e+01,-4.286554336547851562e+01,-1.934980392456054688e+01,6.023977279663085938e+00,-6.188938522338867188e+01,-2.193883514404296875e+01,-8.359556198120117188e+00
8.826707935333251953e+01,-4.191570281982421875e+01,-1.905111312866210938e+01,6.557531833648681641e+00,-6.239889526367187500e+01,-2.092076301574707031e+01,-7.417638778686523438e+00
8.828721928596496582e+01,-4.228005981445312500e+01,-1.892418098449707031e+01,5.890523910522460938e+00,-6.226307678222656250e+01,-2.139188003540039062e+01,-9.626654624938964844e+00
8.830734634399414062e+01,-4.225965499877929688e+01,-1.918298339843750000e+01,5.978982448577880859e+00,-6.227751922607421875e+01,-2.184166145324707031e+01,-9.165045738220214844e+00
8.832748079299926758e+01,-4.223842239379882812e+01,-1.952581405639648438e+01,6.119088172912597656e+00,-6.265256118774414062e+01,-2.147576904296875000e+01,-6.065101623535156250e+00
8.834757018089294434e+01,-4.179160690307617188e+01,-1.925896835327148438e+01,6.323107242584228516e+00,-6.232559585571289062e+01,-2.203280258178710938e+01,-8.899617195129394531e+00
8.836763238906860352e+01,-4.234749984741210938e+01,-1.926319122314453125e+01,5.866769313812255859e+00,-6.243770980834960938e+01,-2.201182556152343750e+01,-8.754077911376953125e+00
8.838861274719238281e+01,-4.236401748657226562e+01,-1.933962059020996094e+01,5.979166507720947266e+00,-6.215106582641601562e+01,-2.151027488708496094e+01,-9.913811683654785156e+00
8.840889573097229004e+01,-4.224338150024414062e+01,-1.956324958801269531e+01,6.360891819000244141e+00,-6.274938964843750000e+01,-2.176407051086425781e+01,-8.136937141418457031e+00
8.842896318435668945e+01,-4.198659896850585938e+01,-1.901948356628417969e+01,5.825233936309814453e+00,-6.274954223632812500e+01,-2.194163131713867188e+01,-6.726620197296142578e+00
8.844921612739562988e+01,-4.184842300415039062e+01,-1.907348632812500000e+01,5.944306850433349609e+00,-6.248807525634765625e+01,-2.178452873229980469e+01,-9.435553550720214844e+00
8.846964859962463379e+01,-4.188329696655273438e+01,-1.942804527282714844e+01,6.341113567352294922e+00,-6.244893646240234375e+01,-2.191076850891113281e+01,-9.382637977600097656e+00
8.848950386047363281e+01,-4.202286148071289062e+01,-1.954314613342285156e+01,6.587977886199951172e+00,-6.215171432495117188e+01,-2.184116744995117188e+01,-9.185277938842773438e+00
8.850999784469604492e+01,-4.265848541259765625e+01,-1.961037254333496094e+01,5.905261516571044922e+00,-6.189675903320312500e+01,-2.147363090515136719e+01,-5.366881370544433594e+00
8.853169059753417969e+01,-4.189971923828125000e+01,-1.921940612792968750e+01,5.895045757293701172e+00,-6.257066345214843750e+01,-2.232775688171386719e+01,-7.870299816131591797e+00
8.854980468750000000e+01,-4.184452819824218750e+01,-1.952356529235839844e+01,6.342336177825927734e+00,-6.241756057739257812e+01,-2.196551513671875000e+01,-9.530022621154785156e+00
8.857029747962951660e+01,-4.181576538085937500e+01,-1.977075195312500000e+01,6.560494899749755859e+00,-6.239250946044921875e+01,-2.208282089233398438e+01,-9.426700592041015625e+00
8.859037542343139648e+01,-4.250327682495117188e+01,-1.978593635559082031e+01,5.981708526611328125e+00,-6.213570404052734375e+01,-2.240228652954101562e+01,-8.390429496765136719e+00
8.861038899421691895e+01,-4.183308410644531250e+01,-1.947963142395019531e+01,6.295499801635742188e+00,-6.246434783935546875e+01,-2.215388298034667969e+01,-8.002239227294921875e+00
8.863054895401000977e+01,-4.221751403808593750e+01,-1.956183815002441406e+01,5.909515857696533203e+00,-6.245660781860351562e+01,-2.200948333740234375e+01,-9.280913352966308594e+00
8.865059304237365723e+01,-4.213398361206054688e+01,-1.986756324768066406e+01,6.161901950836181641e+00,-6.239138793945312500e+01,-2.236220741271972656e+01,-9.156005859375000000e+00
8.867072176933288574e+01,-4.204624938964843750e+01,-2.007748222351074219e+01,6.340196609497070312e+00,-6.270622253417968750e+01,-2.193185424804687500e+01,-9.384981155395507812e+00
8.869085121154785156e+01,-4.241310119628906250e+01,-2.004067230224609375e+01,5.872404575347900391e+00,-6.240395355224609375e+01,-2.227400779724121094e+01,-9.063042640686035156e+00
8.871121597290039062e+01,-4.240731811523437500e+01,-2.014790725708007812e+01,6.370931148529052734e+00,-6.212225723266601562e+01,-2.259815216064453125e+01,-8.313998222351074219e+00
8.873112010955810547e+01,-4.221156692504882812e+01,-1.976972007751464844e+01,5.848257064819335938e+00,-6.241171264648437500e+01,-2.228159141540527344e+01,-7.440274238586425781e+00
8.875108361244201660e+01,-4.189781570434570312e+01,-1.982998085021972656e+01,6.585509777069091797e+00,-6.246988296508789062e+01,-2.240732002258300781e+01,-8.438879966735839844e+00
8.877134346961975098e+01,-4.224354171752929688e+01,-1.987510681152343750e+01,6.137348175048828125e+00,-6.259236145019531250e+01,-2.250304222106933594e+01,-8.706398963928222656e+00
8.879145503044128418e+01,-4.248880767822265625e+01,-1.999247550964355469e+01,5.935754299163818359e+00,-6.253891754150390625e+01,-2.251997756958007812e+01,-8.753953933715820312e+00
8.881159400939941406e+01,-4.213770675659179688e+01,-2.014357185363769531e+01,6.603130340576171875e+00,-6.233974075317382812e+01,-2.200758934020996094e+01,-9.950044631958007812e+00
8.883162379264831543e+01,-4.243767929077148438e+01,-2.015996170043945312e+01,6.118839263916015625e+00,-6.246031570434570312e+01,-2.269204330444335938e+01,-8.456663131713867188e+00
8.885146617889404297e+01,-4.232701873779296875e+01,-2.021632385253906250e+01,5.808592319488525391e+00,-6.312153625488281250e+01,-2.216250419616699219e+01,-6.124019622802734375e+00
8.887149834632873535e+01,-4.172552490234375000e+01,-1.986334800720214844e+01,6.047962188720703125e+00,-6.286566162109375000e+01,-2.236512184143066406e+01,-9.444396972656250000e+00
8.889146828651428223e+01,-4.210136413574218750e+01,-1.994115829467773438e+01,5.894160270690917969e+00,-6.299837493896484375e+01,-2.291507339477539062e+01,-8.402812957763671875e+00
8.891163730621337891e+01,-4.188099288940429688e+01,-2.008222579956054688e+01,6.586368083953857422e+00,-6.279069137573242188e+01,-2.234068489074707031e+01,-9.779658317565917969e+00
8.893172788619995117e+01,-4.222233581542968750e+01,-2.008835029602050781e+01,6.123559951782226562e+00,-6.287525939941406250e+01,-2.289598083496093750e+01,-8.470806121826171875e+00
8.895193839073181152e+01,-4.246940231323242188e+01,-2.019219970703125000e+01,5.929417133331298828e+00,-6.257890701293945312e+01,-2.230880546569824219e+01,-9.811582565307617188e+00
8.897197985649108887e+01,-4.224335861206054688e+01,-2.031291198730468750e+01,6.368638992309570312e+00,-6.328511810302734375e+01,-2.250168800354003906e+01,-8.184175491333007812e+00
8.899249744415283203e+01,-4.188493347167968750e+01,-1.970819282531738281e+01,5.920228004455566406e+00,-6.341387939453125000e+01,-2.172130966186523438e+01,-7.352964878082275391e+00
8.901265931129455566e+01,-4.152185821533203125e+01,-1.960235404968261719e+01,6.518831253051757812e+00,-6.340406799316406250e+01,-2.284980773925781250e+01,-7.664206504821777344e+00
8.903362774848937988e+01,-4.204623413085937500e+01,-1.975545883178710938e+01,5.890802383422851562e+00,-6.321780395507812500e+01,-2.303127098083496094e+01,-8.503889083862304688e+00
8.905256247520446777e+01,-4.181040573120117188e+01,-2.009354972839355469e+01,6.593625545501708984e+00,-6.289278030395507812e+01,-2.245484352111816406e+01,-9.785795211791992188e+00
8.907652020454406738e+01,-4.251292037963867188e+01,-2.004026985168457031e+01,5.926717758178710938e+00,-6.282188034057617188e+01,-2.289614486694335938e+01,-8.153177261352539062e+00
8.909431910514831543e+01,-4.200135040283203125e+01,-2.021317672729492188e+01,6.111378669738769531e+00,-6.352619934082031250e+01,-2.219961547851562500e+01,-8.850890159606933594e+00
8.911376333236694336e+01,-4.192974472045898438e+01,-2.004260444641113281e+01,6.539043903350830078e+00,-6.290516662597656250e+01,-2.274611473083496094e+01,-8.055087089538574219e+00
8.913348698616027832e+01,-4.241572952270507812e+01,-2.007415390014648438e+01,5.882645130157470703e+00,-6.248776626586914062e+01,-2.222580337524414062e+01,-9.839359283447265625e+00
8.915378570556640625e+01,-4.255258178710937500e+01,-2.023280906677246094e+01,6.169272422790527344e+00,-6.231977462768554688e+01,-2.220950126647949219e+01,-9.858845710754394531e+00
8.917460799217224121e+01,-4.238010025024414062e+01,-2.036804962158203125e+01,6.573838233947753906e+00,-6.250021743774414062e+01,-2.175608444213867188e+01,-7.253925800323486328e+00
8.919458746910095215e+01,-4.269692611694335938e+01,-2.036044883728027344e+01,6.146848201751708984e+00,-6.246907806396484375e+01,-2.259770011901855469e+01,-7.432568073272705078e+00
8.921496582031250000e+01,-4.187911987304687500e+01,-2.015913009643554688e+01,6.543487548828125000e+00,-6.334805679321289062e+01,-2.234178543090820312e+01,-9.295705795288085938e+00
8.923494982719421387e+01,-4.253493499755859375e+01,-2.005755615234375000e+01,5.912383556365966797e+00,-6.305716705322265625e+01,-2.292945861816406250e+01,-8.121002197265625000e+00
8.925522470474243164e+01,-4.237369537353515625e+01,-2.026917648315429688e+01,6.386583328247070312e+00,-6.256381988525390625e+01,-2.222179031372070312e+01,-1.019377136230468750e+01
8.927525973320007324e+01,-4.274001693725585938e+01,-2.027583885192871094e+01,6.008036136627197266e+00,-6.262667465209960938e+01,-2.278125572204589844e+01,-8.518596649169921875e+00
8.929536700248718262e+01,-4.226124572753906250e+01,-2.047921180725097656e+01,6.560053825378417969e+00,-6.275815963745117188e+01,-2.202968215942382812e+01,-7.201486587524414062e+00
8.931543850898742676e+01,-4.243009185791015625e+01,-2.006113433837890625e+01,5.885518074035644531e+00,-6.281548309326171875e+01,-2.233805465698242188e+01,-9.644026756286621094e+00
8.933568525314331055e+01,-4.232252502441406250e+01,-2.017699623107910156e+01,6.388685703277587891e+00,-6.296319580078125000e+01,-2.260383987426757812e+01,-9.196852684020996094e+00
8.935568022727966309e+01,-4.274933624267578125e+01,-2.019054031372070312e+01,6.028192996978759766e+00,-6.280384445190429688e+01,-2.258637809753417969e+01,-9.050594329833984375e+00
8.937575387954711914e+01,-4.244697570800781250e+01,-2.023040390014648438e+01,6.605401992797851562e+00,-6.280548095703125000e+01,-2.280081748962402344e+01,-8.316205024719238281e+00
8.939577245712280273e+01,-4.243947219848632812e+01,-2.022156524658203125e+01,5.864152908325195312e+00,-6.311566543579101562e+01,-2.231806182861328125e+01,-7.432821750640869141e+00
8.941607928276062012e+01,-4.184602737426757812e+01,-1.994937705993652344e+01,6.550586223602294922e+00,-6.329394149780273438e+01,-2.292365264892578125e+01,-7.658766269683837891e+00
8.943617510795593262e+01,-4.211402511596679688e+01,-1.990621948242187500e+01,6.118592262268066406e+00,-6.309018325805664062e+01,-2.243122100830078125e+01,-9.570539474487304688e+00
8.945633053779602051e+01,-4.243173217773437500e+01,-1.999974441528320312e+01,5.925355911254882812e+00,-6.305287170410156250e+01,-2.244050598144531250e+01,-9.446829795837402344e+00
8.947650337219238281e+01,-4.210807800292968750e+01,-2.008810043334960938e+01,6.596504211425781250e+00,-6.306729507446289062e+01,-2.291974639892578125e+01,-8.360837936401367188e+00
8.949651193618774414e+01,-4.240094375610351562e+01,-2.010751533508300781e+01,6.145321846008300781e+00,-6.280526733398437500e+01,-2.234194946289062500e+01,-9.760174751281738281e+00
8.951655483245849609e+01,-4.282985687255859375e+01,-2.007343673706054688e+01,5.911845207214355469e+00,-6.266481399536132812e+01,-2.257647132873535156e+01,-8.527769088745117188e+00
8.953681182861328125e+01,-4.250051498413085938e+01,-2.018587684631347656e+01,5.960497856140136719e+00,-6.278235626220703125e+01,-2.236180114746093750e+01,-7.396520137786865234e+00
8.955681467056274414e+01,-4.213403701782226562e+01,-2.001861000061035156e+01,6.361326694488525391e+00,-6.289971542358398438e+01,-2.264669227600097656e+01,-9.045625686645507812e+00
8.957695960998535156e+01,-4.241235351562500000e+01,-2.010849761962890625e+01,6.005909919738769531e+00,-6.299637603759765625e+01,-2.264279365539550781e+01,-9.199447631835937500e+00
8.959721684455871582e+01,-4.247499084472656250e+01,-2.013998031616210938e+01,6.403569698333740234e+00,-6.287343597412109375e+01,-2.256407928466796875e+01,-8.895508766174316406e+00
8.961705136299133301e+01,-4.278141784667968750e+01,-2.010219764709472656e+01,6.022725582122802734e+00,-6.279092788696289062e+01,-2.246971702575683594e+01,-8.772583961486816406e+00
8.963687276840209961e+01,-4.262221908569335938e+01,-2.013073158264160156e+01,6.386538505554199219e+00,-6.264282226562500000e+01,-2.242454338073730469e+01,-8.762183189392089844e+00
8.965693044662475586e+01,-4.240485382080078125e+01,-1.960316467285156250e+01,5.817605972290039062e+00,-6.289097213745117188e+01,-2.208734893798828125e+01,-8.333906173706054688e+00
8.967706561088562012e+01,-4.235574722290039062e+01,-1.959209632873535156e+01,6.000948429107666016e+00,-6.286905670166015625e+01,-2.220780372619628906e+01,-9.155218124389648438e+00
8.969715881347656250e+01,-4.236431884765625000e+01,-1.984714317321777344e+01,6.386387825012207031e+00,-6.265509414672851562e+01,-2.256175994873046875e+01,-8.569120407104492188e+00
8.971723723411560059e+01,-4.230768966674804688e+01,-1.998312377929687500e+01,6.605153083801269531e+00,-6.245405197143554688e+01,-2.271072769165039062e+01,-8.286123275756835938e+00
8.973738884925842285e+01,-4.214540100097656250e+01,-1.964074707031250000e+01,5.845442295074462891e+00,-6.299669647216796875e+01,-2.219570159912109375e+01,-7.938763141632080078e+00
8.975750684738159180e+01,-4.203056716918945312e+01,-1.977560615539550781e+01,6.157197952270507812e+00,-6.284941101074218750e+01,-2.200334358215332031e+01,-1.021616649627685547e+01
8.977758312225341797e+01,-4.198374557495117188e+01,-1.984648895263671875e+01,6.547204971313476562e+00,-6.367119979858398438e+01,-2.237419700622558594e+01,-8.013872146606445312e+00
8.979764652252197266e+01,-4.181480407714843750e+01,-1.932654571533203125e+01,5.829567432403564453e+00,-6.345013046264648438e+01,-2.251558494567871094e+01,-7.606216907501220703e+00
8.981893873214721680e+01,-4.155607223510742188e+01,-1.956182479858398438e+01,6.332766056060791016e+00,-6.326303863525390625e+01,-2.218258857727050781e+01,-1.008301639556884766e+01
8.983870720863342285e+01,-4.169903945922851562e+01,-1.968299484252929688e+01,6.581670761108398438e+00,-6.321243667602539062e+01,-2.234473037719726562e+01,-9.268168449401855469e+00
8.985852217674255371e+01,-4.222735595703125000e+01,-1.975180435180664062e+01,5.887830257415771484e+00,-6.291589736938476562e+01,-2.248242187500000000e+01,-9.150077819824218750e+00
8.987872886657714844e+01,-4.223234176635742188e+01,-1.995696449279785156e+01,6.162317276000976562e+00,-6.269434356689453125e+01,-2.249304199218750000e+01,-9.103509902954101562e+00
8.989897322654724121e+01,-4.219657135009765625e+01,-2.010384368896484375e+01,6.343796730041503906e+00,-6.258057403564453125e+01,-2.202361869812011719e+01,-7.899930000305175781e+00
8.991944432258605957e+01,-4.237215042114257812e+01,-1.978717231750488281e+01,5.843500137329101562e+00,-6.274861907958984375e+01,-2.219536209106445312e+01,-9.318784713745117188e+00
8.993988251686096191e+01,-4.224740982055664062e+01,-1.978073501586914062e+01,5.970922470092773438e+00,-6.288055038452148438e+01,-2.224102210998535156e+01,-9.388320922851562500e+00
8.996029734611511230e+01,-4.240803527832031250e+01,-1.983137893676757812e+01,6.373220920562744141e+00,-6.258286666870117188e+01,-2.211039924621582031e+01,-9.191098213195800781e+00
8.998045206069946289e+01,-4.251168441772460938e+01,-1.977165794372558594e+01,5.846351623535156250e+00,-6.280634689331054688e+01,-2.248671340942382812e+01,-8.221857070922851562e+00
9.000064826011657715e+01,-4.210680770874023438e+01,-1.972168350219726562e+01,5.822881698608398438e+00,-6.279899597167968750e+01,-2.210135650634765625e+01,-8.114974021911621094e+00
9.002079224586486816e+01,-4.214599990844726562e+01,-1.953166007995605469e+01,6.157219886779785156e+00,-6.268230056762695312e+01,-2.205010604858398438e+01,-9.093693733215332031e+00
9.004082489013671875e+01,-4.199955749511718750e+01,-1.958986473083496094e+01,6.566948413848876953e+00,-6.257964324951171875e+01,-2.200638771057128906e+01,-9.181281089782714844e+00
9.006033897399902344e+01,-4.222183609008789062e+01,-1.955214118957519531e+01,5.962313175201416016e+00,-6.289143371582031250e+01,-2.208625793457031250e+01,-8.765233039855957031e+00
9.008052539825439453e+01,-4.171426773071289062e+01,-1.956141471862792969e+01,6.019793987274169922e+00,-6.403355407714843750e+01,-2.179503631591796875e+01,-7.932957172393798828e+00
9.010077548027038574e+01,-4.155879211425781250e+01,-1.943659210205078125e+01,6.479409694671630859e+00,-6.277790451049804688e+01,-2.201210021972656250e+01,-8.961088180541992188e+00
9.012082099914550781e+01,-4.228223419189453125e+01,-1.943095397949218750e+01,5.875775814056396484e+00,-6.235157775878906250e+01,-2.193056106567382812e+01,-9.094403266906738281e+00
9.014171862602233887e+01,-4.236595153808593750e+01,-1.960539245605468750e+01,6.151968955993652344e+00,-6.271397018432617188e+01,-2.181921386718750000e+01,-8.118906974792480469e+00
9.016172838211059570e+01,-4.168481826782226562e+01,-1.915078926086425781e+01,6.282440185546875000e+00,-6.249140167236328125e+01,-2.177151679992675781e+01,-8.259570121765136719e+00
9.018179249763488770e+01,-4.218552398681640625e+01,-1.921357727050781250e+01,5.863990783691406250e+00,-6.238915634155273438e+01,-2.202952957153320312e+01,-8.791490554809570312e+00
9.020186543464660645e+01,-4.192487716674804688e+01,-1.951779365539550781e+01,5.943407058715820312e+00,-6.281423568725585938e+01,-2.175989341735839844e+01,-9.308578491210937500e+00
9.022202467918395996e+01,-4.225484085083007812e+01,-1.954090309143066406e+01,6.143565177917480469e+00,-6.233114242553710938e+01,-2.234740829467773438e+01,-8.036062240600585938e+00
9.024226164817810059e+01,-4.156214141845703125e+01,-1.971327209472656250e+01,6.486983776092529297e+00,-6.361817550659179688e+01,-2.180589675903320312e+01,-7.892131328582763672e+00
9.026225161552429199e+01,-4.182251739501953125e+01,-1.952804183959960938e+01,6.032742023468017578e+00,-6.264417648315429688e+01,-2.160817718505859375e+01,-9.565886497497558594e+00
9.028233408927917480e+01,-4.223636245727539062e+01,-1.953350639343261719e+01,5.794120311737060547e+00,-6.240447616577148438e+01,-2.237710762023925781e+01,-8.007035255432128906e+00
9.030244922637939453e+01,-4.221429443359375000e+01,-1.961242294311523438e+01,5.928075313568115234e+00,-6.211797714233398438e+01,-2.246080398559570312e+01,-8.396833419799804688e+00
9.032256674766540527e+01,-4.176617813110351562e+01,-1.980472946166992188e+01,6.273356437683105469e+00,-6.284047317504882812e+01,-2.171430587768554688e+01,-8.835635185241699219e+00
9.034264206886291504e+01,-4.217753982543945312e+01,-1.966592597961425781e+01,5.802885532379150391e+00,-6.197295379638671875e+01,-2.187239265441894531e+01,-9.637658119201660156e+00
9.036232185363769531e+01,-4.214892959594726562e+01,-1.970211601257324219e+01,6.073715209960937500e+00,-6.202494049072265625e+01,-2.205999755859375000e+01,-9.090706825256347656e+00
9.038249897956848145e+01,-4.258498764038085938e+01,-1.980073738098144531e+01,5.990211486816406250e+00,-6.167307662963867188e+01,-2.166989326477050781e+01,-9.676328659057617188e+00
9.040255618095397949e+01,-4.276330947875976562e+01,-1.989347267150878906e+01,5.879936218261718750e+00,-6.173242568969726562e+01,-2.228676605224609375e+01,-8.340241432189941406e+00
9.042475938796997070e+01,-4.204192733764648438e+01,-1.987338829040527344e+01,6.261980533599853516e+00,-6.265554428100585938e+01,-2.130768203735351562e+01,-5.651453495025634766e+00
9.044377779960632324e+01,-4.228355407714843750e+01,-1.985911178588867188e+01,5.910405635833740234e+00,-6.227387237548828125e+01,-2.219095993041992188e+01,-6.585403442382812500e+00
9.046372342109680176e+01,-4.163533401489257812e+01,-1.954611587524414062e+01,6.532153606414794922e+00,-6.235445404052734375e+01,-2.228870201110839844e+01,-8.880909919738769531e+00
9.048365497589111328e+01,-4.205132293701171875e+01,-1.972002601623535156e+01,6.097247123718261719e+00,-6.241707611083984375e+01,-2.235845184326171875e+01,-9.125395774841308594e+00
9.050373768806457520e+01,-4.248646926879882812e+01,-1.980060768127441406e+01,5.931258201599121094e+00,-6.221881103515625000e+01,-2.227911186218261719e+01,-8.983476638793945312e+00
9.052366709709167480e+01,-4.245682144165039062e+01,-1.988656425476074219e+01,6.175263881683349609e+00,-6.215967178344726562e+01,-2.227016639709472656e+01,-8.763324737548828125e+00
9.054391908645629883e+01,-4.239646148681640625e+01,-1.996565437316894531e+01,6.368330955505371094e+00,-6.186729049682617188e+01,-2.174494743347167969e+01,-9.943492889404296875e+00
9.056487107276916504e+01,-4.273654556274414062e+01,-2.001606559753417969e+01,5.871707439422607422e+00,-6.214881515502929688e+01,-2.149173927307128906e+01,-5.650523662567138672e+00
9.058507680892944336e+01,-4.185608291625976562e+01,-1.974045181274414062e+01,6.521938800811767578e+00,-6.222696685791015625e+01,-2.188414573669433594e+01,-8.072684288024902344e+00
9.060471034049987793e+01,-4.207371902465820312e+01,-1.973689270019531250e+01,6.087687969207763672e+00,-6.234816741943359375e+01,-2.213285636901855469e+01,-9.030087471008300781e+00
9.062520480155944824e+01,-4.236132049560546875e+01,-1.988853836059570312e+01,5.853430747985839844e+00,-6.230358886718750000e+01,-2.202919578552246094e+01,-9.889485359191894531e+00
9.064495825767517090e+01,-4.234067916870117188e+01,-1.990588760375976562e+01,5.963168621063232422e+00,-6.226918411254882812e+01,-2.203996276855468750e+01,-9.839082717895507812e+00
9.066527938842773438e+01,-4.260747909545898438e+01,-2.008395957946777344e+01,5.864048004150390625e+00,-6.220019531250000000e+01,-2.263828849792480469e+01,-8.398782730102539062e+00
9.068565940856933594e+01,-4.182945251464843750e+01,-1.959582328796386719e+01,6.033726692199707031e+00,-6.269784545898437500e+01,-2.212229537963867188e+01,-7.564239025115966797e+00
9.070568561553955078e+01,-4.201785278320312500e+01,-1.967625236511230469e+01,5.862782478332519531e+00,-6.268083953857421875e+01,-2.233834648132324219e+01,-8.774038314819335938e+00
9.072579312324523926e+01,-4.203313827514648438e+01,-1.980059623718261719e+01,6.366476535797119141e+00,-6.261880874633789062e+01,-2.262989997863769531e+01,-8.421894073486328125e+00
9.074588680267333984e+01,-4.233819198608398438e+01,-1.992286682128906250e+01,5.993158340454101562e+00,-6.234294128417968750e+01,-2.209323310852050781e+01,-9.804586410522460938e+00
9.076600193977355957e+01,-4.248921966552734375e+01,-2.005596542358398438e+01,5.879938125610351562e+00,-6.227839279174804688e+01,-2.213491439819335938e+01,-9.514245986938476562e+00
9.078614664077758789e+01,-4.223576736450195312e+01,-2.006665229797363281e+01,6.090688228607177734e+00,-6.237117385864257812e+01,-2.250105285644531250e+01,-8.776996612548828125e+00
9.080625534057617188e+01,-4.178638076782226562e+01,-2.006462860107421875e+01,6.473439693450927734e+00,-6.288119125366210938e+01,-2.231484794616699219e+01,-8.529456138610839844e+00
9.082631468772888184e+01,-4.217575836181640625e+01,-2.002627563476562500e+01,5.833554744720458984e+00,-6.240321350097656250e+01,-2.251590728759765625e+01,-9.010684013366699219e+00
9.084643149375915527e+01,-4.210299682617187500e+01,-2.020796966552734375e+01,6.081551074981689453e+00,-6.290962600708007812e+01,-2.200717353820800781e+01,-6.049695968627929688e+00
9.086655497550964355e+01,-4.154973602294921875e+01,-1.980209541320800781e+01,6.488785743713378906e+00,-6.277060317993164062e+01,-2.232475280761718750e+01,-9.071048736572265625e+00
9.088668417930603027e+01,-4.217796325683593750e+01,-1.970415115356445312e+01,5.892628192901611328e+00,-6.271769332885742188e+01,-2.227675247192382812e+01,-9.170396804809570312e+00
9.090678811073303223e+01,-4.235433578491210938e+01,-1.984045410156250000e+01,6.160805225372314453e+00,-6.243767547607421875e+01,-2.221067428588867188e+01,-9.181702613830566406e+00
9.092700123786926270e+01,-4.262978363037109375e+01,-1.994617271423339844e+01,5.938156604766845703e+00,-6.218854522705078125e+01,-2.223410415649414062e+01,-8.997794151306152344e+00
9.094716620445251465e+01,-4.252650070190429688e+01,-2.004396629333496094e+01,6.169726848602294922e+00,-6.212982559204101562e+01,-2.226942634582519531e+01,-8.745362281799316406e+00
9.096706318855285645e+01,-4.191887664794921875e+01,-1.958412933349609375e+01,6.291593551635742188e+00,-6.246717071533203125e+01,-2.198190879821777344e+01,-8.316904067993164062e+00
9.098719692230224609e+01,-4.235174179077148438e+01,-1.963166236877441406e+01,5.851952075958251953e+00,-6.241688919067382812e+01,-2.214411926269531250e+01,-9.134080886840820312e+00
9.100731229782104492e+01,-4.197221755981445312e+01,-1.972286605834960938e+01,5.925894260406494141e+00,-6.278303527832031250e+01,-2.209656143188476562e+01,-9.388528823852539062e+00
9.102750611305236816e+01,-4.173434066772460938e+01,-1.990169906616210938e+01,6.494510650634765625e+00,-6.326584625244140625e+01,-2.228274726867675781e+01,-8.065464973449707031e+00
9.104763197898864746e+01,-4.182342147827148438e+01,-1.990579795837402344e+01,6.271853446960449219e+00,-6.363398742675781250e+01,-2.202602195739746094e+01,-7.948848247528076172e+00
9.106767392158508301e+01,-4.161660385131835938e+01,-1.975461578369140625e+01,5.857079505920410156e+00,-6.366054534912109375e+01,-2.211808395385742188e+01,-8.927870750427246094e+00
9.108718967437744141e+01,-4.143798828125000000e+01,-1.980938148498535156e+01,6.471518516540527344e+00,-6.297416687011718750e+01,-2.239825630187988281e+01,-8.987830162048339844e+00
9.110736489295959473e+01,-4.199615859985351562e+01,-1.986476516723632812e+01,5.836576938629150391e+00,-6.265093231201171875e+01,-2.236686515808105469e+01,-9.329081535339355469e+00
9.112755417823791504e+01,-4.176286697387695312e+01,-2.003308486938476562e+01,6.541385650634765625e+00,-6.247602844238281250e+01,-2.226890182495117188e+01,-9.349513053894042969e+00
9.114764046669006348e+01,-4.224563598632812500e+01,-2.001534652709960938e+01,5.948412895202636719e+00,-6.240995025634765625e+01,-2.251708221435546875e+01,-8.752528190612792969e+00
9.116853833198547363e+01,-4.209363937377929688e+01,-2.007645988464355469e+01,6.563676357269287109e+00,-6.219042968750000000e+01,-2.207748031616210938e+01,-9.365918159484863281e+00
9.118792629241943359e+01,-4.232375717163085938e+01,-2.012186622619628906e+01,5.932809352874755859e+00,-6.325690841674804688e+01,-2.188051605224609375e+01,-8.091154098510742188e+00
9.120882940292358398e+01,-4.199190902709960938e+01,-1.995318794250488281e+01,6.514678955078125000e+00,-6.253693389892578125e+01,-2.239683151245117188e+01,-8.077397346496582031e+00
9.122825431823730469e+01,-4.239400863647460938e+01,-1.995906829833984375e+01,5.939636707305908203e+00,-6.211653518676757812e+01,-2.229093933105468750e+01,-8.959054946899414062e+00
9.124918723106384277e+01,-4.223658752441406250e+01,-2.016299629211425781e+01,6.302391529083251953e+00,-6.210469818115234375e+01,-2.191909980773925781e+01,-7.867577075958251953e+00
9.126939821243286133e+01,-4.239441680908203125e+01,-1.989030838012695312e+01,5.828385353088378906e+00,-6.233127975463867188e+01,-2.215361595153808594e+01,-9.300582885742187500e+00
9.128946042060852051e+01,-4.214968872070312500e+01,-1.992015266418457031e+01,6.089385032653808594e+00,-6.258140563964843750e+01,-2.254473114013671875e+01,-8.760055541992187500e+00
9.130930352210998535e+01,-4.211437606811523438e+01,-2.001245689392089844e+01,6.543198585510253906e+00,-6.241971206665039062e+01,-2.263552474975585938e+01,-8.491320610046386719e+00
9.132958674430847168e+01,-4.243114089965820312e+01,-2.007419776916503906e+01,5.959636688232421875e+00,-6.267774200439453125e+01,-2.182308769226074219e+01,-9.331223487854003906e+00
9.134944438934326172e+01,-4.204510498046875000e+01,-2.004516792297363281e+01,6.508284568786621094e+00,-6.309329986572265625e+01,-2.214445686340332031e+01,-8.001029968261718750e+00
9.136952424049377441e+01,-4.189949798583984375e+01,-1.987456893920898438e+01,5.998372554779052734e+00,-6.391103363037109375e+01,-2.194673728942871094e+01,-7.921241283416748047e+00
9.138962340354919434e+01,-4.207510757446289062e+01,-1.974658393859863281e+01,5.819610595703125000e+00,-6.307321929931640625e+01,-2.214450263977050781e+01,-8.447774887084960938e+00
9.140972781181335449e+01,-4.202090072631835938e+01,-1.984881401062011719e+01,6.077792644500732422e+00,-6.250850677490234375e+01,-2.222326660156250000e+01,-9.235842704772949219e+00
9.143034529685974121e+01,-4.230813217163085938e+01,-1.995505332946777344e+01,5.871647834777832031e+00,-6.230776596069335938e+01,-2.218206405639648438e+01,-9.301503181457519531e+00
9.145047640800476074e+01,-4.232979965209960938e+01,-2.005459785461425781e+01,6.135608673095703125e+00,-6.216653823852539062e+01,-2.213599586486816406e+01,-9.386846542358398438e+00
9.147077894210815430e+01,-4.247478103637695312e+01,-2.012777328491210938e+01,5.826489448547363281e+00,-6.316996383666992188e+01,-2.186283302307128906e+01,-8.105829238891601562e+00
9.149081563949584961e+01,-4.205873107910156250e+01,-1.983856201171875000e+01,6.263360977172851562e+00,-6.268812561035156250e+01,-2.203443717956542969e+01,-8.510809898376464844e+00
9.151103663444519043e+01,-4.227750778198242188e+01,-1.988266563415527344e+01,5.917931079864501953e+00,-6.236451721191406250e+01,-2.216218566894531250e+01,-8.998134613037109375e+00
9.153111100196838379e+01,-4.265235137939453125e+01,-1.993020629882812500e+01,5.862684249877929688e+00,-6.199698257446289062e+01,-2.210087966918945312e+01,-8.908021926879882812e+00
9.155123710632324219e+01,-4.215612411499023438e+01,-2.002165222167968750e+01,6.264934539794921875e+00,-6.272756195068359375e+01,-2.215947532653808594e+01,-8.106954574584960938e+00
9.157139253616333008e+01,-4.191126632690429688e+01,-1.943943977355957031e+01,5.876938819885253906e+00,-6.304840850830078125e+01,-2.180412483215332031e+01,-6.228133201599121094e+00
9.159160661697387695e+01,-4.186563491821289062e+01,-1.944083595275878906e+01,5.797264575958251953e+00,-6.277727127075195312e+01,-2.218935012817382812e+01,-8.319655418395996094e+00
9.161152505874633789e+01,-4.154329299926757812e+01,-1.947703170776367188e+01,6.496366024017333984e+00,-6.258378219604492188e+01,-2.187722778320312500e+01,-9.331613540649414062e+00
9.163170313835144043e+01,-4.200964355468750000e+01,-1.953152656555175781e+01,6.085186481475830078e+00,-6.264346694946289062e+01,-2.252760505676269531e+01,-8.355941772460937500e+00
9.165185618400573730e+01,-4.228556823730468750e+01,-1.967948913574218750e+01,5.912326335906982422e+00,-6.240503692626953125e+01,-2.197454071044921875e+01,-9.718347549438476562e+00
9.167197465896606445e+01,-4.195181274414062500e+01,-1.986415863037109375e+01,6.570777893066406250e+00,-6.239999389648437500e+01,-2.256279754638671875e+01,-8.432644844055175781e+00
9.169238567352294922e+01,-4.227510452270507812e+01,-1.990798377990722656e+01,6.113779544830322266e+00,-6.218346405029296875e+01,-2.200654792785644531e+01,-9.776813507080078125e+00
9.171154284477233887e+01,-4.268380355834960938e+01,-1.989213752746582031e+01,5.923469066619873047e+00,-6.202623748779296875e+01,-2.198608207702636719e+01,-9.173681259155273438e+00
9.173173236846923828e+01,-4.226817321777343750e+01,-1.994594955444335938e+01,6.290252685546875000e+00,-6.215823745727539062e+01,-2.266810035705566406e+01,-8.056137084960937500e+00
9.175189876556396484e+01,-4.193942260742187500e+01,-1.958233451843261719e+01,5.877417564392089844e+00,-6.331669235229492188e+01,-2.164572334289550781e+01,-6.303746700286865234e+00
9.177221965789794922e+01,-4.172930908203125000e+01,-1.944216918945312500e+01,6.298951148986816406e+00,-6.272751617431640625e+01,-2.209410476684570312e+01,-8.872387886047363281e+00
9.179255890846252441e+01,-4.224327850341796875e+01,-1.953075408935546875e+01,5.886930942535400391e+00,-6.258770370483398438e+01,-2.246322059631347656e+01,-8.420630455017089844e+00
9.181367230415344238e+01,-4.187773513793945312e+01,-1.979826354980468750e+01,6.554405689239501953e+00,-6.231051254272460938e+01,-2.193406295776367188e+01,-9.761706352233886719e+00
9.183361339569091797e+01,-4.219731903076171875e+01,-1.984872627258300781e+01,6.092499256134033203e+00,-6.227022171020507812e+01,-2.201536178588867188e+01,-9.490284919738769531e+00
9.185362219810485840e+01,-4.190495300292968750e+01,-1.995839500427246094e+01,6.533847808837890625e+00,-6.293026351928710938e+01,-2.220052337646484375e+01,-8.085433959960937500e+00
9.187367653846740723e+01,-4.169761276245117188e+01,-1.937841796875000000e+01,5.853408813476562500e+00,-6.286806869506835938e+01,-2.196687698364257812e+01,-7.538008213043212891e+00
9.189361023902893066e+01,-4.136289215087890625e+01,-1.945940399169921875e+01,6.477454185485839844e+00,-6.286170959472656250e+01,-2.233105468750000000e+01,-8.727401733398437500e+00
9.191362762451171875e+01,-4.202129745483398438e+01,-1.954632759094238281e+01,5.870662689208984375e+00,-6.265402603149414062e+01,-2.257039642333984375e+01,-8.606415748596191406e+00
9.193362951278686523e+01,-4.164427185058593750e+01,-1.991646957397460938e+01,6.530203342437744141e+00,-6.251988601684570312e+01,-2.252705955505371094e+01,-9.028759002685546875e+00
9.195371317863464355e+01,-4.198548507690429688e+01,-1.985204505920410156e+01,5.847026348114013672e+00,-6.261202621459960938e+01,-2.237593078613281250e+01,-9.119192123413085938e+00
9.197436547279357910e+01,-4.184520721435546875e+01,-1.987235641479492188e+01,6.029412269592285156e+00,-6.323801040649414062e+01,-2.242127037048339844e+01,-7.956120967864990234e+00
9.199423956871032715e+01,-4.137772369384765625e+01,-1.975827980041503906e+01,6.430839538574218750e+00,-6.316891098022460938e+01,-2.239667701721191406e+01,-8.485481262207031250e+00
9.201458787918090820e+01,-4.169125747680664062e+01,-1.978940010070800781e+01,6.011745452880859375e+00,-6.272891616821289062e+01,-2.241975784301757812e+01,-8.967826843261718750e+00
9.203463459014892578e+01,-4.220039367675781250e+01,-1.980916023254394531e+01,5.864888668060302734e+00,-6.230746078491210938e+01,-2.225363540649414062e+01,-8.910114288330078125e+00
9.205469894409179688e+01,-4.183610534667968750e+01,-1.995046043395996094e+01,6.531452178955078125e+00,-6.219556808471679688e+01,-2.220841217041015625e+01,-9.128137588500976562e+00
9.207448482513427734e+01,-4.231745529174804688e+01,-1.986038970947265625e+01,6.100484371185302734e+00,-6.201615524291992188e+01,-2.211246681213378906e+01,-8.963098526000976562e+00
9.209459185600280762e+01,-4.248711776733398438e+01,-1.997461318969726562e+01,5.878417015075683594e+00,-6.196385192871093750e+01,-2.214376449584960938e+01,-9.142642974853515625e+00
9.211523032188415527e+01,-4.263713455200195312e+01,-2.002600479125976562e+01,6.009421825408935547e+00,-6.193236160278320312e+01,-2.131571769714355469e+01,-7.203042984008789062e+00
9.213575577735900879e+01,-4.216411972045898438e+01,-1.974396324157714844e+01,6.329887390136718750e+00,-6.203863525390625000e+01,-2.176103401184082031e+01,-9.604760169982910156e+00
9.215535664558410645e+01,-4.240473937988281250e+01,-1.981875991821289062e+01,5.833577156066894531e+00,-6.286236190795898438e+01,-2.189015007019042969e+01,-8.745098114013671875e+00
9.217548465728759766e+01,-4.217174148559570312e+01,-1.976542663574218750e+01,5.919319629669189453e+00,-6.308755493164062500e+01,-2.209140968322753906e+01,-8.063809394836425781e+00
9.219567155838012695e+01,-4.163428497314453125e+01,-1.978421211242675781e+01,6.235262870788574219e+00,-6.297409439086914062e+01,-2.221565437316894531e+01,-8.478614807128906250e+00
9.221575736999511719e+01,-4.197137832641601562e+01,-1.977877998352050781e+01,5.773805618286132812e+00,-6.241283416748046875e+01,-2.240281677246093750e+01,-8.983690261840820312e+00
9.223592281341552734e+01,-4.191051864624023438e+01,-1.986074066162109375e+01,6.038127899169921875e+00,-6.244665908813476562e+01,-2.258256340026855469e+01,-8.617424011230468750e+00
9.225609183311462402e+01,-4.197490310668945312e+01,-1.999613952636718750e+01,6.525814056396484375e+00,-6.216998291015625000e+01,-2.261017799377441406e+01,-8.450881004333496094e+00
9.227623414993286133e+01,-4.206918334960937500e+01,-2.000511550903320312e+01,5.809908390045166016e+00,-6.300254058837890625e+01,-2.184787368774414062e+01,-8.840433120727539062e+00
9.229622840881347656e+01,-4.207775115966796875e+01,-1.991235542297363281e+01,6.085983753204345703e+00,-6.240743637084960938e+01,-2.242662239074707031e+01,-8.509388923645019531e+00
9.231636691093444824e+01,-4.199533081054687500e+01,-1.997094726562500000e+01,6.517255306243896484e+00,-6.215215301513671875e+01,-2.253399467468261719e+01,-8.425634384155273438e+00
9.233647274971008301e+01,-4.258934783935546875e+01,-2.001058959960937500e+01,5.870367527008056641e+00,-6.198419189453125000e+01,-2.260109138488769531e+01,-8.369991302490234375e+00
9.235650992393493652e+01,-4.207521820068359375e+01,-1.967769432067871094e+01,6.085531234741210938e+00,-6.240114593505859375e+01,-2.240077400207519531e+01,-7.567724704742431641e+00
9.237662672996520996e+01,-4.187065505981445312e+01,-1.977992820739746094e+01,6.538009643554687500e+00,-6.239785003662109375e+01,-2.261973571777343750e+01,-8.448424339294433594e+00
9.239673042297363281e+01,-4.235791015625000000e+01,-1.993642425537109375e+01,5.888856410980224609e+00,-6.224863815307617188e+01,-2.234254264831542969e+01,-9.300218582153320312e+00
9.241676044464111328e+01,-4.232345199584960938e+01,-2.015828704833984375e+01,6.110737323760986328e+00,-6.249285888671875000e+01,-2.164115142822265625e+01,-5.899554729461669922e+00
9.243687582015991211e+01,-4.166825103759765625e+01,-1.979293823242187500e+01,6.481336116790771484e+00,-6.260785675048828125e+01,-2.269320487976074219e+01,-7.900414466857910156e+00
9.245695352554321289e+01,-4.209704589843750000e+01,-1.986350631713867188e+01,5.870140552520751953e+00,-6.254705047607421875e+01,-2.242398643493652344e+01,-9.295748710632324219e+00
9.247734999656677246e+01,-4.204543685913085938e+01,-2.006690216064453125e+01,6.086545944213867188e+00,-6.325894546508789062e+01,-2.162551498413085938e+01,-5.523813247680664062e+00
9.249764442443847656e+01,-4.192441177368164062e+01,-1.952115440368652344e+01,5.794147491455078125e+00,-6.290773773193359375e+01,-2.239958572387695312e+01,-7.594483852386474609e+00
9.251780962944030762e+01,-4.175175476074218750e+01,-1.962594795227050781e+01,5.935940742492675781e+00,-6.271825408935546875e+01,-2.208032417297363281e+01,-9.998298645019531250e+00
9.253740382194519043e+01,-4.179589843750000000e+01,-1.976002120971679688e+01,6.321689128875732422e+00,-6.258529663085937500e+01,-2.206747627258300781e+01,-9.816934585571289062e+00
9.255755281448364258e+01,-4.175006866455078125e+01,-1.985268783569335938e+01,6.537750720977783203e+00,-6.236784744262695312e+01,-2.203038215637207031e+01,-9.823719978332519531e+00
9.257882452011108398e+01,-4.221039581298828125e+01,-1.993607139587402344e+01,5.836875915527343750e+00,-6.243948364257812500e+01,-2.157935333251953125e+01,-7.198017597198486328e+00
9.259879732131958008e+01,-4.191515731811523438e+01,-1.966713142395019531e+01,6.093445301055908203e+00,-6.254351043701171875e+01,-2.231791687011718750e+01,-8.709065437316894531e+00
9.261879324913024902e+01,-4.170800018310546875e+01,-1.982616806030273438e+01,6.534065246582031250e+00,-6.241733932495117188e+01,-2.263366317749023438e+01,-8.588606834411621094e+00
9.263878607749938965e+01,-4.220153427124023438e+01,-1.991582107543945312e+01,5.875101566314697266e+00,-6.230119323730468750e+01,-2.214142608642578125e+01,-9.551034927368164062e+00
9.265965199470520020e+01,-4.207228851318359375e+01,-1.996784019470214844e+01,6.059628009796142578e+00,-6.237910461425781250e+01,-2.246672630310058594e+01,-8.756996154785156250e+00
9.267961478233337402e+01,-4.207044219970703125e+01,-1.998463630676269531e+01,5.806699752807617188e+00,-6.353055572509765625e+01,-2.199380302429199219e+01,-8.131529808044433594e+00
9.269985461235046387e+01,-4.169975280761718750e+01,-1.989499473571777344e+01,6.478500843048095703e+00,-6.286185836791992188e+01,-2.218046760559082031e+01,-8.492839813232421875e+00
9.271995139122009277e+01,-4.199351119995117188e+01,-1.992183303833007812e+01,5.884356975555419922e+00,-6.230080795288085938e+01,-2.210134696960449219e+01,-9.751411437988281250e+00
9.274033331871032715e+01,-4.195918655395507812e+01,-2.005045509338378906e+01,6.279734134674072266e+00,-6.255284881591796875e+01,-2.203224182128906250e+01,-6.073205947875976562e+00
9.276047182083129883e+01,-4.211581420898437500e+01,-1.967265892028808594e+01,5.800230979919433594e+00,-6.240570068359375000e+01,-2.218873977661132812e+01,-8.856843948364257812e+00
9.278024888038635254e+01,-4.205592346191406250e+01,-1.968550109863281250e+01,5.959522247314453125e+00,-6.240919113159179688e+01,-2.250874900817871094e+01,-8.582047462463378906e+00
9.280036854743957520e+01,-4.190575408935546875e+01,-2.000286102294921875e+01,6.069558620452880859e+00,-6.261991500854492188e+01,-2.208574104309082031e+01,-7.334231853485107422e+00
9.282069349288940430e+01,-4.142842102050781250e+01,-1.970551872253417969e+01,6.491812229156494141e+00,-6.274123001098632812e+01,-2.226341247558593750e+01,-9.196375846862792969e+00
9.284080314636230469e+01,-4.203054428100585938e+01,-1.966839599609375000e+01,5.861585617065429688e+00,-6.275051498413085938e+01,-2.228000068664550781e+01,-9.158198356628417969e+00
9.286111617088317871e+01,-4.187426757812500000e+01,-1.986962127685546875e+01,6.528840065002441406e+00,-6.255588912963867188e+01,-2.234478950500488281e+01,-8.990895271301269531e+00
9.288113594055175781e+01,-4.214523315429687500e+01,-2.002223205566406250e+01,5.923101425170898438e+00,-6.245617675781250000e+01,-2.224079132080078125e+01,-9.833185195922851562e+00
9.290121555328369141e+01,-4.234651947021484375e+01,-2.023190498352050781e+01,5.829560756683349609e+00,-6.240821075439453125e+01,-2.231752014160156250e+01,-9.521780014038085938e+00
9.292143321037292480e+01,-4.200811386108398438e+01,-2.029984092712402344e+01,6.258962154388427734e+00,-6.249632263183593750e+01,-2.241427230834960938e+01,-9.429713249206542969e+00
9.294139909744262695e+01,-4.227080154418945312e+01,-2.043548011779785156e+01,5.899100780487060547e+00,-6.281071090698242188e+01,-2.188971519470214844e+01,-5.916978359222412109e+00
9.296156287193298340e+01,-4.172702789306640625e+01,-2.008177185058593750e+01,6.248465061187744141e+00,-6.310206985473632812e+01,-2.285734367370605469e+01,-8.216710090637207031e+00
9.298171448707580566e+01,-4.207705307006835938e+01,-2.022501754760742188e+01,5.843711853027343750e+00,-6.311865615844726562e+01,-2.288191795349121094e+01,-9.093964576721191406e+00
9.300183463096618652e+01,-4.216821289062500000e+01,-2.053613281250000000e+01,5.814564704895019531e+00,-6.315623855590820312e+01,-2.336180305480957031e+01,-8.508588790893554688e+00
9.302188444137573242e+01,-4.200511169433593750e+01,-2.070309638977050781e+01,6.326440811157226562e+00,-6.310104370117187500e+01,-2.312564277648925781e+01,-9.117685317993164062e+00
9.304191231727600098e+01,-4.218773269653320312e+01,-2.085407638549804688e+01,5.919220447540283203e+00,-6.317443466186523438e+01,-2.321308708190917969e+01,-9.250842094421386719e+00
9.306225037574768066e+01,-4.210856246948242188e+01,-2.093026733398437500e+01,6.533335208892822266e+00,-6.319377899169921875e+01,-2.345813560485839844e+01,-8.425941467285156250e+00
9.308232355117797852e+01,-4.186753463745117188e+01,-2.052470779418945312e+01,5.838545799255371094e+00,-6.388362884521484375e+01,-2.341171836853027344e+01,-6.775415420532226562e+00
9.310255694389343262e+01,-4.192780685424804688e+01,-2.070569992065429688e+01,5.821044445037841797e+00,-6.370991897583007812e+01,-2.339504051208496094e+01,-8.416990280151367188e+00
9.312199950218200684e+01,-4.213545227050781250e+01,-2.090100097656250000e+01,5.806415557861328125e+00,-6.372262954711914062e+01,-2.354992485046386719e+01,-8.931423187255859375e+00
9.314206266403198242e+01,-4.171961975097656250e+01,-2.102295875549316406e+01,6.250096321105957031e+00,-6.392277908325195312e+01,-2.373405647277832031e+01,-9.240492820739746094e+00
9.316226482391357422e+01,-4.197316741943359375e+01,-2.123860359191894531e+01,5.906636238098144531e+00,-6.401200866699218750e+01,-2.382769203186035156e+01,-9.402008056640625000e+00
9.318246126174926758e+01,-4.212571334838867188e+01,-2.145320701599121094e+01,5.798459053039550781e+00,-6.403143310546875000e+01,-2.389973831176757812e+01,-9.449872970581054688e+00
9.320242691040039062e+01,-4.214309310913085938e+01,-2.164031600952148438e+01,5.977401256561279297e+00,-6.401228332519531250e+01,-2.387616920471191406e+01,-9.874589920043945312e+00
9.322263646125793457e+01,-4.210373306274414062e+01,-2.169697952270507812e+01,6.493594646453857422e+00,-6.429087829589843750e+01,-2.419993019104003906e+01,-9.078227043151855469e+00
9.324269700050354004e+01,-4.222650146484375000e+01,-2.187395095825195312e+01,6.432725906372070312e+00,-6.449948120117187500e+01,-2.461823654174804688e+01,-8.133229255676269531e+00
9.326381826400756836e+01,-4.226333236694335938e+01,-2.209949874877929688e+01,5.521798610687255859e+00,-6.519571685791015625e+01,-2.425500679016113281e+01,-8.914052009582519531e+00
9.328389763832092285e+01,-4.211475372314453125e+01,-2.200534820556640625e+01,5.799761295318603516e+00,-6.523162078857421875e+01,-2.495096588134765625e+01,-8.037227630615234375e+00
9.330433821678161621e+01,-4.230389785766601562e+01,-2.226457977294921875e+01,5.529233932495117188e+00,-6.518201446533203125e+01,-2.520460891723632812e+01,-8.590282440185546875e+00
9.332382726669311523e+01,-4.218214416503906250e+01,-2.243388557434082031e+01,6.153714179992675781e+00,-6.528071594238281250e+01,-2.537399291992187500e+01,-8.720111846923828125e+00
9.334416389465332031e+01,-4.234402084350585938e+01,-2.256090545654296875e+01,5.756580352783203125e+00,-6.553997039794921875e+01,-2.561864280700683594e+01,-8.160342216491699219e+00
9.336427283287048340e+01,-4.253018951416015625e+01,-2.267106246948242188e+01,5.661212444305419922e+00,-6.536382293701171875e+01,-2.546945953369140625e+01,-8.651435852050781250e+00
9.338455748558044434e+01,-4.260329818725585938e+01,-2.271664810180664062e+01,5.661940574645996094e+00,-6.543944549560546875e+01,-2.549862670898437500e+01,-8.925716400146484375e+00
9.340459942817687988e+01,-4.261151123046875000e+01,-2.278199958801269531e+01,5.749899864196777344e+00,-6.584371185302734375e+01,-2.581063270568847656e+01,-8.004532814025878906e+00
9.342485356330871582e+01,-4.267559432983398438e+01,-2.281766891479492188e+01,5.812690734863281250e+00,-6.586930084228515625e+01,-2.582885360717773438e+01,-8.126874923706054688e+00
9.344496273994445801e+01,-4.258040237426757812e+01,-2.281211853027343750e+01,5.819984436035156250e+00,-6.614620208740234375e+01,-2.605169677734375000e+01,-7.954948902130126953e+00
9.346492171287536621e+01,-4.269747161865234375e+01,-2.278791236877441406e+01,5.850975513458251953e+00,-6.616680908203125000e+01,-2.596380043029785156e+01,-8.160827636718750000e+00
9.348503804206848145e+01,-4.262994003295898438e+01,-2.267935562133789062e+01,5.846683502197265625e+00,-6.647156524658203125e+01,-2.607724761962890625e+01,-7.978361129760742188e+00
9.350502204895019531e+01,-4.255828857421875000e+01,-2.260181617736816406e+01,5.859822273254394531e+00,-6.652975463867187500e+01,-2.615761375427246094e+01,-8.054614067077636719e+00
9.352507328987121582e+01,-4.252145004272460938e+01,-2.255251121520996094e+01,5.872292518615722656e+00,-6.659840393066406250e+01,-2.620202255249023438e+01,-8.096446990966796875e+00
9.354527091979980469e+01,-4.203611755371093750e+01,-2.236365699768066406e+01,6.988461494445800781e+00,-6.670296478271484375e+01,-2.620743942260742188e+01,-8.121029853820800781e+00
9.356540226936340332e+01,-4.156425857543945312e+01,-2.205027008056640625e+01,7.486952304840087891e+00,-6.706732940673828125e+01,-2.618989181518554688e+01,-8.133359909057617188e+00
9.358559679985046387e+01,-4.145910263061523438e+01,-2.173483467102050781e+01,7.454409122467041016e+00,-6.739259338378906250e+01,-2.618237686157226562e+01,-8.119590759277343750e+00
9.360564899444580078e+01,-4.175022888183593750e+01,-2.164373779296875000e+01,6.648645401000976562e+00,-6.757142639160156250e+01,-2.621289062500000000e+01,-8.099407196044921875e+00
9.362587738037109375e+01,-4.237084960937500000e+01,-2.191051864624023438e+01,5.809080123901367188e+00,-6.747360229492187500e+01,-2.626861953735351562e+01,-8.096426963806152344e+00
9.364604735374450684e+01,-4.181494140625000000e+01,-2.194481086730957031e+01,7.078545570373535156e+00,-6.745623016357421875e+01,-2.640496826171875000e+01,-8.110735893249511719e+00
9.366599297523498535e+01,-4.223622894287109375e+01,-2.226436996459960938e+01,6.023612499237060547e+00,-6.747902679443359375e+01,-2.658211326599121094e+01,-8.116975784301757812e+00
9.368627738952636719e+01,-4.216744613647460938e+01,-2.247034454345703125e+01,6.500465393066406250e+00,-6.749201202392578125e+01,-2.677815437316894531e+01,-8.132243156433105469e+00
9.370624303817749023e+01,-4.201802825927734375e+01,-2.252935028076171875e+01,6.456502914428710938e+00,-6.766816711425781250e+01,-2.696859169006347656e+01,-8.147795677185058594e+00
9.372636723518371582e+01,-4.248961639404296875e+01,-2.278146743774414062e+01,5.750806808471679688e+00,-6.774180603027343750e+01,-2.709581756591796875e+01,-8.157358169555664062e+00
9.374648189544677734e+01,-4.192665863037109375e+01,-2.267482376098632812e+01,7.065557479858398438e+00,-6.791468048095703125e+01,-2.718583488464355469e+01,-8.177309989929199219e+00
9.376651120185852051e+01,-4.255571746826171875e+01,-2.281319999694824219e+01,5.724036693572998047e+00,-6.805346679687500000e+01,-2.719099617004394531e+01,-8.182321548461914062e+00
9.378669762611389160e+01,-4.199012756347656250e+01,-2.263346862792968750e+01,7.056631088256835938e+00,-6.813819122314453125e+01,-2.721090698242187500e+01,-8.175938606262207031e+00
9.380691385269165039e+01,-4.246210479736328125e+01,-2.271994018554687500e+01,6.007107257843017578e+00,-6.816023254394531250e+01,-2.719018363952636719e+01,-8.171488761901855469e+00
9.382712173461914062e+01,-4.234360504150390625e+01,-2.270779609680175781e+01,6.526902675628662109e+00,-6.811685180664062500e+01,-2.713566970825195312e+01,-8.170241355895996094e+00
9.384698581695556641e+01,-4.242884826660156250e+01,-2.257847404479980469e+01,6.451967239379882812e+00,-6.806855773925781250e+01,-2.702815437316894531e+01,-8.169277191162109375e+00
9.386716508865356445e+01,-4.260873031616210938e+01,-2.261510848999023438e+01,5.891353607177734375e+00,-6.800291442871093750e+01,-2.691739463806152344e+01,-8.157029151916503906e+00
9.388720870018005371e+01,-4.239986801147460938e+01,-2.244927978515625000e+01,6.214231967926025391e+00,-6.795297241210937500e+01,-2.685004425048828125e+01,-8.116011619567871094e+00
9.390741324424743652e+01,-4.254630279541015625e+01,-2.247594261169433594e+01,6.149118423461914062e+00,-6.786644744873046875e+01,-2.677646255493164062e+01,-8.107631683349609375e+00
9.392750120162963867e+01,-4.246693801879882812e+01,-2.237688446044921875e+01,6.194962978363037109e+00,-6.788815307617187500e+01,-2.673162078857421875e+01,-8.104804992675781250e+00
9.394764924049377441e+01,-4.260047912597656250e+01,-2.245517349243164062e+01,6.141315937042236328e+00,-6.777912139892578125e+01,-2.670158004760742188e+01,-8.102215766906738281e+00
9.396867799758911133e+01,-4.226907730102539062e+01,-2.239025306701660156e+01,7.047936439514160156e+00,-6.773659515380859375e+01,-2.669976615905761719e+01,-8.103713035583496094e+00
9.398847460746765137e+01,-4.281253433227539062e+01,-2.248888778686523438e+01,5.696903705596923828e+00,-6.773284149169921875e+01,-2.671082305908203125e+01,-8.095178604125976562e+00
9.400933027267456055e+01,-4.257890701293945312e+01,-2.256661987304687500e+01,6.470804691314697266e+00,-6.764041900634765625e+01,-2.672861671447753906e+01,-8.093398094177246094e+00
9.402951025962829590e+01,-4.269979095458984375e+01,-2.253054618835449219e+01,6.404059886932373047e+00,-6.765099334716796875e+01,-2.676349258422851562e+01,-8.074618339538574219e+00
9.404957842826843262e+01,-4.301699829101562500e+01,-2.267622375488281250e+01,5.792024135589599609e+00,-6.768606567382812500e+01,-2.680002784729003906e+01,-8.044528007507324219e+00
9.406980490684509277e+01,-4.259771728515625000e+01,-2.255075454711914062e+01,6.601578235626220703e+00,-6.772866058349609375e+01,-2.684865951538085938e+01,-8.043651580810546875e+00
9.408990955352783203e+01,-4.301057052612304688e+01,-2.268269348144531250e+01,5.841869354248046875e+00,-6.775342559814453125e+01,-2.687607955932617188e+01,-8.039601325988769531e+00
9.411002564430236816e+01,-4.291973495483398438e+01,-2.270811271667480469e+01,6.396044254302978516e+00,-6.772634887695312500e+01,-2.689623069763183594e+01,-8.043338775634765625e+00
9.413001608848571777e+01,-4.273770523071289062e+01,-2.260271263122558594e+01,6.383994579315185547e+00,-6.782570648193359375e+01,-2.692049026489257812e+01,-8.045103073120117188e+00
9.415041875839233398e+01,-4.316847991943359375e+01,-2.271498107910156250e+01,5.702307224273681641e+00,-6.777776336669921875e+01,-2.690951728820800781e+01,-8.034997940063476562e+00
9.417030882835388184e+01,-4.319512939453125000e+01,-2.272371482849121094e+01,5.537464618682861328e+00,-6.771495819091796875e+01,-2.690950775146484375e+01,-8.031363487243652344e+00
9.418996644020080566e+01,-4.291899871826171875e+01,-2.269242286682128906e+01,6.074559688568115234e+00,-6.755157470703125000e+01,-2.691350364685058594e+01,-8.033184051513671875e+00
9.421015763282775879e+01,-4.256500625610351562e+01,-2.259586715698242188e+01,6.927224636077880859e+00,-6.749531555175781250e+01,-2.687027168273925781e+01,-8.022065162658691406e+00
9.422998595237731934e+01,-4.312890625000000000e+01,-2.264573287963867188e+01,5.672974109649658203e+00,-6.753484344482421875e+01,-2.682586479187011719e+01,-8.004677772521972656e+00
9.425011873245239258e+01,-4.305097198486328125e+01,-2.268574714660644531e+01,5.997632026672363281e+00,-6.735665130615234375e+01,-2.677899932861328125e+01,-7.992438793182373047e+00
9.427029228210449219e+01,-4.307909011840820312e+01,-2.270598983764648438e+01,6.082385063171386719e+00,-6.733023834228515625e+01,-2.675135612487792969e+01,-7.983557224273681641e+00
9.429029989242553711e+01,-4.339293289184570312e+01,-2.277452850341796875e+01,5.608946800231933594e+00,-6.737060546875000000e+01,-2.672861289978027344e+01,-7.970502853393554688e+00
9.431038641929626465e+01,-4.317613601684570312e+01,-2.265809822082519531e+01,5.998867034912109375e+00,-6.743994140625000000e+01,-2.673616981506347656e+01,-7.937701225280761719e+00
9.433054900169372559e+01,-4.343079757690429688e+01,-2.275835418701171875e+01,5.584156513214111328e+00,-6.738642883300781250e+01,-2.674633026123046875e+01,-7.899150848388671875e+00
9.435054326057434082e+01,-4.317415237426757812e+01,-2.274166297912597656e+01,6.271071434020996094e+00,-6.734046173095703125e+01,-2.677051544189453125e+01,-7.887413501739501953e+00
9.437070703506469727e+01,-4.327656555175781250e+01,-2.280531120300292969e+01,5.578356742858886719e+00,-6.723597717285156250e+01,-2.679310226440429688e+01,-7.874816417694091797e+00
9.439077520370483398e+01,-4.298262023925781250e+01,-2.273583793640136719e+01,5.556539058685302734e+00,-6.712439727783203125e+01,-2.680248832702636719e+01,-7.860608100891113281e+00
9.441090202331542969e+01,-4.281352233886718750e+01,-2.273130607604980469e+01,5.958788394927978516e+00,-6.701386260986328125e+01,-2.678176116943359375e+01,-7.843724250793457031e+00
9.443101334571838379e+01,-4.308145141601562500e+01,-2.277378273010253906e+01,5.478583335876464844e+00,-6.705966949462890625e+01,-2.676058197021484375e+01,-7.827538490295410156e+00
9.445162320137023926e+01,-4.283027648925781250e+01,-2.270762062072753906e+01,6.172610282897949219e+00,-6.703418731689453125e+01,-2.675750350952148438e+01,-7.814242362976074219e+00
9.447162675857543945e+01,-4.284974288940429688e+01,-2.274796485900878906e+01,5.467917442321777344e+00,-6.690324401855468750e+01,-2.676638031005859375e+01,-7.792520046234130859e+00
9.449177217483520508e+01,-4.279981994628906250e+01,-2.276141738891601562e+01,5.401889324188232422e+00,-6.678221130371093750e+01,-2.673875045776367188e+01,-7.759962081909179688e+00
9.451198196411132812e+01,-4.290753936767578125e+01,-2.276988792419433594e+01,5.426944255828857422e+00,-6.685096740722656250e+01,-2.670425033569335938e+01,-7.735450267791748047e+00
9.453201127052307129e+01,-4.312016677856445312e+01,-2.278070449829101562e+01,5.434872150421142578e+00,-6.700302886962890625e+01,-2.668843650817871094e+01,-7.719622611999511719e+00
9.455220007896423340e+01,-4.299163818359375000e+01,-2.275283241271972656e+01,5.436081886291503906e+00,-6.692325592041015625e+01,-2.668915939331054688e+01,-7.699457645416259766e+00
9.457238316535949707e+01,-4.287308883666992188e+01,-2.270467185974121094e+01,5.417903423309326172e+00,-6.683923339843750000e+01,-2.666195106506347656e+01,-7.667619705200195312e+00
9.459242224693298340e+01,-4.301107788085937500e+01,-2.266645240783691406e+01,5.394763946533203125e+00,-6.693551635742187500e+01,-2.661524581909179688e+01,-7.638406276702880859e+00
9.461251521110534668e+01,-4.250027847290039062e+01,-2.259955024719238281e+01,5.373583316802978516e+00,-6.651541137695312500e+01,-2.660767364501953125e+01,-7.606962203979492188e+00
9.463264822959899902e+01,-4.226961517333984375e+01,-2.246506118774414062e+01,5.321152687072753906e+00,-6.630892944335937500e+01,-2.650347137451171875e+01,-7.551679611206054688e+00
9.465277028083801270e+01,-4.239713668823242188e+01,-2.237344551086425781e+01,5.277159690856933594e+00,-6.635164642333984375e+01,-2.640508079528808594e+01,-7.506834030151367188e+00
9.467403006553649902e+01,-4.215052032470703125e+01,-2.227493095397949219e+01,5.239329338073730469e+00,-6.608717346191406250e+01,-2.633882904052734375e+01,-7.464380741119384766e+00
9.469305157661437988e+01,-4.261401367187500000e+01,-2.224459457397460938e+01,5.192964076995849609e+00,-6.635724639892578125e+01,-2.625653457641601562e+01,-7.415903568267822266e+00
9.471271276473999023e+01,-4.244235992431640625e+01,-2.223166847229003906e+01,5.164210319519042969e+00,-6.616064453125000000e+01,-2.625696182250976562e+01,-7.379601001739501953e+00
9.473330140113830566e+01,-4.273902130126953125e+01,-2.222546958923339844e+01,5.121116638183593750e+00,-6.633253479003906250e+01,-2.623031997680664062e+01,-7.340740680694580078e+00
9.475389313697814941e+01,-4.283196258544921875e+01,-2.224552536010742188e+01,5.090360641479492188e+00,-6.638749694824218750e+01,-2.624210548400878906e+01,-7.307942390441894531e+00
9.477381706237792969e+01,-4.240149688720703125e+01,-2.223431587219238281e+01,5.086262702941894531e+00,-6.611189270019531250e+01,-2.629957199096679688e+01,-7.140167236328125000e+00
9.479369831085205078e+01,-4.207907104492187500e+01,-2.225657653808593750e+01,5.026631355285644531e+00,-6.604832458496093750e+01,-2.646761512756347656e+01,-6.853604793548583984e+00
9.481378626823425293e+01,-4.156545257568359375e+01,-2.210472106933593750e+01,4.939908504486083984e+00,-6.571350860595703125e+01,-2.647567749023437500e+01,-6.819555282592773438e+00
9.483472728729248047e+01,-4.136193466186523438e+01,-2.191698837280273438e+01,4.865435123443603516e+00,-6.561276245117187500e+01,-2.637226867675781250e+01,-6.791033744812011719e+00
9.485497975349426270e+01,-4.126863479614257812e+01,-2.169700241088867188e+01,4.788984298706054688e+00,-6.550456237792968750e+01,-2.620124244689941406e+01,-6.741808891296386719e+00
9.487499117851257324e+01,-4.160371398925781250e+01,-2.149712181091308594e+01,4.710918426513671875e+00,-6.568310546875000000e+01,-2.597978401184082031e+01,-6.672474384307861328e+00
9.489518928527832031e+01,-4.161497116088867188e+01,-2.130754470825195312e+01,4.645300865173339844e+00,-6.557069396972656250e+01,-2.577244567871093750e+01,-6.601568698883056641e+00
9.491521859169006348e+01,-4.209103775024414062e+01,-2.110783958435058594e+01,4.570156574249267578e+00,-6.573551940917968750e+01,-2.553871154785156250e+01,-6.524278163909912109e+00
9.493532967567443848e+01,-4.128231811523437500e+01,-2.098494338989257812e+01,4.515952110290527344e+00,-6.484398651123046875e+01,-2.545087623596191406e+01,-6.439657211303710938e+00
9.495553398132324219e+01,-4.003186035156250000e+01,-2.076856231689453125e+01,4.399969577789306641e+00,-6.360839462280273438e+01,-2.526494407653808594e+01,-6.319149017333984375e+00
9.497560477256774902e+01,-4.088111877441406250e+01,-2.045898818969726562e+01,4.271440982818603516e+00,-6.394963073730468750e+01,-2.485252380371093750e+01,-6.199463844299316406e+00
9.499549508094787598e+01,-4.097827148437500000e+01,-2.025622177124023438e+01,4.278119564056396484e+00,-6.361971282958984375e+01,-2.458929824829101562e+01,-6.111265182495117188e+00
9.501566004753112793e+01,-4.082064819335937500e+01,-2.010220718383789062e+01,4.282518863677978516e+00,-6.300950622558593750e+01,-2.439391326904296875e+01,-6.026136875152587891e+00
9.503577947616577148e+01,-4.056814193725585938e+01,-1.993742370605468750e+01,4.269585132598876953e+00,-6.241621780395507812e+01,-2.418013954162597656e+01,-5.927392005920410156e+00
9.505590462684631348e+01,-4.030838775634765625e+01,-1.975339889526367188e+01,4.249899387359619141e+00,-6.184569931030273438e+01,-2.396012687683105469e+01,-5.834903240203857422e+00
9.507597160339355469e+01,-4.006422424316406250e+01,-1.955349159240722656e+01,4.228881359100341797e+00,-6.129999542236328125e+01,-2.373149681091308594e+01,-5.747773647308349609e+00
9.509618568420410156e+01,-3.983281326293945312e+01,-1.933849143981933594e+01,4.208715438842773438e+00,-6.077592086791992188e+01,-2.349005126953125000e+01,-5.661526203155517578e+00
9.511629271507263184e+01,-3.957048797607421875e+01,-1.911538124084472656e+01,4.189545154571533203e+00,-6.023009490966796875e+01,-2.324234008789062500e+01,-5.569044113159179688e+00
9.513636922836303711e+01,-3.710353851318359375e+01,-1.909099006652832031e+01,3.919452428817749023e+00,-5.785244369506835938e+01,-2.320460700988769531e+01,-5.449837207794189453e+00
9.515654802322387695e+01,-3.733712768554687500e+01,-1.870566177368164062e+01,3.813157558441162109e+00,-5.757357406616210938e+01,-2.274152374267578125e+01,-5.251577377319335938e+00
9.517662835121154785e+01,-3.704320526123046875e+01,-1.841062736511230469e+01,3.822168588638305664e+00,-5.694893646240234375e+01,-2.235947036743164062e+01,-5.105834960937500000e+00
9.519675421714782715e+01,-3.635751724243164062e+01,-1.819409179687500000e+01,3.831565856933593750e+00,-5.593247222900390625e+01,-2.209863853454589844e+01,-4.911575794219970703e+00
9.521684098243713379e+01,-3.582205963134765625e+01,-1.789359474182128906e+01,3.831183433532714844e+00,-5.513313674926757812e+01,-2.177330970764160156e+01,-4.718740940093994141e+00
9.523702073097229004e+01,-3.498920822143554688e+01,-1.765051460266113281e+01,3.820676326751708984e+00,-5.408753204345703125e+01,-2.151231002807617188e+01,-4.492940902709960938e+00
9.525716209411621094e+01,-3.416650390625000000e+01,-1.739508438110351562e+01,3.803729772567749023e+00,-5.305111694335937500e+01,-2.123575019836425781e+01,-4.264662742614746094e+00
9.527732300758361816e+01,-3.465614318847656250e+01,-1.709411048889160156e+01,3.792333841323852539e+00,-5.303178405761718750e+01,-2.077713203430175781e+01,-4.023680210113525391e+00
9.529740953445434570e+01,-3.425417327880859375e+01,-1.694713973999023438e+01,3.780651330947875977e+00,-5.230830764770507812e+01,-2.050157546997070312e+01,-3.806402206420898438e+00
9.531744766235351562e+01,-3.225464248657226562e+01,-1.687759971618652344e+01,3.755886554718017578e+00,-5.017846298217773438e+01,-2.048429679870605469e+01,-3.769935607910156250e+00
9.533763813972473145e+01,-3.013612937927246094e+01,-1.659781455993652344e+01,3.716361999511718750e+00,-4.802610015869140625e+01,-2.030784416198730469e+01,-3.757037639617919922e+00
9.537565231323242188e+01,-2.979332923889160156e+01,-1.633002662658691406e+01,3.679842233657836914e+00,-4.734331512451171875e+01,-1.984995460510253906e+01,-3.392902612686157227e+00
9.537739920616149902e+01,-2.749376106262207031e+01,-1.633019256591796875e+01,3.686139106750488281e+00,-4.557786941528320312e+01,-2.017754173278808594e+01,-3.441834688186645508e+00
9.539763021469116211e+01,-3.010961723327636719e+01,-1.581764221191406250e+01,3.683120727539062500e+00,-4.665011215209960938e+01,-1.889824676513671875e+01,-2.817139148712158203e+00
9.541881275177001953e+01,-2.692652320861816406e+01,-1.578110408782958984e+01,3.596948385238647461e+00,-4.355358505249023438e+01,-1.915296745300292969e+01,-2.755448818206787109e+00
9.543895459175109863e+01,-2.765061759948730469e+01,-1.546527290344238281e+01,3.530457973480224609e+00,-4.357734680175781250e+01,-1.849277114868164062e+01,-2.339792490005493164e+00
9.545882582664489746e+01,-2.655497741699218750e+01,-1.542977333068847656e+01,3.491053819656372070e+00,-4.275181961059570312e+01,-1.862852096557617188e+01,-2.373612165451049805e+00
9.547975993156433105e+01,-2.311716651916503906e+01,-1.492663002014160156e+01,3.370302915573120117e+00,-4.137748718261718750e+01,-1.793870353698730469e+01,-2.081538438796997070e+00
9.549972844123840332e+01,-1.992650413513183594e+01,-1.455901908874511719e+01,3.199586153030395508e+00,-3.872545623779296875e+01,-1.764654350280761719e+01,-2.159960031509399414e+00
9.551953029632568359e+01,-1.812393569946289062e+01,-1.411767959594726562e+01,3.075600624084472656e+00,-3.701766967773437500e+01,-1.689140129089355469e+01,-2.261893510818481445e+00
9.553940725326538086e+01,-1.729053115844726562e+01,-1.404435443878173828e+01,3.011339664459228516e+00,-3.619857406616210938e+01,-1.708186531066894531e+01,-2.313282966613769531e+00
9.555946969985961914e+01,-1.429570388793945312e+01,-1.322808456420898438e+01,2.731024265289306641e+00,-3.288968276977539062e+01,-1.605751037597656250e+01,-2.505598783493041992e+00
9.557932710647583008e+01,-1.188945007324218750e+01,-1.260548591613769531e+01,2.425032615661621094e+00,-3.027431678771972656e+01,-1.553208541870117188e+01,-2.742938995361328125e+00
9.559983372688293457e+01,-1.033730030059814453e+01,-1.159564495086669922e+01,2.165329456329345703e+00,-2.848484802246093750e+01,-1.408530235290527344e+01,-2.938347578048706055e+00
9.562004590034484863e+01,-9.402482032775878906e+00,-1.030521011352539062e+01,1.817743420600891113e+00,-2.734545516967773438e+01,-1.224667739868164062e+01,-3.065962314605712891e+00
9.564019942283630371e+01,-8.398501396179199219e+00,-9.189889907836914062e+00,1.518082380294799805e+00,-2.591854667663574219e+01,-1.097476577758789062e+01,-3.177800178527832031e+00
9.566012072563171387e+01,-7.385101318359375000e+00,-8.204073905944824219e+00,1.228745579719543457e+00,-2.445344924926757812e+01,-9.900850296020507812e+00,-3.287787437438964844e+00
9.568028306961059570e+01,-6.402526378631591797e+00,-7.284408092498779297e+00,9.360757470130920410e-01,-2.309078407287597656e+01,-8.897471427917480469e+00,-3.401093721389770508e+00
9.570080780982971191e+01,-5.476046562194824219e+00,-6.375614166259765625e+00,6.380611658096313477e-01,-2.183759117126464844e+01,-7.909002304077148438e+00,-3.514544963836669922e+00
9.572114443778991699e+01,-3.755191087722778320e+00,-5.712588787078857422e+00,4.040870368480682373e-01,-1.983744621276855469e+01,-7.757624626159667969e+00,-3.763922452926635742e+00
9.574119782447814941e+01,-2.574923276901245117e+00,-4.411883354187011719e+00,-1.636433303356170654e-01,-1.797121429443359375e+01,-6.075079917907714844e+00,-4.802623271942138672e+00
9.576133131980895996e+01,-1.847478628158569336e+00,-2.642143249511718750e+00,-4.710224568843841553e-01,-1.703341102600097656e+01,-3.624712228775024414e+00,-4.749423503875732422e+00
9.578138804435729980e+01,1.929290145635604858e-01,-2.228999137878417969e+00,-1.892771959304809570e+00,-1.537868690490722656e+01,-3.772788763046264648e+00,-4.657508373260498047e+00
9.580133271217346191e+01,1.052011847496032715e+00,-5.733282566070556641e-01,-1.115798830986022949e+00,-1.485803031921386719e+01,-1.581535339355468750e+00,-4.731918334960937500e+00
9.582176494598388672e+01,2.497797012329101562e+00,-2.966127395629882812e-01,-1.312035322189331055e+00,-1.394814491271972656e+01,-1.175469517707824707e+00,-4.698167324066162109e+00
9.584182214736938477e+01,3.432491064071655273e+00,4.701092541217803955e-01,-1.111388921737670898e+00,-1.336584186553955078e+01,-1.673785746097564697e-01,-4.661084175109863281e+00
9.586191868782043457e+01,5.088291168212890625e+00,3.432050347328186035e-01,-1.459781527519226074e+00,-1.227782058715820312e+01,-3.527364134788513184e-01,-4.574579715728759766e+00
9.588169741630554199e+01,6.829771995544433594e+00,1.117405533790588379e+00,-1.234670281410217285e+00,-1.166519165039062500e+01,7.048995494842529297e-01,-4.540463447570800781e+00
9.590167069435119629e+01,1.157762241363525391e+01,1.408500313758850098e+00,-1.254355907440185547e+00,-1.081919193267822266e+01,1.181081533432006836e+00,-4.506619930267333984e+00
9.592174434661865234e+01,1.582537841796875000e+01,1.674592733383178711e+00,-1.198288917541503906e+00,-9.763363838195800781e+00,1.510019659996032715e+00,-4.487646102905273438e+00
9.594209885597229004e+01,1.952041435241699219e+01,1.810560464859008789e+00,-1.282921195030212402e+00,-8.014368057250976562e+00,1.454140305519104004e+00,-4.435925006866455078e+00
9.596198654174804688e+01,2.419794845581054688e+01,2.616655826568603516e+00,-7.832179069519042969e-01,-7.317784786224365234e+00,2.752740621566772461e+00,-4.352650165557861328e+00
9.598208069801330566e+01,2.659007835388183594e+01,2.576981306076049805e+00,-1.014598846435546875e+00,-5.234090805053710938e+00,2.309561252593994141e+00,-4.137858867645263672e+00
9.600416374206542969e+01,3.130849456787109375e+01,3.624612569808959961e+00,-5.303379893302917480e-01,-3.966689109802246094e+00,3.933953046798706055e+00,-3.920974493026733398e+00
9.602234673500061035e+01,3.485215759277343750e+01,4.291636943817138672e+00,-4.091435074806213379e-01,-2.385961771011352539e+00,4.782833099365234375e+00,-3.619600534439086914e+00
9.604256606101989746e+01,3.644457626342773438e+01,4.912662982940673828e+00,-3.915081322193145752e-01,1.217607781291007996e-01,5.244174480438232422e+00,-3.140248775482177734e+00
9.606269502639770508e+01,4.075377273559570312e+01,6.137338161468505859e+00,-1.728057265281677246e-01,1.769261002540588379e+00,6.752095699310302734e+00,-2.708313941955566406e+00
9.608358931541442871e+01,4.522458267211914062e+01,7.224705219268798828e+00,-9.362326562404632568e-02,2.821513414382934570e+00,7.844761371612548828e+00,-2.413783073425292969e+00
9.610368037223815918e+01,4.545205307006835938e+01,7.965658664703369141e+00,3.349202871322631836e-01,6.779009342193603516e+00,7.812455654144287109e+00,-1.613139867782592773e+00
9.612387943267822266e+01,4.584096527099609375e+01,8.667807579040527344e+00,6.395710706710815430e-01,7.807577133178710938e+00,8.493787765502929688e+00,-1.090881228446960449e+00
9.614436507225036621e+01,4.820356369018554688e+01,9.801029205322265625e+00,6.998721957206726074e-01,7.436343193054199219e+00,8.291981697082519531e+00,-1.026041626930236816e+00
9.616387844085693359e+01,5.011373901367187500e+01,1.071266841888427734e+01,8.268646001815795898e-01,8.552210807800292969e+00,7.391452312469482422e+00,-8.481749296188354492e-01
9.618435859680175781e+01,4.987789535522460938e+01,1.163454341888427734e+01,7.940938472747802734e-01,1.081708240509033203e+01,6.798929214477539062e+00,-4.741745889186859131e-01
9.620440483093261719e+01,5.109642410278320312e+01,1.221412181854248047e+01,7.757269740104675293e-01,1.096548080444335938e+01,6.114896297454833984e+00,-4.732183218002319336e-01
9.622446513175964355e+01,4.692371368408203125e+01,1.207096481323242188e+01,7.831295132637023926e-01,1.063358020782470703e+01,5.506587028503417969e+00,-4.332060515880584717e-01
9.624467420578002930e+01,5.920679473876953125e+01,1.460665798187255859e+01,1.112445354461669922e+00,1.299729061126708984e+01,5.217608928680419922e+00,-2.122276723384857178e-01
9.626458573341369629e+01,5.695435333251953125e+01,1.467806148529052734e+01,1.213859200477600098e+00,1.233672618865966797e+01,4.723179340362548828e+00,-2.556787431240081787e-01
9.628520774841308594e+01,5.412714385986328125e+01,1.412246990203857422e+01,9.951934814453125000e-01,1.345302486419677734e+01,4.531215190887451172e+00,-2.012289911508560181e-01
9.630517649650573730e+01,5.543506622314453125e+01,1.439073371887207031e+01,8.228640556335449219e-01,1.599748325347900391e+01,4.887917041778564453e+00,-1.157264187932014465e-01
9.632572460174560547e+01,5.503145599365234375e+01,1.424814701080322266e+01,7.323382496833801270e-01,1.332785701751708984e+01,4.236255645751953125e+00,-2.499599456787109375e-01
9.634594225883483887e+01,5.420952224731445312e+01,1.401508522033691406e+01,7.494946718215942383e-01,1.683620452880859375e+01,4.650605678558349609e+00,-3.114072680473327637e-01
9.636600089073181152e+01,6.100700378417968750e+01,1.555394458770751953e+01,1.295511722564697266e+00,1.802121162414550781e+01,4.791812419891357422e+00,-3.898409008979797363e-01
9.638602113723754883e+01,6.792835235595703125e+01,1.683976173400878906e+01,-1.887390017509460449e+00,4.547936248779296875e+01,7.825998306274414062e+00,3.626491725444793701e-01
9.640621805191040039e+01,0.000000000000000000e+00,0.000000000000000000e+00,0.000000000000000000e+00,0.000000000000000000e+00,0.000000000000000000e+00,0.000000000000000000e+00
9.642629146575927734e+01,0.000000000000000000e+00,0.000000000000000000e+00,0.000000000000000000e+00,0.000000000000000000e+00,0.000000000000000000e+00,0.000000000000000000e+00
9.644639325141906738e+01,0.000000000000000000e+00,0.000000000000000000e+00,0.000000000000000000e+00,0.000000000000000000e+00,0.000000000000000000e+00,0.000000000000000000e+00
9.646643519401550293e+01,0.000000000000000000e+00,0.000000000000000000e+00,0.000000000000000000e+00,0.000000000000000000e+00,0.000000000000000000e+00,0.000000000000000000e+00
9.648656177520751953e+01,0.000000000000000000e+00,0.000000000000000000e+00,0.000000000000000000e+00,0.000000000000000000e+00,0.000000000000000000e+00,0.000000000000000000e+00
9.650670790672302246e+01,0.000000000000000000e+00,0.000000000000000000e+00,0.000000000000000000e+00,0.000000000000000000e+00,0.000000000000000000e+00,0.000000000000000000e+00
9.652685189247131348e+01,0.000000000000000000e+00,0.000000000000000000e+00,0.000000000000000000e+00,0.000000000000000000e+00,0.000000000000000000e+00,0.000000000000000000e+00
9.654695296287536621e+01,0.000000000000000000e+00,0.000000000000000000e+00,0.000000000000000000e+00,0.000000000000000000e+00,0.000000000000000000e+00,0.000000000000000000e+00
9.656715655326843262e+01,0.000000000000000000e+00,0.000000000000000000e+00,0.000000000000000000e+00,0.000000000000000000e+00,0.000000000000000000e+00,0.000000000000000000e+00
9.658717226982116699e+01,0.000000000000000000e+00,0.000000000000000000e+00,0.000000000000000000e+00,0.000000000000000000e+00,0.000000000000000000e+00,0.000000000000000000e+00
9.660731434822082520e+01,0.000000000000000000e+00,0.000000000000000000e+00,0.000000000000000000e+00,0.000000000000000000e+00,0.000000000000000000e+00,0.000000000000000000e+00
9.662745046615600586e+01,0.000000000000000000e+00,0.000000000000000000e+00,0.000000000000000000e+00,0.000000000000000000e+00,0.000000000000000000e+00,0.000000000000000000e+00
9.664748930931091309e+01,0.000000000000000000e+00,0.000000000000000000e+00,0.000000000000000000e+00,0.000000000000000000e+00,0.000000000000000000e+00,0.000000000000000000e+00
9.666872167587280273e+01,0.000000000000000000e+00,0.000000000000000000e+00,0.000000000000000000e+00,0.000000000000000000e+00,0.000000000000000000e+00,0.000000000000000000e+00
9.668773555755615234e+01,0.000000000000000000e+00,0.000000000000000000e+00,0.000000000000000000e+00,0.000000000000000000e+00,0.000000000000000000e+00,0.000000000000000000e+00
9.670782780647277832e+01,0.000000000000000000e+00,0.000000000000000000e+00,0.000000000000000000e+00,0.000000000000000000e+00,0.000000000000000000e+00,0.000000000000000000e+00
9.672885251045227051e+01,0.000000000000000000e+00,0.000000000000000000e+00,0.000000000000000000e+00,0.000000000000000000e+00,0.000000000000000000e+00,0.000000000000000000e+00
9.674879908561706543e+01,0.000000000000000000e+00,0.000000000000000000e+00,0.000000000000000000e+00,0.000000000000000000e+00,0.000000000000000000e+00,0.000000000000000000e+00
9.677178835868835449e+01,0.000000000000000000e+00,0.000000000000000000e+00,0.000000000000000000e+00,0.000000000000000000e+00,0.000000000000000000e+00,0.000000000000000000e+00
9.678906488418579102e+01,0.000000000000000000e+00,0.000000000000000000e+00,0.000000000000000000e+00,0.000000000000000000e+00,0.000000000000000000e+00,0.000000000000000000e+00
9.680958795547485352e+01,0.000000000000000000e+00,0.000000000000000000e+00,0.000000000000000000e+00,0.000000000000000000e+00,0.000000000000000000e+00,0.000000000000000000e+00
9.682929944992065430e+01,0.000000000000000000e+00,0.000000000000000000e+00,0.000000000000000000e+00,0.000000000000000000e+00,0.000000000000000000e+00,0.000000000000000000e+00
9.684960031509399414e+01,0.000000000000000000e+00,0.000000000000000000e+00,0.000000000000000000e+00,0.000000000000000000e+00,0.000000000000000000e+00,0.000000000000000000e+00
9.686972904205322266e+01,0.000000000000000000e+00,0.000000000000000000e+00,0.000000000000000000e+00,0.000000000000000000e+00,0.000000000000000000e+00,0.000000000000000000e+00
9.688964438438415527e+01,0.000000000000000000e+00,0.000000000000000000e+00,0.000000000000000000e+00,0.000000000000000000e+00,0.000000000000000000e+00,0.000000000000000000e+00
9.691000795364379883e+01,0.000000000000000000e+00,0.000000000000000000e+00,0.000000000000000000e+00,0.000000000000000000e+00,0.000000000000000000e+00,0.000000000000000000e+00
9.693008446693420410e+01,0.000000000000000000e+00,0.000000000000000000e+00,0.000000000000000000e+00,0.000000000000000000e+00,0.000000000000000000e+00,0.000000000000000000e+00
9.694992017745971680e+01,0.000000000000000000e+00,0.000000000000000000e+00,0.000000000000000000e+00,0.000000000000000000e+00,0.000000000000000000e+00,0.000000000000000000e+00
9.697015404701232910e+01,0.000000000000000000e+00,0.000000000000000000e+00,0.000000000000000000e+00,0.000000000000000000e+00,0.000000000000000000e+00,0.000000000000000000e+00
9.699062895774841309e+01,0.000000000000000000e+00,0.000000000000000000e+00,0.000000000000000000e+00,0.000000000000000000e+00,0.000000000000000000e+00,0.000000000000000000e+00
9.700974106788635254e+01,0.000000000000000000e+00,0.000000000000000000e+00,0.000000000000000000e+00,0.000000000000000000e+00,0.000000000000000000e+00,0.000000000000000000e+00
9.703015708923339844e+01,0.000000000000000000e+00,0.000000000000000000e+00,0.000000000000000000e+00,0.000000000000000000e+00,0.000000000000000000e+00,0.000000000000000000e+00
9.705039834976196289e+01,0.000000000000000000e+00,0.000000000000000000e+00,0.000000000000000000e+00,0.000000000000000000e+00,0.000000000000000000e+00,0.000000000000000000e+00
9.707047677040100098e+01,0.000000000000000000e+00,0.000000000000000000e+00,0.000000000000000000e+00,0.000000000000000000e+00,0.000000000000000000e+00,0.000000000000000000e+00
9.709056973457336426e+01,0.000000000000000000e+00,0.000000000000000000e+00,0.000000000000000000e+00,0.000000000000000000e+00,0.000000000000000000e+00,0.000000000000000000e+00
9.711069583892822266e+01,0.000000000000000000e+00,0.000000000000000000e+00,0.000000000000000000e+00,0.000000000000000000e+00,0.000000000000000000e+00,0.000000000000000000e+00
9.713080167770385742e+01,0.000000000000000000e+00,0.000000000000000000e+00,0.000000000000000000e+00,0.000000000000000000e+00,0.000000000000000000e+00,0.000000000000000000e+00
9.715095400810241699e+01,0.000000000000000000e+00,0.000000000000000000e+00,0.000000000000000000e+00,0.000000000000000000e+00,0.000000000000000000e+00,0.000000000000000000e+00
9.717100024223327637e+01,0.000000000000000000e+00,0.000000000000000000e+00,0.000000000000000000e+00,0.000000000000000000e+00,0.000000000000000000e+00,0.000000000000000000e+00
9.719140052795410156e+01,0.000000000000000000e+00,0.000000000000000000e+00,0.000000000000000000e+00,0.000000000000000000e+00,0.000000000000000000e+00,0.000000000000000000e+00
9.721146941184997559e+01,0.000000000000000000e+00,0.000000000000000000e+00,0.000000000000000000e+00,0.000000000000000000e+00,0.000000000000000000e+00,0.000000000000000000e+00
9.723130679130554199e+01,0.000000000000000000e+00,0.000000000000000000e+00,0.000000000000000000e+00,0.000000000000000000e+00,0.000000000000000000e+00,0.000000000000000000e+00
9.725144839286804199e+01,0.000000000000000000e+00,0.000000000000000000e+00,0.000000000000000000e+00,0.000000000000000000e+00,0.000000000000000000e+00,0.000000000000000000e+00
9.727155423164367676e+01,0.000000000000000000e+00,0.000000000000000000e+00,0.000000000000000000e+00,0.000000000000000000e+00,0.000000000000000000e+00,0.000000000000000000e+00
9.729169487953186035e+01,0.000000000000000000e+00,0.000000000000000000e+00,0.000000000000000000e+00,0.000000000000000000e+00,0.000000000000000000e+00,0.000000000000000000e+00
9.731183481216430664e+01,0.000000000000000000e+00,0.000000000000000000e+00,0.000000000000000000e+00,0.000000000000000000e+00,0.000000000000000000e+00,0.000000000000000000e+00
9.733191490173339844e+01,0.000000000000000000e+00,0.000000000000000000e+00,0.000000000000000000e+00,0.000000000000000000e+00,0.000000000000000000e+00,0.000000000000000000e+00
9.735210227966308594e+01,0.000000000000000000e+00,0.000000000000000000e+00,0.000000000000000000e+00,0.000000000000000000e+00,0.000000000000000000e+00,0.000000000000000000e+00
9.737219643592834473e+01,0.000000000000000000e+00,0.000000000000000000e+00,0.000000000000000000e+00,0.000000000000000000e+00,0.000000000000000000e+00,0.000000000000000000e+00
9.739226531982421875e+01,0.000000000000000000e+00,0.000000000000000000e+00,0.000000000000000000e+00,0.000000000000000000e+00,0.000000000000000000e+00,0.000000000000000000e+00
9.741240191459655762e+01,0.000000000000000000e+00,0.000000000000000000e+00,0.000000000000000000e+00,0.000000000000000000e+00,0.000000000000000000e+00,0.000000000000000000e+00
9.743242835998535156e+01,0.000000000000000000e+00,0.000000000000000000e+00,0.000000000000000000e+00,0.000000000000000000e+00,0.000000000000000000e+00,0.000000000000000000e+00
9.745254349708557129e+01,0.000000000000000000e+00,0.000000000000000000e+00,0.000000000000000000e+00,0.000000000000000000e+00,0.000000000000000000e+00,0.000000000000000000e+00
9.747267007827758789e+01,0.000000000000000000e+00,0.000000000000000000e+00,0.000000000000000000e+00,0.000000000000000000e+00,0.000000000000000000e+00,0.000000000000000000e+00
9.749356842041015625e+01,0.000000000000000000e+00,0.000000000000000000e+00,0.000000000000000000e+00,0.000000000000000000e+00,0.000000000000000000e+00,0.000000000000000000e+00
9.751383543014526367e+01,0.000000000000000000e+00,0.000000000000000000e+00,0.000000000000000000e+00,0.000000000000000000e+00,0.000000000000000000e+00,0.000000000000000000e+00
9.753355860710144043e+01,0.000000000000000000e+00,0.000000000000000000e+00,0.000000000000000000e+00,0.000000000000000000e+00,0.000000000000000000e+00,0.000000000000000000e+00
9.755390834808349609e+01,0.000000000000000000e+00,0.000000000000000000e+00,0.000000000000000000e+00,0.000000000000000000e+00,0.000000000000000000e+00,0.000000000000000000e+00
9.757461047172546387e+01,0.000000000000000000e+00,0.000000000000000000e+00,0.000000000000000000e+00,0.000000000000000000e+00,0.000000000000000000e+00,0.000000000000000000e+00
9.759485912322998047e+01,0.000000000000000000e+00,0.000000000000000000e+00,0.000000000000000000e+00,0.000000000000000000e+00,0.000000000000000000e+00,0.000000000000000000e+00
9.761468434333801270e+01,0.000000000000000000e+00,0.000000000000000000e+00,0.000000000000000000e+00,0.000000000000000000e+00,0.000000000000000000e+00,0.000000000000000000e+00
9.763484311103820801e+01,0.000000000000000000e+00,0.000000000000000000e+00,0.000000000000000000e+00,0.000000000000000000e+00,0.000000000000000000e+00,0.000000000000000000e+00
9.765460443496704102e+01,0.000000000000000000e+00,0.000000000000000000e+00,0.000000000000000000e+00,0.000000000000000000e+00,0.000000000000000000e+00,0.000000000000000000e+00
9.767474603652954102e+01,0.000000000000000000e+00,0.000000000000000000e+00,0.000000000000000000e+00,0.000000000000000000e+00,0.000000000000000000e+00,0.000000000000000000e+00
9.769492125511169434e+01,0.000000000000000000e+00,0.000000000000000000e+00,0.000000000000000000e+00,0.000000000000000000e+00,0.000000000000000000e+00,0.000000000000000000e+00
9.771535420417785645e+01,0.000000000000000000e+00,0.000000000000000000e+00,0.000000000000000000e+00,0.000000000000000000e+00,0.000000000000000000e+00,0.000000000000000000e+00
9.773519110679626465e+01,0.000000000000000000e+00,0.000000000000000000e+00,0.000000000000000000e+00,0.000000000000000000e+00,0.000000000000000000e+00,0.000000000000000000e+00
9.775589776039123535e+01,0.000000000000000000e+00,0.000000000000000000e+00,0.000000000000000000e+00,0.000000000000000000e+00,0.000000000000000000e+00,0.000000000000000000e+00
9.777534580230712891e+01,0.000000000000000000e+00,0.000000000000000000e+00,0.000000000000000000e+00,0.000000000000000000e+00,0.000000000000000000e+00,0.000000000000000000e+00
9.779554843902587891e+01,0.000000000000000000e+00,0.000000000000000000e+00,0.000000000000000000e+00,0.000000000000000000e+00,0.000000000000000000e+00,0.000000000000000000e+00
9.781620955467224121e+01,0.000000000000000000e+00,0.000000000000000000e+00,0.000000000000000000e+00,0.000000000000000000e+00,0.000000000000000000e+00,0.000000000000000000e+00
9.783629584312438965e+01,0.000000000000000000e+00,0.000000000000000000e+00,0.000000000000000000e+00,0.000000000000000000e+00,0.000000000000000000e+00,0.000000000000000000e+00
9.785640454292297363e+01,0.000000000000000000e+00,0.000000000000000000e+00,0.000000000000000000e+00,0.000000000000000000e+00,0.000000000000000000e+00,0.000000000000000000e+00
9.787645983695983887e+01,0.000000000000000000e+00,0.000000000000000000e+00,0.000000000000000000e+00,0.000000000000000000e+00,0.000000000000000000e+00,0.000000000000000000e+00
9.789665794372558594e+01,0.000000000000000000e+00,0.000000000000000000e+00,0.000000000000000000e+00,0.000000000000000000e+00,0.000000000000000000e+00,0.000000000000000000e+00
9.791672372817993164e+01,0.000000000000000000e+00,0.000000000000000000e+00,0.000000000000000000e+00,0.000000000000000000e+00,0.000000000000000000e+00,0.000000000000000000e+00
9.793684697151184082e+01,0.000000000000000000e+00,0.000000000000000000e+00,0.000000000000000000e+00,0.000000000000000000e+00,0.000000000000000000e+00,0.000000000000000000e+00
9.795697379112243652e+01,0.000000000000000000e+00,0.000000000000000000e+00,0.000000000000000000e+00,0.000000000000000000e+00,0.000000000000000000e+00,0.000000000000000000e+00
9.797705483436584473e+01,0.000000000000000000e+00,0.000000000000000000e+00,0.000000000000000000e+00,0.000000000000000000e+00,0.000000000000000000e+00,0.000000000000000000e+00
9.799710416793823242e+01,0.000000000000000000e+00,0.000000000000000000e+00,0.000000000000000000e+00,0.000000000000000000e+00,0.000000000000000000e+00,0.000000000000000000e+00
9.801743674278259277e+01,0.000000000000000000e+00,0.000000000000000000e+00,0.000000000000000000e+00,0.000000000000000000e+00,0.000000000000000000e+00,0.000000000000000000e+00
9.803748464584350586e+01,0.000000000000000000e+00,0.000000000000000000e+00,0.000000000000000000e+00,0.000000000000000000e+00,0.000000000000000000e+00,0.000000000000000000e+00
9.805753183364868164e+01,0.000000000000000000e+00,0.000000000000000000e+00,0.000000000000000000e+00,0.000000000000000000e+00,0.000000000000000000e+00,0.000000000000000000e+00
9.807772517204284668e+01,0.000000000000000000e+00,0.000000000000000000e+00,0.000000000000000000e+00,0.000000000000000000e+00,0.000000000000000000e+00,0.000000000000000000e+00
9.809785556793212891e+01,0.000000000000000000e+00,0.000000000000000000e+00,0.000000000000000000e+00,0.000000000000000000e+00,0.000000000000000000e+00,0.000000000000000000e+00
9.815174603462219238e+01,0.000000000000000000e+00,0.000000000000000000e+00,0.000000000000000000e+00,0.000000000000000000e+00,0.000000000000000000e+00,0.000000000000000000e+00
9.815484213829040527e+01,0.000000000000000000e+00,0.000000000000000000e+00,0.000000000000000000e+00,0.000000000000000000e+00,0.000000000000000000e+00,0.000000000000000000e+00
9.817505979537963867e+01,0.000000000000000000e+00,0.000000000000000000e+00,0.000000000000000000e+00,0.000000000000000000e+00,0.000000000000000000e+00,0.000000000000000000e+00
9.819489336013793945e+01,0.000000000000000000e+00,0.000000000000000000e+00,0.000000000000000000e+00,0.000000000000000000e+00,0.000000000000000000e+00,0.000000000000000000e+00
9.821493458747863770e+01,0.000000000000000000e+00,0.000000000000000000e+00,0.000000000000000000e+00,0.000000000000000000e+00,0.000000000000000000e+00,0.000000000000000000e+00
9.823523020744323730e+01,0.000000000000000000e+00,0.000000000000000000e+00,0.000000000000000000e+00,0.000000000000000000e+00,0.000000000000000000e+00,0.000000000000000000e+00
9.825537729263305664e+01,0.000000000000000000e+00,0.000000000000000000e+00,0.000000000000000000e+00,0.000000000000000000e+00,0.000000000000000000e+00,0.000000000000000000e+00
9.827564835548400879e+01,0.000000000000000000e+00,0.000000000000000000e+00,0.000000000000000000e+00,0.000000000000000000e+00,0.000000000000000000e+00,0.000000000000000000e+00
9.829567193984985352e+01,0.000000000000000000e+00,0.000000000000000000e+00,0.000000000000000000e+00,0.000000000000000000e+00,0.000000000000000000e+00,0.000000000000000000e+00
9.831580996513366699e+01,0.000000000000000000e+00,0.000000000000000000e+00,0.000000000000000000e+00,0.000000000000000000e+00,0.000000000000000000e+00,0.000000000000000000e+00
9.833599734306335449e+01,0.000000000000000000e+00,0.000000000000000000e+00,0.000000000000000000e+00,0.000000000000000000e+00,0.000000000000000000e+00,0.000000000000000000e+00
9.835594820976257324e+01,0.000000000000000000e+00,0.000000000000000000e+00,0.000000000000000000e+00,0.000000000000000000e+00,0.000000000000000000e+00,0.000000000000000000e+00
9.837614870071411133e+01,0.000000000000000000e+00,0.000000000000000000e+00,0.000000000000000000e+00,0.000000000000000000e+00,0.000000000000000000e+00,0.000000000000000000e+00
9.839626979827880859e+01,0.000000000000000000e+00,0.000000000000000000e+00,0.000000000000000000e+00,0.000000000000000000e+00,0.000000000000000000e+00,0.000000000000000000e+00
9.841633319854736328e+01,0.000000000000000000e+00,0.000000000000000000e+00,0.000000000000000000e+00,0.000000000000000000e+00,0.000000000000000000e+00,0.000000000000000000e+00
9.843644952774047852e+01,0.000000000000000000e+00,0.000000000000000000e+00,0.000000000000000000e+00,0.000000000000000000e+00,0.000000000000000000e+00,0.000000000000000000e+00
9.845653796195983887e+01,0.000000000000000000e+00,0.000000000000000000e+00,0.000000000000000000e+00,0.000000000000000000e+00,0.000000000000000000e+00,0.000000000000000000e+00
9.847653841972351074e+01,0.000000000000000000e+00,0.000000000000000000e+00,0.000000000000000000e+00,0.000000000000000000e+00,0.000000000000000000e+00,0.000000000000000000e+00
9.849669098854064941e+01,0.000000000000000000e+00,0.000000000000000000e+00,0.000000000000000000e+00,0.000000000000000000e+00,0.000000000000000000e+00,0.000000000000000000e+00
9.851673531532287598e+01,0.000000000000000000e+00,0.000000000000000000e+00,0.000000000000000000e+00,0.000000000000000000e+00,0.000000000000000000e+00,0.000000000000000000e+00
9.853689503669738770e+01,0.000000000000000000e+00,0.000000000000000000e+00,0.000000000000000000e+00,0.000000000000000000e+00,0.000000000000000000e+00,0.000000000000000000e+00
9.855709362030029297e+01,0.000000000000000000e+00,0.000000000000000000e+00,0.000000000000000000e+00,0.000000000000000000e+00,0.000000000000000000e+00,0.000000000000000000e+00
9.857715010643005371e+01,0.000000000000000000e+00,0.000000000000000000e+00,0.000000000000000000e+00,0.000000000000000000e+00,0.000000000000000000e+00,0.000000000000000000e+00
9.859723877906799316e+01,0.000000000000000000e+00,0.000000000000000000e+00,0.000000000000000000e+00,0.000000000000000000e+00,0.000000000000000000e+00,0.000000000000000000e+00
9.861742377281188965e+01,0.000000000000000000e+00,0.000000000000000000e+00,0.000000000000000000e+00,0.000000000000000000e+00,0.000000000000000000e+00,0.000000000000000000e+00
9.863753128051757812e+01,0.000000000000000000e+00,0.000000000000000000e+00,0.000000000000000000e+00,0.000000000000000000e+00,0.000000000000000000e+00,0.000000000000000000e+00
9.865770411491394043e+01,0.000000000000000000e+00,0.000000000000000000e+00,0.000000000000000000e+00,0.000000000000000000e+00,0.000000000000000000e+00,0.000000000000000000e+00
9.867872357368469238e+01,0.000000000000000000e+00,0.000000000000000000e+00,0.000000000000000000e+00,0.000000000000000000e+00,0.000000000000000000e+00,0.000000000000000000e+00
9.869872713088989258e+01,0.000000000000000000e+00,0.000000000000000000e+00,0.000000000000000000e+00,0.000000000000000000e+00,0.000000000000000000e+00,0.000000000000000000e+00
9.871902918815612793e+01,0.000000000000000000e+00,0.000000000000000000e+00,0.000000000000000000e+00,0.000000000000000000e+00,0.000000000000000000e+00,0.000000000000000000e+00
9.873947548866271973e+01,0.000000000000000000e+00,0.000000000000000000e+00,0.000000000000000000e+00,0.000000000000000000e+00,0.000000000000000000e+00,0.000000000000000000e+00
9.875936579704284668e+01,0.000000000000000000e+00,0.000000000000000000e+00,0.000000000000000000e+00,0.000000000000000000e+00,0.000000000000000000e+00,0.000000000000000000e+00
9.877946662902832031e+01,0.000000000000000000e+00,0.000000000000000000e+00,0.000000000000000000e+00,0.000000000000000000e+00,0.000000000000000000e+00,0.000000000000000000e+00
9.879974627494812012e+01,0.000000000000000000e+00,0.000000000000000000e+00,0.000000000000000000e+00,0.000000000000000000e+00,0.000000000000000000e+00,0.000000000000000000e+00
9.881981158256530762e+01,0.000000000000000000e+00,0.000000000000000000e+00,0.000000000000000000e+00,0.000000000000000000e+00,0.000000000000000000e+00,0.000000000000000000e+00
9.883978843688964844e+01,0.000000000000000000e+00,0.000000000000000000e+00,0.000000000000000000e+00,0.000000000000000000e+00,0.000000000000000000e+00,0.000000000000000000e+00
9.886024522781372070e+01,0.000000000000000000e+00,0.000000000000000000e+00,0.000000000000000000e+00,0.000000000000000000e+00,0.000000000000000000e+00,0.000000000000000000e+00
9.888031768798828125e+01,0.000000000000000000e+00,0.000000000000000000e+00,0.000000000000000000e+00,0.000000000000000000e+00,0.000000000000000000e+00,0.000000000000000000e+00
9.890074419975280762e+01,0.000000000000000000e+00,0.000000000000000000e+00,0.000000000000000000e+00,0.000000000000000000e+00,0.000000000000000000e+00,0.000000000000000000e+00
9.892086577415466309e+01,0.000000000000000000e+00,0.000000000000000000e+00,0.000000000000000000e+00,0.000000000000000000e+00,0.000000000000000000e+00,0.000000000000000000e+00
9.894103860855102539e+01,0.000000000000000000e+00,0.000000000000000000e+00,0.000000000000000000e+00,0.000000000000000000e+00,0.000000000000000000e+00,0.000000000000000000e+00
9.896106195449829102e+01,0.000000000000000000e+00,0.000000000000000000e+00,0.000000000000000000e+00,0.000000000000000000e+00,0.000000000000000000e+00,0.000000000000000000e+00
9.898111152648925781e+01,0.000000000000000000e+00,0.000000000000000000e+00,0.000000000000000000e+00,0.000000000000000000e+00,0.000000000000000000e+00,0.000000000000000000e+00
9.900119090080261230e+01,0.000000000000000000e+00,0.000000000000000000e+00,0.000000000000000000e+00,0.000000000000000000e+00,0.000000000000000000e+00,0.000000000000000000e+00
9.902125954627990723e+01,0.000000000000000000e+00,0.000000000000000000e+00,0.000000000000000000e+00,0.000000000000000000e+00,0.000000000000000000e+00,0.000000000000000000e+00
9.904150724411010742e+01,0.000000000000000000e+00,0.000000000000000000e+00,0.000000000000000000e+00,0.000000000000000000e+00,0.000000000000000000e+00,0.000000000000000000e+00
9.906150960922241211e+01,0.000000000000000000e+00,0.000000000000000000e+00,0.000000000000000000e+00,0.000000000000000000e+00,0.000000000000000000e+00,0.000000000000000000e+00
9.908168411254882812e+01,0.000000000000000000e+00,0.000000000000000000e+00,0.000000000000000000e+00,0.000000000000000000e+00,0.000000000000000000e+00,0.000000000000000000e+00
9.910189890861511230e+01,0.000000000000000000e+00,0.000000000000000000e+00,0.000000000000000000e+00,0.000000000000000000e+00,0.000000000000000000e+00,0.000000000000000000e+00
9.912204790115356445e+01,0.000000000000000000e+00,0.000000000000000000e+00,0.000000000000000000e+00,0.000000000000000000e+00,0.000000000000000000e+00,0.000000000000000000e+00
9.914211440086364746e+01,0.000000000000000000e+00,0.000000000000000000e+00,0.000000000000000000e+00,0.000000000000000000e+00,0.000000000000000000e+00,0.000000000000000000e+00
9.916219425201416016e+01,0.000000000000000000e+00,0.000000000000000000e+00,0.000000000000000000e+00,0.000000000000000000e+00,0.000000000000000000e+00,0.000000000000000000e+00
9.918248057365417480e+01,0.000000000000000000e+00,0.000000000000000000e+00,0.000000000000000000e+00,0.000000000000000000e+00,0.000000000000000000e+00,0.000000000000000000e+00
9.920240473747253418e+01,0.000000000000000000e+00,0.000000000000000000e+00,0.000000000000000000e+00,0.000000000000000000e+00,0.000000000000000000e+00,0.000000000000000000e+00
9.922203373908996582e+01,0.000000000000000000e+00,0.000000000000000000e+00,0.000000000000000000e+00,0.000000000000000000e+00,0.000000000000000000e+00,0.000000000000000000e+00
9.924211740493774414e+01,0.000000000000000000e+00,0.000000000000000000e+00,0.000000000000000000e+00,0.000000000000000000e+00,0.000000000000000000e+00,0.000000000000000000e+00
9.926224756240844727e+01,0.000000000000000000e+00,0.000000000000000000e+00,0.000000000000000000e+00,0.000000000000000000e+00,0.000000000000000000e+00,0.000000000000000000e+00
9.928240394592285156e+01,0.000000000000000000e+00,0.000000000000000000e+00,0.000000000000000000e+00,0.000000000000000000e+00,0.000000000000000000e+00,0.000000000000000000e+00
9.930242419242858887e+01,0.000000000000000000e+00,0.000000000000000000e+00,0.000000000000000000e+00,0.000000000000000000e+00,0.000000000000000000e+00,0.000000000000000000e+00
9.932258582115173340e+01,0.000000000000000000e+00,0.000000000000000000e+00,0.000000000000000000e+00,0.000000000000000000e+00,0.000000000000000000e+00,0.000000000000000000e+00
9.934273457527160645e+01,0.000000000000000000e+00,0.000000000000000000e+00,0.000000000000000000e+00,0.000000000000000000e+00,0.000000000000000000e+00,0.000000000000000000e+00
9.936383032798767090e+01,0.000000000000000000e+00,0.000000000000000000e+00,0.000000000000000000e+00,0.000000000000000000e+00,0.000000000000000000e+00,0.000000000000000000e+00
9.938371729850769043e+01,0.000000000000000000e+00,0.000000000000000000e+00,0.000000000000000000e+00,0.000000000000000000e+00,0.000000000000000000e+00,0.000000000000000000e+00
9.940370845794677734e+01,0.000000000000000000e+00,0.000000000000000000e+00,0.000000000000000000e+00,0.000000000000000000e+00,0.000000000000000000e+00,0.000000000000000000e+00
9.942386007308959961e+01,0.000000000000000000e+00,0.000000000000000000e+00,0.000000000000000000e+00,0.000000000000000000e+00,0.000000000000000000e+00,0.000000000000000000e+00
9.944472765922546387e+01,0.000000000000000000e+00,0.000000000000000000e+00,0.000000000000000000e+00,0.000000000000000000e+00,0.000000000000000000e+00,0.000000000000000000e+00
9.946434926986694336e+01,0.000000000000000000e+00,0.000000000000000000e+00,0.000000000000000000e+00,0.000000000000000000e+00,0.000000000000000000e+00,0.000000000000000000e+00
9.948406314849853516e+01,0.000000000000000000e+00,0.000000000000000000e+00,0.000000000000000000e+00,0.000000000000000000e+00,0.000000000000000000e+00,0.000000000000000000e+00
9.950425791740417480e+01,0.000000000000000000e+00,0.000000000000000000e+00,0.000000000000000000e+00,0.000000000000000000e+00,0.000000000000000000e+00,0.000000000000000000e+00
9.952470493316650391e+01,0.000000000000000000e+00,0.000000000000000000e+00,0.000000000000000000e+00,0.000000000000000000e+00,0.000000000000000000e+00,0.000000000000000000e+00
9.954460382461547852e+01,0.000000000000000000e+00,0.000000000000000000e+00,0.000000000000000000e+00,0.000000000000000000e+00,0.000000000000000000e+00,0.000000000000000000e+00
9.956449437141418457e+01,0.000000000000000000e+00,0.000000000000000000e+00,0.000000000000000000e+00,0.000000000000000000e+00,0.000000000000000000e+00,0.000000000000000000e+00
9.958493208885192871e+01,0.000000000000000000e+00,0.000000000000000000e+00,0.000000000000000000e+00,0.000000000000000000e+00,0.000000000000000000e+00,0.000000000000000000e+00
9.960517835617065430e+01,0.000000000000000000e+00,0.000000000000000000e+00,0.000000000000000000e+00,0.000000000000000000e+00,0.000000000000000000e+00,0.000000000000000000e+00
9.962518763542175293e+01,0.000000000000000000e+00,0.000000000000000000e+00,0.000000000000000000e+00,0.000000000000000000e+00,0.000000000000000000e+00,0.000000000000000000e+00
9.964528131484985352e+01,0.000000000000000000e+00,0.000000000000000000e+00,0.000000000000000000e+00,0.000000000000000000e+00,0.000000000000000000e+00,0.000000000000000000e+00
9.966557192802429199e+01,0.000000000000000000e+00,0.000000000000000000e+00,0.000000000000000000e+00,0.000000000000000000e+00,0.000000000000000000e+00,0.000000000000000000e+00
9.968558096885681152e+01,0.000000000000000000e+00,0.000000000000000000e+00,0.000000000000000000e+00,0.000000000000000000e+00,0.000000000000000000e+00,0.000000000000000000e+00
9.970563411712646484e+01,0.000000000000000000e+00,0.000000000000000000e+00,0.000000000000000000e+00,0.000000000000000000e+00,0.000000000000000000e+00,0.000000000000000000e+00
9.972576856613159180e+01,0.000000000000000000e+00,0.000000000000000000e+00,0.000000000000000000e+00,0.000000000000000000e+00,0.000000000000000000e+00,0.000000000000000000e+00
9.974604225158691406e+01,0.000000000000000000e+00,0.000000000000000000e+00,0.000000000000000000e+00,0.000000000000000000e+00,0.000000000000000000e+00,0.000000000000000000e+00
9.976604962348937988e+01,0.000000000000000000e+00,0.000000000000000000e+00,0.000000000000000000e+00,0.000000000000000000e+00,0.000000000000000000e+00,0.000000000000000000e+00
9.978614330291748047e+01,0.000000000000000000e+00,0.000000000000000000e+00,0.000000000000000000e+00,0.000000000000000000e+00,0.000000000000000000e+00,0.000000000000000000e+00
9.980633282661437988e+01,0.000000000000000000e+00,0.000000000000000000e+00,0.000000000000000000e+00,0.000000000000000000e+00,0.000000000000000000e+00,0.000000000000000000e+00
9.982641005516052246e+01,0.000000000000000000e+00,0.000000000000000000e+00,0.000000000000000000e+00,0.000000000000000000e+00,0.000000000000000000e+00,0.000000000000000000e+00
9.984655666351318359e+01,0.000000000000000000e+00,0.000000000000000000e+00,0.000000000000000000e+00,0.000000000000000000e+00,0.000000000000000000e+00,0.000000000000000000e+00
9.986663794517517090e+01,0.000000000000000000e+00,0.000000000000000000e+00,0.000000000000000000e+00,0.000000000000000000e+00,0.000000000000000000e+00,0.000000000000000000e+00
9.988682222366333008e+01,0.000000000000000000e+00,0.000000000000000000e+00,0.000000000000000000e+00,0.000000000000000000e+00,0.000000000000000000e+00,0.000000000000000000e+00
9.990691018104553223e+01,0.000000000000000000e+00,0.000000000000000000e+00,0.000000000000000000e+00,0.000000000000000000e+00,0.000000000000000000e+00,0.000000000000000000e+00
9.992697811126708984e+01,0.000000000000000000e+00,0.000000000000000000e+00,0.000000000000000000e+00,0.000000000000000000e+00,0.000000000000000000e+00,0.000000000000000000e+00
9.994707965850830078e+01,0.000000000000000000e+00,0.000000000000000000e+00,0.000000000000000000e+00,0.000000000000000000e+00,0.000000000000000000e+00,0.000000000000000000e+00
9.996720027923583984e+01,0.000000000000000000e+00,0.000000000000000000e+00,0.000000000000000000e+00,0.000000000000000000e+00,0.000000000000000000e+00,0.000000000000000000e+00
9.998735356330871582e+01,0.000000000000000000e+00,0.000000000000000000e+00,0.000000000000000000e+00,0.000000000000000000e+00,0.000000000000000000e+00,0.000000000000000000e+00
1.000074286460876465e+02,0.000000000000000000e+00,0.000000000000000000e+00,0.000000000000000000e+00,0.000000000000000000e+00,0.000000000000000000e+00,0.000000000000000000e+00
1.000275156497955322e+02,0.000000000000000000e+00,0.000000000000000000e+00,0.000000000000000000e+00,0.000000000000000000e+00,0.000000000000000000e+00,0.000000000000000000e+00
1.000475900173187256e+02,0.000000000000000000e+00,0.000000000000000000e+00,0.000000000000000000e+00,0.000000000000000000e+00,0.000000000000000000e+00,0.000000000000000000e+00
1.000678083896636963e+02,0.000000000000000000e+00,0.000000000000000000e+00,0.000000000000000000e+00,0.000000000000000000e+00,0.000000000000000000e+00,0.000000000000000000e+00
1.000878283977508545e+02,0.000000000000000000e+00,0.000000000000000000e+00,0.000000000000000000e+00,0.000000000000000000e+00,0.000000000000000000e+00,0.000000000000000000e+00
1.001096971035003662e+02,0.000000000000000000e+00,0.000000000000000000e+00,0.000000000000000000e+00,0.000000000000000000e+00,0.000000000000000000e+00,0.000000000000000000e+00
1.001293735504150391e+02,0.000000000000000000e+00,0.000000000000000000e+00,0.000000000000000000e+00,0.000000000000000000e+00,0.000000000000000000e+00,0.000000000000000000e+00
1.001495883464813232e+02,0.000000000000000000e+00,0.000000000000000000e+00,0.000000000000000000e+00,0.000000000000000000e+00,0.000000000000000000e+00,0.000000000000000000e+00
1.001695334911346436e+02,0.000000000000000000e+00,0.000000000000000000e+00,0.000000000000000000e+00,0.000000000000000000e+00,0.000000000000000000e+00,0.000000000000000000e+00
1.001892478466033936e+02,0.000000000000000000e+00,0.000000000000000000e+00,0.000000000000000000e+00,0.000000000000000000e+00,0.000000000000000000e+00,0.000000000000000000e+00
1.002096395492553711e+02,0.000000000000000000e+00,0.000000000000000000e+00,0.000000000000000000e+00,0.000000000000000000e+00,0.000000000000000000e+00,0.000000000000000000e+00
1.002300009727478027e+02,0.000000000000000000e+00,0.000000000000000000e+00,0.000000000000000000e+00,0.000000000000000000e+00,0.000000000000000000e+00,0.000000000000000000e+00
1.002500488758087158e+02,0.000000000000000000e+00,0.000000000000000000e+00,0.000000000000000000e+00,0.000000000000000000e+00,0.000000000000000000e+00,0.000000000000000000e+00
1.002700116634368896e+02,0.000000000000000000e+00,0.000000000000000000e+00,0.000000000000000000e+00,0.000000000000000000e+00,0.000000000000000000e+00,0.000000000000000000e+00
1.002905421257019043e+02,0.000000000000000000e+00,0.000000000000000000e+00,0.000000000000000000e+00,0.000000000000000000e+00,0.000000000000000000e+00,0.000000000000000000e+00
1.003107852935791016e+02,0.000000000000000000e+00,0.000000000000000000e+00,0.000000000000000000e+00,0.000000000000000000e+00,0.000000000000000000e+00,0.000000000000000000e+00
1.003308751583099365e+02,0.000000000000000000e+00,0.000000000000000000e+00,0.000000000000000000e+00,0.000000000000000000e+00,0.000000000000000000e+00,0.000000000000000000e+00
1.003509750366210938e+02,0.000000000000000000e+00,0.000000000000000000e+00,0.000000000000000000e+00,0.000000000000000000e+00,0.000000000000000000e+00,0.000000000000000000e+00
1.003710756301879883e+02,0.000000000000000000e+00,0.000000000000000000e+00,0.000000000000000000e+00,0.000000000000000000e+00,0.000000000000000000e+00,0.000000000000000000e+00
1.003914229869842529e+02,0.000000000000000000e+00,0.000000000000000000e+00,0.000000000000000000e+00,0.000000000000000000e+00,0.000000000000000000e+00,0.000000000000000000e+00
1.004112870693206787e+02,0.000000000000000000e+00,0.000000000000000000e+00,0.000000000000000000e+00,0.000000000000000000e+00,0.000000000000000000e+00,0.000000000000000000e+00
1.004314792156219482e+02,0.000000000000000000e+00,0.000000000000000000e+00,0.000000000000000000e+00,0.000000000000000000e+00,0.000000000000000000e+00,0.000000000000000000e+00
1.004515051841735840e+02,0.000000000000000000e+00,0.000000000000000000e+00,0.000000000000000000e+00,0.000000000000000000e+00,0.000000000000000000e+00,0.000000000000000000e+00
1.004717001914978027e+02,0.000000000000000000e+00,0.000000000000000000e+00,0.000000000000000000e+00,0.000000000000000000e+00,0.000000000000000000e+00,0.000000000000000000e+00
1.004918451309204102e+02,0.000000000000000000e+00,0.000000000000000000e+00,0.000000000000000000e+00,0.000000000000000000e+00,0.000000000000000000e+00,0.000000000000000000e+00
1.005118396282196045e+02,0.000000000000000000e+00,0.000000000000000000e+00,0.000000000000000000e+00,0.000000000000000000e+00,0.000000000000000000e+00,0.000000000000000000e+00
1.005319602489471436e+02,0.000000000000000000e+00,0.000000000000000000e+00,0.000000000000000000e+00,0.000000000000000000e+00,0.000000000000000000e+00,0.000000000000000000e+00
1.005521016120910645e+02,0.000000000000000000e+00,0.000000000000000000e+00,0.000000000000000000e+00,0.000000000000000000e+00,0.000000000000000000e+00,0.000000000000000000e+00
1.005721130371093750e+02,0.000000000000000000e+00,0.000000000000000000e+00,0.000000000000000000e+00,0.000000000000000000e+00,0.000000000000000000e+00,0.000000000000000000e+00
1.005918209552764893e+02,0.000000000000000000e+00,0.000000000000000000e+00,0.000000000000000000e+00,0.000000000000000000e+00,0.000000000000000000e+00,0.000000000000000000e+00
1.006119470596313477e+02,0.000000000000000000e+00,0.000000000000000000e+00,0.000000000000000000e+00,0.000000000000000000e+00,0.000000000000000000e+00,0.000000000000000000e+00
1.006320652961730957e+02,0.000000000000000000e+00,0.000000000000000000e+00,0.000000000000000000e+00,0.000000000000000000e+00,0.000000000000000000e+00,0.000000000000000000e+00
1.006521782875061035e+02,0.000000000000000000e+00,0.000000000000000000e+00,0.000000000000000000e+00,0.000000000000000000e+00,0.000000000000000000e+00,0.000000000000000000e+00
1.006723282337188721e+02,0.000000000000000000e+00,0.000000000000000000e+00,0.000000000000000000e+00,0.000000000000000000e+00,0.000000000000000000e+00,0.000000000000000000e+00
1.006924118995666504e+02,0.000000000000000000e+00,0.000000000000000000e+00,0.000000000000000000e+00,0.000000000000000000e+00,0.000000000000000000e+00,0.000000000000000000e+00
1.007125320434570312e+02,0.000000000000000000e+00,0.000000000000000000e+00,0.000000000000000000e+00,0.000000000000000000e+00,0.000000000000000000e+00,0.000000000000000000e+00
1.007326536178588867e+02,0.000000000000000000e+00,0.000000000000000000e+00,0.000000000000000000e+00,0.000000000000000000e+00,0.000000000000000000e+00,0.000000000000000000e+00
1.007538504600524902e+02,0.000000000000000000e+00,0.000000000000000000e+00,0.000000000000000000e+00,0.000000000000000000e+00,0.000000000000000000e+00,0.000000000000000000e+00
1.007735583782196045e+02,0.000000000000000000e+00,0.000000000000000000e+00,0.000000000000000000e+00,0.000000000000000000e+00,0.000000000000000000e+00,0.000000000000000000e+00
1.007935316562652588e+02,0.000000000000000000e+00,0.000000000000000000e+00,0.000000000000000000e+00,0.000000000000000000e+00,0.000000000000000000e+00,0.000000000000000000e+00
1.008140072822570801e+02,0.000000000000000000e+00,0.000000000000000000e+00,0.000000000000000000e+00,0.000000000000000000e+00,0.000000000000000000e+00,0.000000000000000000e+00
1.008342027664184570e+02,0.000000000000000000e+00,0.000000000000000000e+00,0.000000000000000000e+00,0.000000000000000000e+00,0.000000000000000000e+00,0.000000000000000000e+00
1.008544015884399414e+02,0.000000000000000000e+00,0.000000000000000000e+00,0.000000000000000000e+00,0.000000000000000000e+00,0.000000000000000000e+00,0.000000000000000000e+00
1.008743343353271484e+02,0.000000000000000000e+00,0.000000000000000000e+00,0.000000000000000000e+00,0.000000000000000000e+00,0.000000000000000000e+00,0.000000000000000000e+00
1.008944499492645264e+02,0.000000000000000000e+00,0.000000000000000000e+00,0.000000000000000000e+00,0.000000000000000000e+00,0.000000000000000000e+00,0.000000000000000000e+00
1.009135675430297852e+02,0.000000000000000000e+00,0.000000000000000000e+00,0.000000000000000000e+00,0.000000000000000000e+00,0.000000000000000000e+00,0.000000000000000000e+00
1.009339799880981445e+02,0.000000000000000000e+00,0.000000000000000000e+00,0.000000000000000000e+00,0.000000000000000000e+00,0.000000000000000000e+00,0.000000000000000000e+00
1.009539945125579834e+02,0.000000000000000000e+00,0.000000000000000000e+00,0.000000000000000000e+00,0.000000000000000000e+00,0.000000000000000000e+00,0.000000000000000000e+00
1.009934182167053223e+02,0.000000000000000000e+00,0.000000000000000000e+00,0.000000000000000000e+00,0.000000000000000000e+00,0.000000000000000000e+00,0.000000000000000000e+00
1.009950821399688721e+02,0.000000000000000000e+00,0.000000000000000000e+00,0.000000000000000000e+00,0.000000000000000000e+00,0.000000000000000000e+00,0.000000000000000000e+00
1.010151820182800293e+02,0.000000000000000000e+00,0.000000000000000000e+00,0.000000000000000000e+00,0.000000000000000000e+00,0.000000000000000000e+00,0.000000000000000000e+00
1.010354018211364746e+02,0.000000000000000000e+00,0.000000000000000000e+00,0.000000000000000000e+00,0.000000000000000000e+00,0.000000000000000000e+00,0.000000000000000000e+00
1.010554761886596680e+02,0.000000000000000000e+00,0.000000000000000000e+00,0.000000000000000000e+00,0.000000000000000000e+00,0.000000000000000000e+00,0.000000000000000000e+00
1.010755352973937988e+02,0.000000000000000000e+00,0.000000000000000000e+00,0.000000000000000000e+00,0.000000000000000000e+00,0.000000000000000000e+00,0.000000000000000000e+00
1.010956187248229980e+02,0.000000000000000000e+00,0.000000000000000000e+00,0.000000000000000000e+00,0.000000000000000000e+00,0.000000000000000000e+00,0.000000000000000000e+00
1.011157641410827637e+02,0.000000000000000000e+00,0.000000000000000000e+00,0.000000000000000000e+00,0.000000000000000000e+00,0.000000000000000000e+00,0.000000000000000000e+00
1.011359124183654785e+02,0.000000000000000000e+00,0.000000000000000000e+00,0.000000000000000000e+00,0.000000000000000000e+00,0.000000000000000000e+00,0.000000000000000000e+00
1.011559255123138428e+02,0.000000000000000000e+00,0.000000000000000000e+00,0.000000000000000000e+00,0.000000000000000000e+00,0.000000000000000000e+00,0.000000000000000000e+00
1.011760487556457520e+02,0.000000000000000000e+00,0.000000000000000000e+00,0.000000000000000000e+00,0.000000000000000000e+00,0.000000000000000000e+00,0.000000000000000000e+00
1.011959898471832275e+02,0.000000000000000000e+00,0.000000000000000000e+00,0.000000000000000000e+00,0.000000000000000000e+00,0.000000000000000000e+00,0.000000000000000000e+00
1.012161040306091309e+02,0.000000000000000000e+00,0.000000000000000000e+00,0.000000000000000000e+00,0.000000000000000000e+00,0.000000000000000000e+00,0.000000000000000000e+00
1.012362689971923828e+02,0.000000000000000000e+00,0.000000000000000000e+00,0.000000000000000000e+00,0.000000000000000000e+00,0.000000000000000000e+00,0.000000000000000000e+00
1.012562708854675293e+02,0.000000000000000000e+00,0.000000000000000000e+00,0.000000000000000000e+00,0.000000000000000000e+00,0.000000000000000000e+00,0.000000000000000000e+00
1.012762997150421143e+02,0.000000000000000000e+00,0.000000000000000000e+00,0.000000000000000000e+00,0.000000000000000000e+00,0.000000000000000000e+00,0.000000000000000000e+00
1.012963817119598389e+02,0.000000000000000000e+00,0.000000000000000000e+00,0.000000000000000000e+00,0.000000000000000000e+00,0.000000000000000000e+00,0.000000000000000000e+00
1.013165996074676514e+02,0.000000000000000000e+00,0.000000000000000000e+00,0.000000000000000000e+00,0.000000000000000000e+00,0.000000000000000000e+00,0.000000000000000000e+00
1.013365824222564697e+02,0.000000000000000000e+00,0.000000000000000000e+00,0.000000000000000000e+00,0.000000000000000000e+00,0.000000000000000000e+00,0.000000000000000000e+00
1.013566858768463135e+02,0.000000000000000000e+00,0.000000000000000000e+00,0.000000000000000000e+00,0.000000000000000000e+00,0.000000000000000000e+00,0.000000000000000000e+00
1.013771481513977051e+02,0.000000000000000000e+00,0.000000000000000000e+00,0.000000000000000000e+00,0.000000000000000000e+00,0.000000000000000000e+00,0.000000000000000000e+00
1.013969955444335938e+02,0.000000000000000000e+00,0.000000000000000000e+00,0.000000000000000000e+00,0.000000000000000000e+00,0.000000000000000000e+00,0.000000000000000000e+00
1.014173970222473145e+02,0.000000000000000000e+00,0.000000000000000000e+00,0.000000000000000000e+00,0.000000000000000000e+00,0.000000000000000000e+00,0.000000000000000000e+00
1.014372892379760742e+02,0.000000000000000000e+00,0.000000000000000000e+00,0.000000000000000000e+00,0.000000000000000000e+00,0.000000000000000000e+00,0.000000000000000000e+00
1.014574222564697266e+02,0.000000000000000000e+00,0.000000000000000000e+00,0.000000000000000000e+00,0.000000000000000000e+00,0.000000000000000000e+00,0.000000000000000000e+00
1.014777026176452637e+02,0.000000000000000000e+00,0.000000000000000000e+00,0.000000000000000000e+00,0.000000000000000000e+00,0.000000000000000000e+00,0.000000000000000000e+00
1.014976270198822021e+02,0.000000000000000000e+00,0.000000000000000000e+00,0.000000000000000000e+00,0.000000000000000000e+00,0.000000000000000000e+00,0.000000000000000000e+00
1.015176556110382080e+02,0.000000000000000000e+00,0.000000000000000000e+00,0.000000000000000000e+00,0.000000000000000000e+00,0.000000000000000000e+00,0.000000000000000000e+00
1.015378952026367188e+02,0.000000000000000000e+00,0.000000000000000000e+00,0.000000000000000000e+00,0.000000000000000000e+00,0.000000000000000000e+00,0.000000000000000000e+00
1.015579657554626465e+02,0.000000000000000000e+00,0.000000000000000000e+00,0.000000000000000000e+00,0.000000000000000000e+00,0.000000000000000000e+00,0.000000000000000000e+00
1.015780577659606934e+02,0.000000000000000000e+00,0.000000000000000000e+00,0.000000000000000000e+00,0.000000000000000000e+00,0.000000000000000000e+00,0.000000000000000000e+00
1.015980191230773926e+02,0.000000000000000000e+00,0.000000000000000000e+00,0.000000000000000000e+00,0.000000000000000000e+00,0.000000000000000000e+00,0.000000000000000000e+00
1.016183078289031982e+02,0.000000000000000000e+00,0.000000000000000000e+00,0.000000000000000000e+00,0.000000000000000000e+00,0.000000000000000000e+00,0.000000000000000000e+00
1.016383676528930664e+02,0.000000000000000000e+00,0.000000000000000000e+00,0.000000000000000000e+00,0.000000000000000000e+00,0.000000000000000000e+00,0.000000000000000000e+00
1.016584122180938721e+02,0.000000000000000000e+00,0.000000000000000000e+00,0.000000000000000000e+00,0.000000000000000000e+00,0.000000000000000000e+00,0.000000000000000000e+00
1.016784431934356689e+02,0.000000000000000000e+00,0.000000000000000000e+00,0.000000000000000000e+00,0.000000000000000000e+00,0.000000000000000000e+00,0.000000000000000000e+00
1.016985783576965332e+02,0.000000000000000000e+00,0.000000000000000000e+00,0.000000000000000000e+00,0.000000000000000000e+00,0.000000000000000000e+00,0.000000000000000000e+00
1.017186915874481201e+02,0.000000000000000000e+00,0.000000000000000000e+00,0.000000000000000000e+00,0.000000000000000000e+00,0.000000000000000000e+00,0.000000000000000000e+00
1.017386941909790039e+02,0.000000000000000000e+00,0.000000000000000000e+00,0.000000000000000000e+00,0.000000000000000000e+00,0.000000000000000000e+00,0.000000000000000000e+00
1.017589700222015381e+02,0.000000000000000000e+00,0.000000000000000000e+00,0.000000000000000000e+00,0.000000000000000000e+00,0.000000000000000000e+00,0.000000000000000000e+00
1.017791261672973633e+02,0.000000000000000000e+00,0.000000000000000000e+00,0.000000000000000000e+00,0.000000000000000000e+00,0.000000000000000000e+00,0.000000000000000000e+00
1.017991120815277100e+02,0.000000000000000000e+00,0.000000000000000000e+00,0.000000000000000000e+00,0.000000000000000000e+00,0.000000000000000000e+00,0.000000000000000000e+00
1.018191983699798584e+02,0.000000000000000000e+00,0.000000000000000000e+00,0.000000000000000000e+00,0.000000000000000000e+00,0.000000000000000000e+00,0.000000000000000000e+00
1.018392238616943359e+02,0.000000000000000000e+00,0.000000000000000000e+00,0.000000000000000000e+00,0.000000000000000000e+00,0.000000000000000000e+00,0.000000000000000000e+00
1.018595323562622070e+02,0.000000000000000000e+00,0.000000000000000000e+00,0.000000000000000000e+00,0.000000000000000000e+00,0.000000000000000000e+00,0.000000000000000000e+00
1.018793759346008301e+02,0.000000000000000000e+00,0.000000000000000000e+00,0.000000000000000000e+00,0.000000000000000000e+00,0.000000000000000000e+00,0.000000000000000000e+00
1.018996059894561768e+02,0.000000000000000000e+00,0.000000000000000000e+00,0.000000000000000000e+00,0.000000000000000000e+00,0.000000000000000000e+00,0.000000000000000000e+00
1.019196422100067139e+02,0.000000000000000000e+00,0.000000000000000000e+00,0.000000000000000000e+00,0.000000000000000000e+00,0.000000000000000000e+00,0.000000000000000000e+00
1.019397037029266357e+02,0.000000000000000000e+00,0.000000000000000000e+00,0.000000000000000000e+00,0.000000000000000000e+00,0.000000000000000000e+00,0.000000000000000000e+00
1.019599437713623047e+02,0.000000000000000000e+00,0.000000000000000000e+00,0.000000000000000000e+00,0.000000000000000000e+00,0.000000000000000000e+00,0.000000000000000000e+00
1.019799408912658691e+02,0.000000000000000000e+00,0.000000000000000000e+00,0.000000000000000000e+00,0.000000000000000000e+00,0.000000000000000000e+00,0.000000000000000000e+00
1.019999678134918213e+02,0.000000000000000000e+00,0.000000000000000000e+00,0.000000000000000000e+00,0.000000000000000000e+00,0.000000000000000000e+00,0.000000000000000000e+00
1.020201013088226318e+02,0.000000000000000000e+00,0.000000000000000000e+00,0.000000000000000000e+00,0.000000000000000000e+00,0.000000000000000000e+00,0.000000000000000000e+00
1.020404844284057617e+02,0.000000000000000000e+00,0.000000000000000000e+00,0.000000000000000000e+00,0.000000000000000000e+00,0.000000000000000000e+00,0.000000000000000000e+00
1.020604424476623535e+02,0.000000000000000000e+00,0.000000000000000000e+00,0.000000000000000000e+00,0.000000000000000000e+00,0.000000000000000000e+00,0.000000000000000000e+00
1.020804562568664551e+02,0.000000000000000000e+00,0.000000000000000000e+00,0.000000000000000000e+00,0.000000000000000000e+00,0.000000000000000000e+00,0.000000000000000000e+00
1.021009619235992432e+02,0.000000000000000000e+00,0.000000000000000000e+00,0.000000000000000000e+00,0.000000000000000000e+00,0.000000000000000000e+00,0.000000000000000000e+00
1.021209659576416016e+02,0.000000000000000000e+00,0.000000000000000000e+00,0.000000000000000000e+00,0.000000000000000000e+00,0.000000000000000000e+00,0.000000000000000000e+00
1.021411488056182861e+02,0.000000000000000000e+00,0.000000000000000000e+00,0.000000000000000000e+00,0.000000000000000000e+00,0.000000000000000000e+00,0.000000000000000000e+00
1.021608769893646240e+02,0.000000000000000000e+00,0.000000000000000000e+00,0.000000000000000000e+00,0.000000000000000000e+00,0.000000000000000000e+00,0.000000000000000000e+00
1.021810045242309570e+02,0.000000000000000000e+00,0.000000000000000000e+00,0.000000000000000000e+00,0.000000000000000000e+00,0.000000000000000000e+00,0.000000000000000000e+00
1.022011778354644775e+02,0.000000000000000000e+00,0.000000000000000000e+00,0.000000000000000000e+00,0.000000000000000000e+00,0.000000000000000000e+00,0.000000000000000000e+00
1.022213194370269775e+02,0.000000000000000000e+00,0.000000000000000000e+00,0.000000000000000000e+00,0.000000000000000000e+00,0.000000000000000000e+00,0.000000000000000000e+00
1.022414455413818359e+02,0.000000000000000000e+00,0.000000000000000000e+00,0.000000000000000000e+00,0.000000000000000000e+00,0.000000000000000000e+00,0.000000000000000000e+00
